date,avg_daily_rating,rating_count,review_ratio,estimated_ai_ratio,album_id
2020-01-01,3.3375157794658463,15,0.4,0.0,1001
2020-01-02,3.32932317361819,10,0.2817456165934505,0.0,1001
2020-01-03,3.2938881949346204,7,0.2061887709461802,0.0,1001
2020-01-04,3.2510884293938513,13,0.39166998655548707,0.0,1001
2020-01-05,3.3126350985403428,15,0.3489366070925672,0.0,1001
2020-01-06,3.305777308620505,13,0.29346368411030277,0.0,1001
2020-01-07,3.3466033404488056,8,0.22717804358782398,0.0,1001
2020-01-08,3.3032106535980654,12,0.4,0.0,1001
2020-01-09,3.28706352287174,7,0.25410587623821834,0.0,1001
2020-01-10,3.311983712179815,8,0.4,0.0,1001
2020-01-11,3.2575149595449906,8,0.4,0.0,1001
2020-01-12,3.178432572104469,13,0.24005630552170923,0.0,1001
2020-01-13,3.264011966752467,5,0.18568136511186645,0.0,1001
2020-01-14,3.3122334342593835,8,0.18897773422703482,0.0,1001
2020-01-15,3.273751632605037,7,0.15334650541536718,0.0,1001
2020-01-16,3.2882445425795925,9,0.28369912519544016,0.0,1001
2020-01-17,3.2870300369748753,6,0.3058757683535948,0.0,1001
2020-01-18,3.3354366775827966,14,0.21959426732661894,0.0,1001
2020-01-19,3.318579620807265,14,0.37412678804819727,0.0,1001
2020-01-20,3.250685242271378,6,0.4,0.0,1001
2020-01-21,3.283816950250318,8,0.16858749345420396,0.0,1001
2020-01-22,3.302073626817586,4,0.283698736482229,0.0,1001
2020-01-23,3.302264748216254,4,0.29354561202502316,0.0,1001
2020-01-24,3.249599253169815,5,0.273523876402541,0.0,1001
2020-01-25,3.360075983861739,15,0.29614225195337696,0.0,1001
2020-01-26,3.2909581940630193,6,0.14485755118247137,0.0,1001
2020-01-27,3.326380325744463,7,0.4,0.0,1001
2020-01-28,3.2578778022534647,7,0.26788864801403606,0.0,1001
2020-01-29,3.356651540936082,4,0.3937137982681676,0.0,1001
2020-01-30,3.2628849441183068,10,0.4,0.0,1001
2020-01-31,3.313596987669304,9,0.17065978329935225,0.0,1001
2020-02-01,3.306530719878965,9,0.3340783114246538,0.0,1001
2020-02-02,3.3151777118095214,12,0.2452901115660064,0.0,1001
2020-02-03,3.4210469257829415,7,0.2525886358565283,0.0,1001
2020-02-04,3.2794720043082797,8,0.35840702752112774,0.0,1001
2020-02-05,3.331154286675792,10,0.22188185320351353,0.0,1001
2020-02-06,3.2292733841027985,5,0.300247968779008,0.0,1001
2020-02-07,3.2618954908341613,6,0.17400524252387706,0.0,1001
2020-02-08,3.406615227713569,14,0.3382975810011349,0.0,1001
2020-02-09,3.2621194858555858,13,0.2465064573344546,0.0,1001
2020-02-10,3.2542412654813337,12,0.4,0.0,1001
2020-02-11,3.2625792829162807,7,0.2280154084820761,0.0,1001
2020-02-12,3.286298386858714,3,0.3178739231959368,0.0,1001
2020-02-13,3.277953361872855,5,0.2768510826454655,0.0,1001
2020-02-14,3.338202381991237,10,0.33981813114290016,0.0,1001
2020-02-15,3.3884393629349328,13,0.23016638705197295,0.0,1001
2020-02-16,3.408375723828108,17,0.33271659894484906,0.0,1001
2020-02-17,3.250205403706275,7,0.15686850101293304,0.0,1001
2020-02-18,3.1921552556596273,3,0.3489857887624202,0.0,1001
2020-02-19,3.2887545534075695,7,0.3830323016902061,0.0,1001
2020-02-20,3.1858327827687734,5,0.3099400615376339,0.0,1001
2020-02-21,3.280452923475885,7,0.291659732144349,0.0,1001
2020-02-22,3.371478119877391,14,0.2317364215983119,0.0,1001
2020-02-23,3.3112786748614287,12,0.35727972836483624,0.0,1001
2020-02-24,3.322809631870715,9,0.3264716767734676,0.0,1001
2020-02-25,3.3101086248494034,8,0.3875528511881818,0.0,1001
2020-02-26,3.3599325736566588,7,0.3270815502459575,0.0,1001
2020-02-27,3.289428120236095,6,0.32418619087328027,0.0,1001
2020-02-28,3.2883055903948017,10,0.21978359086079532,0.0,1001
2020-02-29,3.2819912567774536,14,0.1,0.0,1001
2020-03-01,3.3251704027908224,10,0.4,0.0,1001
2020-03-02,3.3231324948122816,9,0.24179499746952238,0.0,1001
2020-03-03,3.246928505030528,6,0.4,0.0,1001
2020-03-04,3.3132668082677577,11,0.29626538534920477,0.0,1001
2020-03-05,3.3397029232263558,9,0.3988905911628314,0.0,1001
2020-03-06,3.2878542144187444,10,0.2127663024233201,0.0,1001
2020-03-07,3.245024650667575,16,0.15189280337319275,0.0,1001
2020-03-08,3.288134096446672,11,0.32086926615498723,0.0,1001
2020-03-09,3.318690927938192,10,0.2648350500233018,0.0,1001
2020-03-10,3.295109687202292,5,0.2251467121323201,0.0,1001
2020-03-11,3.302923971152915,7,0.19967202471739684,0.0,1001
2020-03-12,3.305459386315268,8,0.2562919428196691,0.0,1001
2020-03-13,3.26292009967368,13,0.3702178729291049,0.0,1001
2020-03-14,3.2341590691686246,14,0.4,0.0,1001
2020-03-15,3.3426588079142006,9,0.2915455609041734,0.0,1001
2020-03-16,3.3283232762393102,9,0.2578989988313521,0.0,1001
2020-03-17,3.257625140214491,13,0.4,0.0,1001
2020-03-18,3.2689786896873274,5,0.2261857587137467,0.0,1001
2020-03-19,3.354644377892045,6,0.2958635331424723,0.0,1001
2020-03-20,3.247790548656507,6,0.33647465779080754,0.0,1001
2020-03-21,3.227938333331799,16,0.2637673675961534,0.0,1001
2020-03-22,3.3968051400151253,15,0.27906008594658616,0.0,1001
2020-03-23,3.3090064721902905,11,0.36977136940437005,0.0,1001
2020-03-24,3.3536984770718865,6,0.22697408422109647,0.0,1001
2020-03-25,3.297757190559234,9,0.287644884961752,0.0,1001
2020-03-26,3.263408158384887,7,0.22540870296791848,0.0,1001
2020-03-27,3.25846098350032,6,0.25510716292618,0.0,1001
2020-03-28,3.3035597809369746,16,0.378530042910139,0.0,1001
2020-03-29,3.2394248054446053,13,0.31514126513912044,0.0,1001
2020-03-30,3.2959216939784706,7,0.2661753769204039,0.0,1001
2020-03-31,3.309643934451261,7,0.19366181869101365,0.0,1001
2020-04-01,3.250565663496809,9,0.24379163304242782,0.0,1001
2020-04-02,3.293244460183476,8,0.23188432454080854,0.0,1001
2020-04-03,3.2148426762226276,8,0.3467168533423257,0.0,1001
2020-04-04,3.299018051875248,11,0.21550397623549988,0.0,1001
2020-04-05,3.223758600835804,13,0.225372442167412,0.0,1001
2020-04-06,3.2763222339345806,7,0.2135067762968177,0.0,1001
2020-04-07,3.3237017165287157,4,0.12392755594526506,0.0,1001
2020-04-08,3.347342662675757,9,0.3434459294208211,0.0,1001
2020-04-09,3.3079965788362946,12,0.38419096767465705,0.0,1001
2020-04-10,3.22893111283625,9,0.2759827781776739,0.0,1001
2020-04-11,3.3640493839586307,6,0.4,0.0,1001
2020-04-12,3.277252137608803,16,0.4,0.0,1001
2020-04-13,3.3287357363557994,8,0.27694553795190513,0.0,1001
2020-04-14,3.3048498088569116,4,0.301903194636583,0.0,1001
2020-04-15,3.2514530388461798,9,0.3899480619133625,0.0,1001
2020-04-16,3.3031537836752474,9,0.29196513733936746,0.0,1001
2020-04-17,3.3077912534820104,9,0.1860615192446336,0.0,1001
2020-04-18,3.3324859415702823,14,0.33895274864660235,0.0,1001
2020-04-19,3.2591598367084815,14,0.39779681093129154,0.0,1001
2020-04-20,3.3152765504378205,5,0.19830916961318312,0.0,1001
2020-04-21,3.230612321914987,11,0.4,0.0,1001
2020-04-22,3.318236456864635,8,0.1937587461930032,0.0,1001
2020-04-23,3.3376360652430495,10,0.4,0.0,1001
2020-04-24,3.3183023898749586,6,0.21203191499440885,0.0,1001
2020-04-25,3.2081070424024265,10,0.10859022727879555,0.0,1001
2020-04-26,3.346605976262767,7,0.2921740203700373,0.0,1001
2020-04-27,3.3227775173702385,11,0.28371060465890746,0.0,1001
2020-04-28,3.3365328302906057,7,0.3590702492207957,0.0,1001
2020-04-29,3.234435238247824,10,0.27749702793687475,0.0,1001
2020-04-30,3.2613891647111535,8,0.13092890110750874,0.0,1001
2020-05-01,3.2891045740841887,9,0.2831188395138267,0.0,1001
2020-05-02,3.329209747208801,9,0.2448410674388058,0.0,1001
2020-05-03,3.2300787399642075,16,0.4,0.0,1001
2020-05-04,3.2350784015451737,10,0.33648656016149553,0.0,1001
2020-05-05,3.252460802729891,8,0.23013810033530635,0.0,1001
2020-05-06,3.3750287322177477,5,0.4,0.0,1001
2020-05-07,3.2999735243247064,10,0.4,0.0,1001
2020-05-08,3.3059019416828535,7,0.24860408137641132,0.0,1001
2020-05-09,3.3042883221973915,16,0.4,0.0,1001
2020-05-10,3.279982281545476,15,0.23370222858668002,0.0,1001
2020-05-11,3.304639493132052,5,0.26676628670011043,0.0,1001
2020-05-12,3.317581299951167,9,0.2460925282187321,0.0,1001
2020-05-13,3.2547599958130635,8,0.3966034205456016,0.0,1001
2020-05-14,3.1943424776273233,11,0.4,0.0,1001
2020-05-15,3.3453503812164995,7,0.29094872097076596,0.0,1001
2020-05-16,3.3066751611103364,15,0.4,0.0,1001
2020-05-17,3.318940480267897,11,0.4,0.0,1001
2020-05-18,3.2587862629824573,8,0.31061657913182783,0.0,1001
2020-05-19,3.345413384499498,14,0.33352548873834126,0.0,1001
2020-05-20,3.2828049704610374,8,0.4,0.0,1001
2020-05-21,3.345335971477009,10,0.3256894982059781,0.0,1001
2020-05-22,3.3199130127135046,6,0.4,0.0,1001
2020-05-23,3.211510174493944,3,0.23789610374721812,0.0,1001
2020-05-24,3.3338453132448906,13,0.15663984567090058,0.0,1001
2020-05-25,3.298069795206155,12,0.284449541689344,0.0,1001
2020-05-26,3.2911209965099135,7,0.33318552455415695,0.0,1001
2020-05-27,3.236415172285015,12,0.22756549895304581,0.0,1001
2020-05-28,3.327543220284612,9,0.3699753989609059,0.0,1001
2020-05-29,3.2522557694346257,7,0.30972003679886206,0.0,1001
2020-05-30,3.2370483729673385,15,0.13060972462855988,0.0,1001
2020-05-31,3.2705240049867226,14,0.3284862911635487,0.0,1001
2020-06-01,3.354525388041121,2,0.38435132819270146,0.0,1001
2020-06-02,3.3270992087502798,9,0.37968070581585894,0.0,1001
2020-06-03,3.3228762271640444,6,0.36488750728477853,0.0,1001
2020-06-04,3.325158593875456,4,0.24613869992601103,0.0,1001
2020-06-05,3.401518172050155,9,0.38931577258232325,0.0,1001
2020-06-06,3.3213241202115142,18,0.19880915949309283,0.0,1001
2020-06-07,3.285220400839117,17,0.16452323683627207,0.0,1001
2020-06-08,3.320492148913313,4,0.39493568753658786,0.0,1001
2020-06-09,3.283998112272914,9,0.4,0.0,1001
2020-06-10,3.3399465543529616,9,0.2498314359554103,0.0,1001
2020-06-11,3.2955110375164396,4,0.281080175123306,0.0,1001
2020-06-12,3.366726245154598,8,0.3322115870954557,0.0,1001
2020-06-13,3.255335530769587,9,0.29709392194202544,0.0,1001
2020-06-14,3.2890616856105304,13,0.22189751078379585,0.0,1001
2020-06-15,3.251002225150769,8,0.1560272978374663,0.0,1001
2020-06-16,3.287545786958149,7,0.20991906838347826,0.0,1001
2020-06-17,3.2876345747196223,7,0.3843643787916625,0.0,1001
2020-06-18,3.2359793493526516,8,0.28442985572446816,0.0,1001
2020-06-19,3.2659908814232326,11,0.19810449908958264,0.0,1001
2020-06-20,3.255077057021128,17,0.4,0.0,1001
2020-06-21,3.334440394227473,12,0.2073766982983538,0.0,1001
2020-06-22,3.213867056554705,4,0.2804589926131644,0.0,1001
2020-06-23,3.2824308470442283,9,0.12490737739281042,0.0,1001
2020-06-24,3.31224053315607,6,0.23086987475884863,0.0,1001
2020-06-25,3.204387867224058,3,0.4,0.0,1001
2020-06-26,3.2961673540076597,10,0.3342002494458613,0.0,1001
2020-06-27,3.32175026889017,15,0.4,0.0,1001
2020-06-28,3.300475486688156,10,0.253427569862614,0.0,1001
2020-06-29,3.221933170324886,11,0.3704643813025384,0.0,1001
2020-06-30,3.334565346504638,7,0.2618872126886804,0.0,1001
2020-07-01,3.349645833010096,5,0.2395148223844345,0.0,1001
2020-07-02,3.362036516265476,5,0.398199479686021,0.0,1001
2020-07-03,3.2249697441589382,8,0.2188022619585298,0.0,1001
2020-07-04,3.381586021805438,8,0.2330230084989042,0.0,1001
2020-07-05,3.2568599696411797,15,0.17934392189465723,0.0,1001
2020-07-06,3.27248891242816,3,0.30795273938060347,0.0,1001
2020-07-07,3.2708118987389585,13,0.3707235576193128,0.0,1001
2020-07-08,3.3308647040330777,10,0.18634227952059562,0.0,1001
2020-07-09,3.266977590969624,9,0.1,0.0,1001
2020-07-10,3.3565872405302994,6,0.24265868417079733,0.0,1001
2020-07-11,3.2229311198768116,15,0.2666272342280588,0.0,1001
2020-07-12,3.241136671979286,10,0.3900412602753408,0.0,1001
2020-07-13,3.3029360246122264,9,0.17129596114849532,0.0,1001
2020-07-14,3.339620641110593,10,0.3380734680064072,0.0,1001
2020-07-15,3.315025523841256,5,0.24232362338450072,0.0,1001
2020-07-16,3.4143987187367344,6,0.18802291999486528,0.0,1001
2020-07-17,3.342685637356388,3,0.2136299494213895,0.0,1001
2020-07-18,3.2591024962364092,13,0.1914536627119519,0.0,1001
2020-07-19,3.258571998242977,13,0.23825321273417685,0.0,1001
2020-07-20,3.2890089705383008,8,0.2875172067332959,0.0,1001
2020-07-21,3.3141879502176232,7,0.2724925240791777,0.0,1001
2020-07-22,3.395257463602441,8,0.12512712179496,0.0,1001
2020-07-23,3.3522742462756185,5,0.2945181386194863,0.0,1001
2020-07-24,3.2090960308199263,10,0.303523407535176,0.0,1001
2020-07-25,3.3646311205169672,21,0.4,0.0,1001
2020-07-26,3.1651054061029686,10,0.25937199341781647,0.0,1001
2020-07-27,3.304293070958162,6,0.4,0.0,1001
2020-07-28,3.2532273427017677,7,0.2658845676391004,0.0,1001
2020-07-29,3.355038091682894,6,0.1958459426672791,0.0,1001
2020-07-30,3.2948638000643933,6,0.4,0.0,1001
2020-07-31,3.2645253565451107,8,0.4,0.0,1001
2020-08-01,3.3450990647587955,15,0.1875564247251229,0.0,1001
2020-08-02,3.3293836610301173,10,0.2577871986233933,0.0,1001
2020-08-03,3.257205803983183,5,0.3047747007185024,0.0,1001
2020-08-04,3.3652296253729985,9,0.19491086069618885,0.0,1001
2020-08-05,3.314712177863383,6,0.23415136101021225,0.0,1001
2020-08-06,3.3609850228527964,7,0.4,0.0,1001
2020-08-07,3.3052768778602513,14,0.306168584515114,0.0,1001
2020-08-08,3.358728356037357,15,0.4,0.0,1001
2020-08-09,3.2284146158561433,5,0.20013006531595895,0.0,1001
2020-08-10,3.3940264863033867,8,0.4,0.0,1001
2020-08-11,3.3418991355276146,8,0.3655544346870388,0.0,1001
2020-08-12,3.2951599367594926,3,0.1984714307584732,0.0,1001
2020-08-13,3.3532589180811225,8,0.27959346072276126,0.0,1001
2020-08-14,3.3476337792530138,13,0.3312452235974107,0.0,1001
2020-08-15,3.239562914761967,12,0.20567701380950043,0.0,1001
2020-08-16,3.2484721298038424,8,0.2959628138333703,0.0,1001
2020-08-17,3.361660770325973,4,0.10980549998282625,0.0,1001
2020-08-18,3.3582497636964757,4,0.26120331628391125,0.0,1001
2020-08-19,3.3119567431166015,7,0.20791997225329034,0.0,1001
2020-08-20,3.207387535703975,9,0.2692189602792441,0.0,1001
2020-08-21,3.331636405147228,11,0.13761998919714347,0.0,1001
2020-08-22,3.3134415085247735,11,0.2799049247031999,0.0,1001
2020-08-23,3.357398377709411,14,0.4,0.0,1001
2020-08-24,3.2488986568176013,10,0.32750962780956855,0.0,1001
2020-08-25,3.2878723917990844,7,0.37931675205092763,0.0,1001
2020-08-26,3.3160222882392416,4,0.1671452290437536,0.0,1001
2020-08-27,3.3511494095538668,13,0.31909685351349026,0.0,1001
2020-08-28,3.187837736694887,9,0.2856562951610697,0.0,1001
2020-08-29,3.2987871790228387,15,0.4,0.0,1001
2020-08-30,3.2742338385731076,10,0.3269459810707598,0.0,1001
2020-08-31,3.3169035863363634,8,0.14961801917015355,0.0,1001
2020-09-01,3.401814800113042,7,0.2139346650154605,0.0,1001
2020-09-02,3.2742775747517148,11,0.15651342369876114,0.0,1001
2020-09-03,3.204749767092309,7,0.24010483046765727,0.0,1001
2020-09-04,3.2906479613358908,15,0.28758111156465077,0.0,1001
2020-09-05,3.2194369731002332,15,0.22041670452549678,0.0,1001
2020-09-06,3.322620605902399,11,0.264862515491444,0.0,1001
2020-09-07,3.35242282777822,10,0.2381085080438861,0.0,1001
2020-09-08,3.369004634743981,7,0.2317510611685754,0.0,1001
2020-09-09,3.355751481219035,6,0.38897583381597306,0.0,1001
2020-09-10,3.4066455530642665,7,0.4,0.0,1001
2020-09-11,3.277573930357139,13,0.1045574281036995,0.0,1001
2020-09-12,3.314386773588216,15,0.2856587062787928,0.0,1001
2020-09-13,3.4052316299306487,18,0.1853326946369375,0.0,1001
2020-09-14,3.363115565631414,11,0.3337991178556145,0.0,1001
2020-09-15,3.268936299311372,12,0.35939697762000994,0.0,1001
2020-09-16,3.3689721086491016,8,0.4,0.0,1001
2020-09-17,3.338947209588641,6,0.277186470966815,0.0,1001
2020-09-18,3.394109014683651,9,0.33114118522248287,0.0,1001
2020-09-19,3.262442206564947,10,0.3806907942992095,0.0,1001
2020-09-20,3.3365108380980617,17,0.2858584260681711,0.0,1001
2020-09-21,3.3285108422022174,13,0.3306142316743248,0.0,1001
2020-09-22,3.289305965110896,14,0.32771185937287883,0.0,1001
2020-09-23,3.340250374182814,9,0.23199778895230105,0.0,1001
2020-09-24,3.330060792549575,11,0.27999411237976074,0.0,1001
2020-09-25,3.2645355904591002,5,0.37736448116411503,0.0,1001
2020-09-26,3.328989272692809,10,0.25622762836553004,0.0,1001
2020-09-27,3.343503107741323,15,0.3167707772147321,0.0,1001
2020-09-28,3.315189693382448,5,0.3624860763523267,0.0,1001
2020-09-29,3.3952661598727416,5,0.25120382495147003,0.0,1001
2020-09-30,3.370520898430817,9,0.2717294760913359,0.0,1001
2020-10-01,3.3193939728446615,12,0.4,0.0,1001
2020-10-02,3.265168473931688,9,0.36479355559874715,0.0,1001
2020-10-03,3.3402048196082723,12,0.29941259844460105,0.0,1001
2020-10-04,3.2715053279073425,16,0.28828640016000706,0.0,1001
2020-10-05,3.2290844952603215,10,0.4,0.0,1001
2020-10-06,3.3137869906453363,8,0.2934930480537353,0.0,1001
2020-10-07,3.338248918555241,4,0.2818870339755609,0.0,1001
2020-10-08,3.2662849052953358,12,0.4,0.0,1001
2020-10-09,3.2888725391576585,7,0.31841803681225506,0.0,1001
2020-10-10,3.3173392568293587,14,0.4,0.0,1001
2020-10-11,3.2481300447266577,7,0.28877721909955384,0.0,1001
2020-10-12,3.35948550013248,7,0.4,0.0,1001
2020-10-13,3.351064388196873,9,0.17154168594370223,0.0,1001
2020-10-14,3.278148662056994,6,0.4,0.0,1001
2020-10-15,3.283312456938094,10,0.22034294489813896,0.0,1001
2020-10-16,3.3155356600871455,8,0.2959565825899982,0.0,1001
2020-10-17,3.274636488059548,11,0.271448916984772,0.0,1001
2020-10-18,3.2533637513155482,9,0.4,0.0,1001
2020-10-19,3.397894962897792,13,0.23292991046682526,0.0,1001
2020-10-20,3.2476426816855355,9,0.4,0.0,1001
2020-10-21,3.3171593563447885,8,0.1993562434002428,0.0,1001
2020-10-22,3.329709377704614,9,0.3791748476604304,0.0,1001
2020-10-23,3.245903877567617,7,0.25646158758057136,0.0,1001
2020-10-24,3.3126358810588923,14,0.3769348832976697,0.0,1001
2020-10-25,3.4218197319017394,9,0.20940205920266156,0.0,1001
2020-10-26,3.3227227494249534,14,0.1949868719056206,0.0,1001
2020-10-27,3.3633606303288683,10,0.21396116501336324,0.0,1001
2020-10-28,3.228433052588378,11,0.19665106564168433,0.0,1001
2020-10-29,3.2601467424075157,11,0.25449840408060975,0.0,1001
2020-10-30,3.3786592703379634,5,0.37041752237152714,0.0,1001
2020-10-31,3.290191591654149,12,0.27964481623312354,0.0,1001
2020-11-01,3.2813364769122315,7,0.38711832551100744,0.0,1001
2020-11-02,3.269234451318413,11,0.3067453359352346,0.0,1001
2020-11-03,3.3405999256392587,11,0.1987423288997153,0.0,1001
2020-11-04,3.229374979969235,7,0.2718786348214114,0.0,1001
2020-11-05,3.2896994027311584,9,0.18621829340274074,0.0,1001
2020-11-06,3.373402326430803,14,0.2670135947718981,0.0,1001
2020-11-07,3.3345518701389163,17,0.2786898701603131,0.0,1001
2020-11-08,3.3065602972940096,9,0.20189186516526875,0.0,1001
2020-11-09,3.2659665561375077,7,0.14994284542451847,0.0,1001
2020-11-10,3.367149632621531,14,0.39090374702677233,0.0,1001
2020-11-11,3.266304815571535,4,0.2916135405270568,0.0,1001
2020-11-12,3.308574458671476,9,0.3727753654397533,0.0,1001
2020-11-13,3.254793310586489,9,0.3177765495606791,0.0,1001
2020-11-14,3.2268870545949384,8,0.4,0.0,1001
2020-11-15,3.25176397173793,14,0.20361514047345072,0.0,1001
2020-11-16,3.2778764734899997,6,0.32184483426440486,0.0,1001
2020-11-17,3.2945678912977425,9,0.23151477753749672,0.0,1001
2020-11-18,3.2516420741661856,10,0.31212281407769116,0.0,1001
2020-11-19,3.317113271238599,6,0.19999471220233522,0.0,1001
2020-11-20,3.281849249781593,6,0.2543397163678237,0.0,1001
2020-11-21,3.369561641819937,12,0.4,0.0,1001
2020-11-22,3.350196830298568,9,0.35666476077267895,0.0,1001
2020-11-23,3.381526094828296,7,0.19808226112138783,0.0,1001
2020-11-24,3.350110370721893,5,0.339045952463457,0.0,1001
2020-11-25,3.2557690271174327,10,0.29957763400791215,0.0,1001
2020-11-26,3.3409095452536395,11,0.2577327962106241,0.0,1001
2020-11-27,3.2592156854918315,8,0.28903968095645893,0.0,1001
2020-11-28,3.1937200837734676,16,0.4,0.0,1001
2020-11-29,3.316387001664262,9,0.4,0.0,1001
2020-11-30,3.3070518392786776,4,0.31592115527799464,0.0,1001
2020-12-01,3.339413934041064,16,0.15121200534967358,0.0,1001
2020-12-02,3.3077251624563884,5,0.20639554194104012,0.0,1001
2020-12-03,3.3097219035026764,9,0.24957980025645624,0.0,1001
2020-12-04,3.245832302094868,12,0.2378960483816513,0.0,1001
2020-12-05,3.3774589622353988,16,0.1711883068280964,0.0,1001
2020-12-06,3.3058014198643435,11,0.3257406232899595,0.0,1001
2020-12-07,3.32434738802484,6,0.32668398990192943,0.0,1001
2020-12-08,3.2175429362607875,7,0.2520411784690222,0.0,1001
2020-12-09,3.2970537688668866,7,0.4,0.0,1001
2020-12-10,3.2404889452922876,7,0.3428443419661707,0.0,1001
2020-12-11,3.234139243020162,9,0.30779684669613677,0.0,1001
2020-12-12,3.2994386577956685,10,0.19255228074084058,0.0,1001
2020-12-13,3.369567269899324,7,0.31038688856135294,0.0,1001
2020-12-14,3.299270504478594,9,0.32198059871721896,0.0,1001
2020-12-15,3.2720579172394317,9,0.2645308158935838,0.0,1001
2020-12-16,3.297292256788873,10,0.17267396389916398,0.0,1001
2020-12-17,3.253054562980835,4,0.318088598146184,0.0,1001
2020-12-18,3.2475551046851074,3,0.17037412851276001,0.0,1001
2020-12-19,3.253487830749645,13,0.33573113328112436,0.0,1001
2020-12-20,3.350614786658459,16,0.35031062990845724,0.0,1001
2020-12-21,3.2132231243320604,7,0.23355565476584234,0.0,1001
2020-12-22,3.248584919364663,10,0.2145199270400226,0.0,1001
2020-12-23,3.282120168583511,6,0.2541695466985509,0.0,1001
2020-12-24,3.386646387911761,4,0.29232018974720575,0.0,1001
2020-12-25,3.260886653898816,9,0.2746015260554326,0.0,1001
2020-12-26,3.3686272142048623,14,0.4,0.0,1001
2020-12-27,3.3209637331700126,13,0.3537596963503823,0.0,1001
2020-12-28,3.3203798527710817,7,0.38573611007166403,0.0,1001
2020-12-29,3.3104871216678746,7,0.16080134449287573,0.0,1001
2020-12-30,3.20016539776128,7,0.3074350018301915,0.0,1001
2020-12-31,3.3199305281734204,6,0.376489251606705,0.0,1001
2021-01-01,3.254428421856827,10,0.23738726579286493,0.0,1001
2021-01-02,3.2864700144213166,19,0.2650860156063377,0.0,1001
2021-01-03,3.375297206198949,18,0.371918498389789,0.0,1001
2021-01-04,3.304488043760986,10,0.4,0.0,1001
2021-01-05,3.259069981429913,9,0.13407389321529722,0.0,1001
2021-01-06,3.3215137684215357,8,0.24968464631366014,0.0,1001
2021-01-07,3.369296447223636,10,0.4,0.0,1001
2021-01-08,3.2947906223299275,7,0.2215884179690487,0.0,1001
2021-01-09,3.3302718509565192,10,0.2102626727133772,0.0,1001
2021-01-10,3.354089183358206,12,0.20394521643695748,0.0,1001
2021-01-11,3.347413968710935,14,0.36952511276528877,0.0,1001
2021-01-12,3.300740350911513,6,0.4,0.0,1001
2021-01-13,3.3818873729602386,5,0.11240232592438355,0.0,1001
2021-01-14,3.270903919402382,5,0.4,0.0,1001
2021-01-15,3.2567803390171957,6,0.30596510287859247,0.0,1001
2021-01-16,3.2823882440502667,13,0.2223260761612487,0.0,1001
2021-01-17,3.363151228839051,20,0.2792648230248891,0.0,1001
2021-01-18,3.3057428019143105,9,0.25754895041973896,0.0,1001
2021-01-19,3.323966018477264,5,0.2578188492307174,0.0,1001
2021-01-20,3.320511126180424,7,0.38773296713177174,0.0,1001
2021-01-21,3.294439143813366,9,0.28342537819880453,0.0,1001
2021-01-22,3.327490689018566,5,0.3516868245238604,0.0,1001
2021-01-23,3.264175930493973,6,0.2732486363692131,0.0,1001
2021-01-24,3.3618282056702613,19,0.23208608419832072,0.0,1001
2021-01-25,3.327717995249948,3,0.2130627600931528,0.0,1001
2021-01-26,3.3135366855067576,9,0.17670055139141239,0.0,1001
2021-01-27,3.2611416705413845,11,0.3148227808862356,0.0,1001
2021-01-28,3.3799573792240825,7,0.3868907186150043,0.0,1001
2021-01-29,3.3601843433421497,4,0.32219836376375877,0.0,1001
2021-01-30,3.3509519140008304,14,0.2677898396622637,0.0,1001
2021-01-31,3.2815966427618095,11,0.17245524328517362,0.0,1001
2021-02-01,3.250440376300425,10,0.22405640288255982,0.0,1001
2021-02-02,3.262038412274502,6,0.4,0.0,1001
2021-02-03,3.2913416898833776,5,0.29042635852963966,0.0,1001
2021-02-04,3.384341057728083,9,0.22100814537250849,0.0,1001
2021-02-05,3.203532313931167,7,0.1994724878704294,0.0,1001
2021-02-06,3.2491222290490755,17,0.14347591834743778,0.0,1001
2021-02-07,3.397884867117362,14,0.31727758467508593,0.0,1001
2021-02-08,3.2838015643809384,10,0.2972661195250205,0.0,1001
2021-02-09,3.2649871877405348,8,0.4,0.0,1001
2021-02-10,3.2689764605842866,4,0.20127093100953555,0.0,1001
2021-02-11,3.316959493456382,7,0.373416680928013,0.0,1001
2021-02-12,3.2986678156603397,10,0.2014275962646855,0.0,1001
2021-02-13,3.300475404545766,11,0.25158174844515285,0.0,1001
2021-02-14,3.3036297523551004,10,0.2500272023244457,0.0,1001
2021-02-15,3.371345103586987,12,0.28664068726224595,0.0,1001
2021-02-16,3.3528486132590465,8,0.33951003592551526,0.0,1001
2021-02-17,3.226651868712329,6,0.3127565668217066,0.0,1001
2021-02-18,3.2544908467403797,6,0.21251766453029122,0.0,1001
2021-02-19,3.335877920631383,6,0.4,0.0,1001
2021-02-20,3.216575415846341,19,0.11639766851452028,0.0,1001
2021-02-21,3.343728801484019,16,0.25264034931598467,0.0,1001
2021-02-22,3.2415198582515723,8,0.27073957712290114,0.0,1001
2021-02-23,3.3458892672447864,14,0.23051391535116184,0.0,1001
2021-02-24,3.3584941807287723,6,0.24949282518412425,0.0,1001
2021-02-25,3.299929769615884,5,0.15672052105417744,0.0,1001
2021-02-26,3.414299624233585,8,0.2549041625207292,0.0,1001
2021-02-27,3.254081538154996,12,0.3358663016899561,0.0,1001
2021-02-28,3.305251853801392,18,0.35773048173754585,0.0,1001
2021-03-01,3.3327877478409045,7,0.2640335682471035,0.0,1001
2021-03-02,3.255983431358332,8,0.3587675463355009,0.0,1001
2021-03-03,3.262205317330388,11,0.2637481319977567,0.0,1001
2021-03-04,3.2604686674984853,9,0.4,0.0,1001
2021-03-05,3.260066654794648,5,0.22742684574992833,0.0,1001
2021-03-06,3.2970300709505023,13,0.18820929609799117,0.0,1001
2021-03-07,3.2284427102540754,10,0.32584998605672094,0.0,1001
2021-03-08,3.209309882645856,0,0.29401953579133605,0.0,1001
2021-03-09,3.3254009708230683,13,0.20654935558490073,0.0,1001
2021-03-10,3.3092352747503853,9,0.3224050636286981,0.0,1001
2021-03-11,3.382930578443916,6,0.17832051443430688,0.0,1001
2021-03-12,3.329011206764941,11,0.24580912191484008,0.0,1001
2021-03-13,3.2223826577320387,14,0.39442294357388014,0.0,1001
2021-03-14,3.290651364823973,14,0.22033909505779817,0.0,1001
2021-03-15,3.3613419223554692,7,0.4,0.0,1001
2021-03-16,3.2283454496598165,15,0.4,0.0,1001
2021-03-17,3.3655936108714406,8,0.4,0.0,1001
2021-03-18,3.2641930087990048,4,0.22312061368171698,0.0,1001
2021-03-19,3.316571308943335,10,0.18976227243165938,0.0,1001
2021-03-20,3.275315521440072,12,0.3766735111346057,0.0,1001
2021-03-21,3.315848220074235,13,0.4,0.0,1001
2021-03-22,3.2882453049058356,6,0.4,0.0,1001
2021-03-23,3.271097453973148,9,0.14242053692970905,0.0,1001
2021-03-24,3.4176299841572284,11,0.39842444781243447,0.0,1001
2021-03-25,3.3009627226838267,4,0.24408762177768234,0.0,1001
2021-03-26,3.3806747262724257,11,0.2774015534871651,0.0,1001
2021-03-27,3.264351542463367,9,0.15300222367375887,0.0,1001
2021-03-28,3.325722472972053,10,0.3164143351131882,0.0,1001
2021-03-29,3.2761465567713044,13,0.2839480759386102,0.0,1001
2021-03-30,3.3017277563857053,9,0.4,0.0,1001
2021-03-31,3.3381366036591418,7,0.12665073503302343,0.0,1001
2021-04-01,3.232164439534464,10,0.3682615904629377,0.0,1001
2021-04-02,3.3301500098306445,6,0.19512249081990563,0.0,1001
2021-04-03,3.31913498770668,12,0.3331375378362925,0.0,1001
2021-04-04,3.381978128261531,9,0.22802087381159267,0.0,1001
2021-04-05,3.2906930747173155,5,0.21165709647737263,0.0,1001
2021-04-06,3.3333967833590266,8,0.16322100633508177,0.0,1001
2021-04-07,3.257682006628321,3,0.4,0.0,1001
2021-04-08,3.2507176331288354,8,0.31262369469538087,0.0,1001
2021-04-09,3.2739449413098574,5,0.4,0.0,1001
2021-04-10,3.2359187029858436,13,0.33064742318947227,0.0,1001
2021-04-11,3.373977982281913,14,0.15804738913092106,0.0,1001
2021-04-12,3.303887743150798,2,0.311183978364315,0.0,1001
2021-04-13,3.4135096638821123,9,0.23368564776244255,0.0,1001
2021-04-14,3.357407632546461,7,0.38561205244546853,0.0,1001
2021-04-15,3.282586968987762,13,0.24040453159682978,0.0,1001
2021-04-16,3.2546447031148618,9,0.25940852415355914,0.0,1001
2021-04-17,3.20304889445775,7,0.19891136949883706,0.0,1001
2021-04-18,3.2490140951441675,12,0.14042229672908213,0.0,1001
2021-04-19,3.3247137834641536,7,0.20979901287995265,0.0,1001
2021-04-20,3.2265698774238967,15,0.16819689071126345,0.0,1001
2021-04-21,3.297316094738149,10,0.4,0.0,1001
2021-04-22,3.282479232192344,9,0.4,0.0,1001
2021-04-23,3.333024261201339,3,0.14068006033947356,0.0,1001
2021-04-24,3.329043915713227,13,0.4,0.0,1001
2021-04-25,3.3584244465414232,11,0.3176064394199809,0.0,1001
2021-04-26,3.2999175658800626,11,0.3727907103601103,0.0,1001
2021-04-27,3.291037567857191,6,0.24786712003565822,0.0,1001
2021-04-28,3.298007013344486,12,0.25581426353856734,0.0,1001
2021-04-29,3.2480477397785474,7,0.30888176790453986,0.0,1001
2021-04-30,3.2878464489090433,11,0.24407082736377253,0.0,1001
2021-05-01,3.308867895183022,10,0.3134683523623909,0.0,1001
2021-05-02,3.3555545272193177,8,0.20504206514855913,0.0,1001
2021-05-03,3.227839784745697,5,0.2311818508014982,0.0,1001
2021-05-04,3.3009942354931345,9,0.22007468759717858,0.0,1001
2021-05-05,3.198213625283573,8,0.316600923873852,0.0,1001
2021-05-06,3.331676853753229,11,0.3510704318368476,0.0,1001
2021-05-07,3.3054501994789796,8,0.4,0.0,1001
2021-05-08,3.401119640937354,17,0.30971002526763786,0.0,1001
2021-05-09,3.2486332321890736,9,0.268866882524155,0.0,1001
2021-05-10,3.2452421960043583,7,0.2570532432620395,0.0,1001
2021-05-11,3.2649090083395564,8,0.21884699462092244,0.0,1001
2021-05-12,3.313228862231525,6,0.2611753103781794,0.0,1001
2021-05-13,3.313030015152758,10,0.15235108979221548,0.0,1001
2021-05-14,3.3055897959398224,6,0.3698431831417611,0.0,1001
2021-05-15,3.353399736663406,18,0.3766879135639767,0.0,1001
2021-05-16,3.3171284925852103,17,0.4,0.0,1001
2021-05-17,3.2506520046936593,4,0.34906258773189736,0.0,1001
2021-05-18,3.3227139726927257,9,0.4,0.0,1001
2021-05-19,3.278735739743086,11,0.32513667604129687,0.0,1001
2021-05-20,3.380410296372284,8,0.13439293684433032,0.0,1001
2021-05-21,3.254194376983769,7,0.2639220936831966,0.0,1001
2021-05-22,3.3197693042448186,17,0.17875678206127613,0.0,1001
2021-05-23,3.387477441439201,11,0.4,0.0,1001
2021-05-24,3.4172955791377126,12,0.4,0.0,1001
2021-05-25,3.202683422051677,7,0.27462194122267936,0.0,1001
2021-05-26,3.3848975439894624,7,0.2991773104348714,0.0,1001
2021-05-27,3.3208327365895993,9,0.18151346062643012,0.0,1001
2021-05-28,3.290693481248524,7,0.1,0.0,1001
2021-05-29,3.2302271652066725,12,0.28741891820665877,0.0,1001
2021-05-30,3.312401910095066,13,0.35810217400528005,0.0,1001
2021-05-31,3.2170329199932404,12,0.3294341342627892,0.0,1001
2021-06-01,3.3712843617459654,4,0.4,0.0,1001
2021-06-02,3.272714993902544,5,0.3258223075941142,0.0,1001
2021-06-03,3.3527347813652773,5,0.32481111282005926,0.0,1001
2021-06-04,3.322724809145366,12,0.24537669507842388,0.0,1001
2021-06-05,3.279309410371375,25,0.2745426331230847,0.0,1001
2021-06-06,3.2711242562995775,7,0.39752069295785075,0.0,1001
2021-06-07,3.292733652007278,8,0.3337233776497491,0.0,1001
2021-06-08,3.370039462765565,11,0.2461137339683724,0.0,1001
2021-06-09,3.255424290983636,6,0.3217946755912583,0.0,1001
2021-06-10,3.39565699360678,11,0.4,0.0,1001
2021-06-11,3.3637388470857497,3,0.3213859414364179,0.0,1001
2021-06-12,3.217630659345951,13,0.1307774729498962,0.0,1001
2021-06-13,3.3825863037828054,14,0.24779590506785784,0.0,1001
2021-06-14,3.380663581464442,6,0.29556202197075554,0.0,1001
2021-06-15,3.3963654967832957,7,0.4,0.0,1001
2021-06-16,3.2717861269044928,5,0.2744996944212652,0.0,1001
2021-06-17,3.3978715000958997,9,0.33614008277890517,0.0,1001
2021-06-18,3.182158444812167,10,0.18998626933125243,0.0,1001
2021-06-19,3.196704400945991,13,0.3562616392503563,0.0,1001
2021-06-20,3.355622393163309,15,0.4,0.0,1001
2021-06-21,3.267906776855326,8,0.4,0.0,1001
2021-06-22,3.377041984410191,14,0.22866759451002205,0.0,1001
2021-06-23,3.2706464898348027,8,0.22919446370671587,0.0,1001
2021-06-24,3.3101279197855735,6,0.24194834881664037,0.0,1001
2021-06-25,3.346413897264221,7,0.2662545803641284,0.0,1001
2021-06-26,3.331333894122597,11,0.3707344509659235,0.0,1001
2021-06-27,3.3584800071841014,16,0.27977694471247516,0.0,1001
2021-06-28,3.210005386923452,7,0.32680497741371994,0.0,1001
2021-06-29,3.2239234112960546,6,0.33194093643461536,0.0,1001
2021-06-30,3.2795876545755314,11,0.22317784201598484,0.0,1001
2021-07-01,3.3069835041138207,10,0.21674450698918385,0.0,1001
2021-07-02,3.3826269393314523,8,0.4,0.0,1001
2021-07-03,3.2592677569580975,9,0.3028781051054382,0.0,1001
2021-07-04,3.4328760010255186,11,0.22184736101932698,0.0,1001
2021-07-05,3.296522849873346,10,0.22672594744771124,0.0,1001
2021-07-06,3.2476870881990143,8,0.19767807377484695,0.0,1001
2021-07-07,3.3190666157562263,12,0.4,0.0,1001
2021-07-08,3.2319157845935735,9,0.4,0.0,1001
2021-07-09,3.263506620853538,11,0.26679460947577843,0.0,1001
2021-07-10,3.240348012087728,11,0.2702182231057892,0.0,1001
2021-07-11,3.2807958398198602,17,0.4,0.0,1001
2021-07-12,3.2576079964611133,5,0.14385061185329598,0.0,1001
2021-07-13,3.2694728906006385,5,0.3484462011363482,0.0,1001
2021-07-14,3.338730005766581,13,0.1,0.0,1001
2021-07-15,3.281832163471178,10,0.17202250904159047,0.0,1001
2021-07-16,3.282200110974389,6,0.23827705963766327,0.0,1001
2021-07-17,3.194174287376864,6,0.36690989409890057,0.0,1001
2021-07-18,3.316269772554266,10,0.13737283477533815,0.0,1001
2021-07-19,3.346029087913581,5,0.2968240412352726,0.0,1001
2021-07-20,3.4086173426231805,5,0.2920477742977642,0.0,1001
2021-07-21,3.264877666294673,10,0.39468146784402913,0.0,1001
2021-07-22,3.3033963412547385,5,0.2715804226292805,0.0,1001
2021-07-23,3.3482810213776104,10,0.13929493061614104,0.0,1001
2021-07-24,3.3074172629220806,18,0.34815268904119967,0.0,1001
2021-07-25,3.2447960448996525,9,0.2727846117906635,0.0,1001
2021-07-26,3.2737398374202344,2,0.4,0.0,1001
2021-07-27,3.2748264897052115,13,0.3267207968269172,0.0,1001
2021-07-28,3.2342599168471406,11,0.1922800313711509,0.0,1001
2021-07-29,3.3525423697114363,5,0.23840795992071792,0.0,1001
2021-07-30,3.3653816353757304,12,0.26614744517260625,0.0,1001
2021-07-31,3.2880214054272576,18,0.4,0.0,1001
2021-08-01,3.3315430757090394,18,0.3926361233446829,0.0,1001
2021-08-02,3.3253029510246517,3,0.3083050557565633,0.0,1001
2021-08-03,3.3507950101390205,8,0.33355168994830137,0.0,1001
2021-08-04,3.229254200559589,6,0.21134558037907614,0.0,1001
2021-08-05,3.327968891859199,11,0.2786200128863044,0.0,1001
2021-08-06,3.3217876221792038,9,0.30845430602688606,0.0,1001
2021-08-07,3.2794193468944073,11,0.2098707762341526,0.0,1001
2021-08-08,3.3748341248104574,7,0.4,0.0,1001
2021-08-09,3.3923530116503806,4,0.2701983044106611,0.0,1001
2021-08-10,3.337096646324512,8,0.3536517708943692,0.0,1001
2021-08-11,3.3107357698527653,13,0.2197198458482215,0.0,1001
2021-08-12,3.2600100465968262,11,0.24009687087912165,0.0,1001
2021-08-13,3.3535792095877297,4,0.2075084946078677,0.0,1001
2021-08-14,3.285533385646919,16,0.4,0.0,1001
2021-08-15,3.245618139945843,18,0.32210219299278164,0.0,1001
2021-08-16,3.292105049115171,6,0.1743751298166996,0.0,1001
2021-08-17,3.3030626625128137,4,0.24739467229362308,0.0,1001
2021-08-18,3.2595729239030664,7,0.2336841815415525,0.0,1001
2021-08-19,3.2178133594594054,7,0.13817142350780023,0.0,1001
2021-08-20,3.1974355271976487,8,0.20950064761650253,0.0,1001
2021-08-21,3.2469916052566017,15,0.21027799770330424,0.0,1001
2021-08-22,3.2581237252263633,8,0.2103154463953537,0.0,1001
2021-08-23,3.259407260885838,5,0.22816374177482926,0.0,1001
2021-08-24,3.2581567121357677,10,0.27941747745781925,0.0,1001
2021-08-25,3.32530023316277,8,0.4,0.0,1001
2021-08-26,3.3045088829923146,3,0.26606634076135693,0.0,1001
2021-08-27,3.201632505651786,7,0.2288825681749206,0.0,1001
2021-08-28,3.3686588541964593,16,0.17720397419613354,0.0,1001
2021-08-29,3.388905486968777,9,0.292949214068322,0.0,1001
2021-08-30,3.2109673011442657,2,0.1,0.0,1001
2021-08-31,3.3648349216055595,6,0.19888203338367652,0.0,1001
2021-09-01,3.32439410098264,7,0.21420563951408592,0.0,1001
2021-09-02,3.3308479588633015,7,0.4,0.0,1001
2021-09-03,3.4497565181848038,5,0.4,0.0,1001
2021-09-04,3.3147419680607673,28,0.2540370480698587,0.0,1001
2021-09-05,3.3555021246258345,11,0.26767493661601105,0.0,1001
2021-09-06,3.265800534777319,11,0.18602394849822435,0.0,1001
2021-09-07,3.2727273421735554,10,0.2698195557817897,0.0,1001
2021-09-08,3.2941642073332167,10,0.35836903411767757,0.0,1001
2021-09-09,3.2829314240120744,9,0.32846428217804235,0.0,1001
2021-09-10,3.2584971060250956,9,0.284689724651016,0.0,1001
2021-09-11,3.306875615306399,9,0.362098186932662,0.0,1001
2021-09-12,3.3380752666203373,11,0.2992107347997049,0.0,1001
2021-09-13,3.276935372429762,7,0.3027507762399263,0.0,1001
2021-09-14,3.248782566736993,12,0.36761983315122376,0.0,1001
2021-09-15,3.3585530761330924,5,0.4,0.0,1001
2021-09-16,3.3800431148125876,10,0.1902639827318431,0.0,1001
2021-09-17,3.3031869919864043,3,0.2530231147935567,0.0,1001
2021-09-18,3.3173833194773863,5,0.24566013514829943,0.0,1001
2021-09-19,3.295446818813627,9,0.4,0.0,1001
2021-09-20,3.2243079479341588,8,0.2776009562186297,0.0,1001
2021-09-21,3.266006036751259,5,0.13901453928360016,0.0,1001
2021-09-22,3.3344736782203883,8,0.32564649900397863,0.0,1001
2021-09-23,3.224684971739464,10,0.17867503261300915,0.0,1001
2021-09-24,3.3004376974157497,12,0.24178151845287393,0.0,1001
2021-09-25,3.3092084745509553,14,0.38407594553818836,0.0,1001
2021-09-26,3.275187944078662,12,0.24810333514076627,0.0,1001
2021-09-27,3.2715842882807453,9,0.23276829812534852,0.0,1001
2021-09-28,3.3440043928426983,7,0.3148575844779728,0.0,1001
2021-09-29,3.306787793567199,8,0.3247222228474706,0.0,1001
2021-09-30,3.3511151174346163,4,0.25828426218074046,0.0,1001
2021-10-01,3.219268291103953,6,0.2572492152439348,0.0,1001
2021-10-02,3.307345738196294,9,0.17375102250093735,0.0,1001
2021-10-03,3.3573568990789404,9,0.4,0.0,1001
2021-10-04,3.3418994164139084,5,0.12111936606429588,0.0,1001
2021-10-05,3.2496019488968053,3,0.4,0.0,1001
2021-10-06,3.3166668090123936,8,0.3261447338168426,0.0,1001
2021-10-07,3.3171952680284744,6,0.26378691793919634,0.0,1001
2021-10-08,3.2499428787764573,12,0.4,0.0,1001
2021-10-09,3.2885955048340745,12,0.3884421355346447,0.0,1001
2021-10-10,3.344459811452228,10,0.23679293888974673,0.0,1001
2021-10-11,3.287715603612895,14,0.31323853781793065,0.0,1001
2021-10-12,3.330969282104291,3,0.39903245783564195,0.0,1001
2021-10-13,3.335360209713484,10,0.28785132261868734,0.0,1001
2021-10-14,3.3482525542307,10,0.22699693687656902,0.0,1001
2021-10-15,3.3209805129891685,7,0.15208327147338843,0.0,1001
2021-10-16,3.2521712825281774,13,0.4,0.0,1001
2021-10-17,3.216219087506627,15,0.22904758915976398,0.0,1001
2021-10-18,3.339003697512393,10,0.29673594679651605,0.0,1001
2021-10-19,3.310689021593659,4,0.257993733368156,0.0,1001
2021-10-20,3.2034459973524587,5,0.26441139890693854,0.0,1001
2021-10-21,3.3369690442019504,5,0.4,0.0,1001
2021-10-22,3.219290384723991,11,0.4,0.0,1001
2021-10-23,3.308247529303866,18,0.21768593556068463,0.0,1001
2021-10-24,3.226512883242364,13,0.4,0.0,1001
2021-10-25,3.358424898771635,8,0.3704282154880855,0.0,1001
2021-10-26,3.256896301136507,10,0.2876393968639012,0.0,1001
2021-10-27,3.307814963596811,4,0.34421710437700676,0.0,1001
2021-10-28,3.338098206784185,15,0.32001455370744003,0.0,1001
2021-10-29,3.270636055085207,10,0.2451238227914318,0.0,1001
2021-10-30,3.3159767487371243,12,0.4,0.0,1001
2021-10-31,3.2608572180859934,5,0.3051024705929571,0.0,1001
2021-11-01,3.26686914233372,6,0.1886197465359588,0.0,1001
2021-11-02,3.3114981881076906,3,0.25801047692513845,0.0,1001
2021-11-03,3.341652997380502,11,0.3571129009879156,0.0,1001
2021-11-04,3.2386330451097023,9,0.30508327358772364,0.0,1001
2021-11-05,3.3028633578943642,13,0.13939948972913774,0.0,1001
2021-11-06,3.2936435645840456,12,0.3674727744109496,0.0,1001
2021-11-07,3.3096663319880477,19,0.3446498855413005,0.0,1001
2021-11-08,3.327796673780285,9,0.3238870359094231,0.0,1001
2021-11-09,3.359168994235144,9,0.15642621951035374,0.0,1001
2021-11-10,3.2511167970364117,8,0.15553792364803815,0.0,1001
2021-11-11,3.233141611000381,7,0.19942529950047638,0.0,1001
2021-11-12,3.290812502306471,2,0.36325127327268053,0.0,1001
2021-11-13,3.3616359543026557,14,0.2013557633876894,0.0,1001
2021-11-14,3.2693682293446087,6,0.3522336333420878,0.0,1001
2021-11-15,3.3071442600151224,10,0.4,0.0,1001
2021-11-16,3.3415910372014004,12,0.2200948543254967,0.0,1001
2021-11-17,3.233643609524929,8,0.1633713437705414,0.0,1001
2021-11-18,3.4109053503837217,2,0.4,0.0,1001
2021-11-19,3.3382514739854683,13,0.3554497453513423,0.0,1001
2021-11-20,3.360178502301008,13,0.4,0.0,1001
2021-11-21,3.203312672123229,17,0.2643364548095008,0.0,1001
2021-11-22,3.2913925839664104,9,0.24224766600331504,0.0,1001
2021-11-23,3.3585623532612527,7,0.28514985654306607,0.0,1001
2021-11-24,3.3216941780025224,11,0.3078681483248444,0.0,1001
2021-11-25,3.316555621122522,13,0.4,0.0,1001
2021-11-26,3.312012007099781,3,0.2810723610074795,0.0,1001
2021-11-27,3.2680128528275887,16,0.22120365444327728,0.0,1001
2021-11-28,3.338657946362676,18,0.4,0.0,1001
2021-11-29,3.341722605880773,9,0.4,0.0,1001
2021-11-30,3.256060111878208,11,0.3779963563559399,0.0,1001
2021-12-01,3.260734515232499,9,0.4,0.0,1001
2021-12-02,3.3190015703597147,5,0.3040163029394806,0.0,1001
2021-12-03,3.2456958438028085,8,0.18262897084767224,0.0,1001
2021-12-04,3.2686774487819727,15,0.17912226015419086,0.0,1001
2021-12-05,3.299679412356112,13,0.27411133649297376,0.0,1001
2021-12-06,3.292597766562367,5,0.26740020174540485,0.0,1001
2021-12-07,3.3459136183319163,3,0.15451538060743944,0.0,1001
2021-12-08,3.278648666778941,8,0.3779677197053832,0.0,1001
2021-12-09,3.4081991782872185,4,0.23751314463360312,0.0,1001
2021-12-10,3.3747147105262463,9,0.2566323297482408,0.0,1001
2021-12-11,3.3304216942146803,16,0.4,0.0,1001
2021-12-12,3.3069111903577135,9,0.20308969008196356,0.0,1001
2021-12-13,3.3716906566636977,10,0.4,0.0,1001
2021-12-14,3.250152837246183,6,0.3244317967751775,0.0,1001
2021-12-15,3.319512573183028,9,0.1993440447127467,0.0,1001
2021-12-16,3.2242198979068757,5,0.20714397150065553,0.0,1001
2021-12-17,3.3538345365560223,6,0.22075558622097494,0.0,1001
2021-12-18,3.299054673156318,18,0.3777400637671128,0.0,1001
2021-12-19,3.2426092516140277,6,0.13198085972237017,0.0,1001
2021-12-20,3.191789027957836,6,0.4,0.0,1001
2021-12-21,3.2228456815070854,11,0.39480309002309316,0.0,1001
2021-12-22,3.2227693451569577,9,0.23181057875269293,0.0,1001
2021-12-23,3.2983676229289816,7,0.3698585985231964,0.0,1001
2021-12-24,3.265597425240288,7,0.3797185308086765,0.0,1001
2021-12-25,3.3281275930953673,8,0.19310306357521037,0.0,1001
2021-12-26,3.217586162556496,10,0.3868491128610519,0.0,1001
2021-12-27,3.3291666481678828,7,0.2173561518114434,0.0,1001
2021-12-28,3.350000351891849,6,0.3071311994485487,0.0,1001
2021-12-29,3.3467463241421824,8,0.1912008452005855,0.0,1001
2021-12-30,3.236567128627517,15,0.4,0.0,1001
2021-12-31,3.29670185583851,11,0.2614305239263954,0.0,1001
2022-01-01,3.2822327336167314,16,0.4,0.0,1001
2022-01-02,3.3999413908826948,9,0.2676509915115356,0.0,1001
2022-01-03,3.239046655127246,4,0.4,0.0,1001
2022-01-04,3.2946009659160844,10,0.18864471568624783,0.0,1001
2022-01-05,3.2796882937553518,6,0.4,0.0,1001
2022-01-06,3.38535413809632,6,0.18268817327468315,0.0,1001
2022-01-07,3.2503668671385877,7,0.34913424484141303,0.0,1001
2022-01-08,3.3353325491769854,10,0.17901448319156885,0.0,1001
2022-01-09,3.2796699383878276,16,0.14535852934824914,0.0,1001
2022-01-10,3.3157064561066263,7,0.23331026139057454,0.0,1001
2022-01-11,3.3116021302371617,10,0.2200398981945594,0.0,1001
2022-01-12,3.286224045885292,9,0.17898378187968372,0.0,1001
2022-01-13,3.2218223035592666,8,0.4,0.0,1001
2022-01-14,3.4091055325976707,8,0.22026121176030078,0.0,1001
2022-01-15,3.298301021419766,10,0.4,0.0,1001
2022-01-16,3.288410625642694,11,0.4,0.0,1001
2022-01-17,3.271499447219532,6,0.3296494922482132,0.0,1001
2022-01-18,3.278278802079491,7,0.4,0.0,1001
2022-01-19,3.203776934808562,6,0.13438209056255584,0.0,1001
2022-01-20,3.296335447772975,12,0.309666550699492,0.0,1001
2022-01-21,3.267215893504622,8,0.2945376100692716,0.0,1001
2022-01-22,3.3452887954360957,10,0.33505406557270184,0.0,1001
2022-01-23,3.3532838560582787,8,0.3470523867759929,0.0,1001
2022-01-24,3.3112115720515867,4,0.4,0.0,1001
2022-01-25,3.357288114419544,1,0.4,0.0,1001
2022-01-26,3.312732494867692,7,0.4,0.0,1001
2022-01-27,3.3051582242487103,6,0.27720096992422183,0.0,1001
2022-01-28,3.2898741435549055,12,0.4,0.0,1001
2022-01-29,3.2333225693218166,14,0.4,0.0,1001
2022-01-30,3.355213773885809,14,0.21069250868004996,0.0,1001
2022-01-31,3.250678757801957,13,0.22649248768518204,0.0,1001
2022-02-01,3.3687839175857834,13,0.34474440540853235,0.0,1001
2022-02-02,3.2518969151215167,5,0.35752486284001567,0.0,1001
2022-02-03,3.3007701997245724,4,0.3258321846383716,0.0,1001
2022-02-04,3.359021868894867,7,0.2913324406084098,0.0,1001
2022-02-05,3.2547410975832505,15,0.29070867029892195,0.0,1001
2022-02-06,3.329329205798792,12,0.21951678028094723,0.0,1001
2022-02-07,3.2984352595070834,6,0.4,0.0,1001
2022-02-08,3.289041884875017,8,0.1695490123763598,0.0,1001
2022-02-09,3.3322229293866643,10,0.3465947656885625,0.0,1001
2022-02-10,3.267743213943821,6,0.2975174062438639,0.0,1001
2022-02-11,3.285804542977366,9,0.30087398936071386,0.0,1001
2022-02-12,3.366768128954507,16,0.296249880775655,0.0,1001
2022-02-13,3.339342512305906,7,0.3302310362665476,0.0,1001
2022-02-14,3.2968731278910637,14,0.2855866318495288,0.0,1001
2022-02-15,3.251478671762986,7,0.24869481934375418,0.0,1001
2022-02-16,3.2570901090959548,5,0.26094592008741196,0.0,1001
2022-02-17,3.3259928586750265,12,0.28692570484509977,0.0,1001
2022-02-18,3.3247364882236163,8,0.4,0.0,1001
2022-02-19,3.256532747015968,16,0.1843050791380353,0.0,1001
2022-02-20,3.235870399985081,16,0.1628367155625466,0.0,1001
2022-02-21,3.327996910256782,12,0.27959805122807296,0.0,1001
2022-02-22,3.3365620258662534,13,0.347362366453367,0.0,1001
2022-02-23,3.3586810740781834,8,0.33397477504417583,0.0,1001
2022-02-24,3.3141711257274626,10,0.4,0.0,1001
2022-02-25,3.35060194876973,6,0.4,0.0,1001
2022-02-26,3.2497483134067866,12,0.15908813697424173,0.0,1001
2022-02-27,3.2759806052972857,8,0.39666244100287773,0.0,1001
2022-02-28,3.3238291901607293,11,0.4,0.0,1001
2022-03-01,3.3808623902658996,4,0.359140291486332,0.0,1001
2022-03-02,3.2714993783836435,3,0.4,0.0,1001
2022-03-03,3.3172949573137083,5,0.4,0.0,1001
2022-03-04,3.39653166888344,7,0.2255335041229616,0.0,1001
2022-03-05,3.2391303704937657,13,0.27847504893212244,0.0,1001
2022-03-06,3.3259307585798035,10,0.283124417332638,0.0,1001
2022-03-07,3.3678824566454706,8,0.33383977813543936,0.0,1001
2022-03-08,3.2357756207006525,9,0.3259257421960735,0.0,1001
2022-03-09,3.3167173710473414,7,0.25192639939560324,0.0,1001
2022-03-10,3.2950932611393227,9,0.15739851694479326,0.0,1001
2022-03-11,3.360086238515567,15,0.2296542015713359,0.0,1001
2022-03-12,3.3105426941069886,6,0.4,0.0,1001
2022-03-13,3.283505112874889,9,0.4,0.0,1001
2022-03-14,3.3078718455176315,13,0.266879557121069,0.0,1001
2022-03-15,3.3228564295206,10,0.10537388831687973,0.0,1001
2022-03-16,3.301635845564812,6,0.3681226539049871,0.0,1001
2022-03-17,3.2624713945144945,13,0.34479228581042953,0.0,1001
2022-03-18,3.3839612296356516,8,0.4,0.0,1001
2022-03-19,3.2685575219408354,8,0.3155293677194176,0.0,1001
2022-03-20,3.347389182926192,12,0.22713606584462628,0.0,1001
2022-03-21,3.3368789266416603,7,0.234407349098664,0.0,1001
2022-03-22,3.2723019464882857,8,0.26228014561696716,0.0,1001
2022-03-23,3.35527856715708,5,0.4,0.0,1001
2022-03-24,3.245742697175498,3,0.2411686032999579,0.0,1001
2022-03-25,3.285321924351713,9,0.4,0.0,1001
2022-03-26,3.3978488656624224,14,0.2681889418207689,0.0,1001
2022-03-27,3.299581907208082,12,0.32156964397102406,0.0,1001
2022-03-28,3.258711128501161,7,0.14838754222046655,0.0,1001
2022-03-29,3.3522773733626305,5,0.31559774119801126,0.0,1001
2022-03-30,3.368299213756484,12,0.4,0.0,1001
2022-03-31,3.3158588733185947,8,0.2627026382660437,0.0,1001
2022-04-01,3.283087444815819,9,0.25992646114276613,0.0,1001
2022-04-02,3.332331672809921,12,0.19538243117881843,0.0,1001
2022-04-03,3.3660610391596095,13,0.22137822742509575,0.0,1001
2022-04-04,3.3136532927987887,13,0.3655283103205046,0.0,1001
2022-04-05,3.3511456341012775,11,0.30625949478861414,0.0,1001
2022-04-06,3.2537958415014088,8,0.275776573814386,0.0,1001
2022-04-07,3.261792572153934,9,0.17360627863495692,0.0,1001
2022-04-08,3.288852758186044,7,0.3449458624399795,0.0,1001
2022-04-09,3.2100642544645117,6,0.2566228360158706,0.0,1001
2022-04-10,3.362224007522489,14,0.28320014887977674,0.0,1001
2022-04-11,3.26512075681219,12,0.35004941490760016,0.0,1001
2022-04-12,3.224516757163602,9,0.36131336533423924,0.0,1001
2022-04-13,3.2679414395819313,8,0.4,0.0,1001
2022-04-14,3.219161162306787,10,0.4,0.0,1001
2022-04-15,3.3077172563233277,9,0.3843252538261635,0.0,1001
2022-04-16,3.29878595300809,9,0.32514867570827105,0.0,1001
2022-04-17,3.3332404313148403,17,0.29052870626894883,0.0,1001
2022-04-18,3.3054820097078665,5,0.1836787846698091,0.0,1001
2022-04-19,3.2984342496928547,9,0.3411280292857658,0.0,1001
2022-04-20,3.3061251616551908,6,0.4,0.0,1001
2022-04-21,3.2975037873075395,7,0.23447358991996056,0.0,1001
2022-04-22,3.2402069439982673,9,0.325688459952801,0.0,1001
2022-04-23,3.3624884347628394,9,0.24705735482616087,0.0,1001
2022-04-24,3.1827921207954124,7,0.2364536588109973,0.0,1001
2022-04-25,3.2615272266596995,7,0.3887076707342146,0.0,1001
2022-04-26,3.2777029524527372,8,0.26658415231574445,0.0,1001
2022-04-27,3.3069027190130584,4,0.4,0.0,1001
2022-04-28,3.252091412592871,8,0.22485328978470856,0.0,1001
2022-04-29,3.266949333100138,10,0.3388854823546533,0.0,1001
2022-04-30,3.3882033418209745,11,0.3543192061498739,0.0,1001
2022-05-01,3.2603485925334126,12,0.2947133122863874,0.0,1001
2022-05-02,3.329437929872976,10,0.21933459721112705,0.0,1001
2022-05-03,3.3130443258658344,8,0.30083887593748415,0.0,1001
2022-05-04,3.324965333847038,9,0.16938031139774318,0.0,1001
2022-05-05,3.3555928044762307,6,0.35400028737978295,0.0,1001
2022-05-06,3.3116085643423294,4,0.2740637119266157,0.0,1001
2022-05-07,3.3571947585286317,12,0.29432000933670716,0.0,1001
2022-05-08,3.361897335083162,9,0.4,0.0,1001
2022-05-09,3.2979063339947414,7,0.33768446697440796,0.0,1001
2022-05-10,3.3305345559112194,8,0.4,0.0,1001
2022-05-11,3.2292901095307514,8,0.4,0.0,1001
2022-05-12,3.329062400770506,9,0.2736541371358795,0.0,1001
2022-05-13,3.209416405100975,10,0.4,0.0,1001
2022-05-14,3.2911152490026665,11,0.104608918631734,0.0,1001
2022-05-15,3.3045594346984175,21,0.2514114721210796,0.0,1001
2022-05-16,3.313532911692611,16,0.23906065309399527,0.0,1001
2022-05-17,3.209037005931127,3,0.147565072815951,0.0,1001
2022-05-18,3.2980845933934497,6,0.2757007638817635,0.0,1001
2022-05-19,3.320258968302144,11,0.2821022825838722,0.0,1001
2022-05-20,3.194375497993109,8,0.1907525019518106,0.0,1001
2022-05-21,3.291501285748568,11,0.17107706892347355,0.0,1001
2022-05-22,3.366196383329034,10,0.15660974789501111,0.0,1001
2022-05-23,3.2204712387700796,6,0.22551616954168896,0.0,1001
2022-05-24,3.2312317926466374,9,0.1983691546218527,0.0,1001
2022-05-25,3.2672106400719025,8,0.3656255080789838,0.0,1001
2022-05-26,3.321239931533302,8,0.3276831873535586,0.0,1001
2022-05-27,3.1948680503093807,7,0.25754514135088363,0.0,1001
2022-05-28,3.3806734344786133,7,0.39919542392761337,0.0,1001
2022-05-29,3.31116930836954,19,0.17524213405112143,0.0,1001
2022-05-30,3.4092635881057687,9,0.19943587733732387,0.0,1001
2022-05-31,3.3444840510609373,12,0.1978427206123053,0.0,1001
2022-06-01,3.3912787443091323,8,0.3560788495232344,0.0,1001
2022-06-02,3.332181313458044,4,0.3691140398395454,0.0,1001
2022-06-03,3.31379735493,10,0.3658982264252921,0.0,1001
2022-06-04,3.2712026155329403,11,0.35382580720714096,0.0,1001
2022-06-05,3.3241277333172445,11,0.24757270464087683,0.0,1001
2022-06-06,3.2295562432399216,12,0.3718645065971557,0.0,1001
2022-06-07,3.323906586182171,7,0.264665469615438,0.0,1001
2022-06-08,3.288628567485135,6,0.37155100734460694,0.0,1001
2022-06-09,3.4034599064778495,9,0.4,0.0,1001
2022-06-10,3.332266602442834,3,0.18844410908159429,0.0,1001
2022-06-11,3.332468742969418,8,0.4,0.0,1001
2022-06-12,3.1867995128752207,14,0.20936497391478964,0.0,1001
2022-06-13,3.2214809980788544,13,0.3301722865731249,0.0,1001
2022-06-14,3.258143220373294,8,0.2943468706851185,0.0,1001
2022-06-15,3.3100950044128368,5,0.27212832582638224,0.0,1001
2022-06-16,3.268774973779541,6,0.2365100148365998,0.0,1001
2022-06-17,3.292099313173883,9,0.4,0.0,1001
2022-06-18,3.3517910534300883,11,0.26792675224720097,0.0,1001
2022-06-19,3.349234459624789,15,0.4,0.0,1001
2022-06-20,3.2376442060814976,7,0.2855274695911709,0.0,1001
2022-06-21,3.332181800030187,7,0.22376061457854135,0.0,1001
2022-06-22,3.296361333305702,4,0.21101116710335116,0.0,1001
2022-06-23,3.2505295373989638,7,0.13053813697134284,0.0,1001
2022-06-24,3.369788758248525,11,0.33726688895605866,0.0,1001
2022-06-25,3.4195067954941276,13,0.4,0.0,1001
2022-06-26,3.3430938819844918,10,0.20705055977285464,0.0,1001
2022-06-27,3.328840698749806,6,0.4,0.0,1001
2022-06-28,3.3080848695799387,11,0.4,0.0,1001
2022-06-29,3.263815427256511,8,0.4,0.0,1001
2022-06-30,3.2510498627399778,6,0.2725134773950887,0.0,1001
2022-07-01,3.3979068467461357,9,0.23382296278027703,0.0,1001
2022-07-02,3.2750159520699476,12,0.1666140800991539,0.0,1001
2022-07-03,3.3376889540264356,18,0.29522701219595365,0.0,1001
2022-07-04,3.274463797938707,8,0.4,0.0,1001
2022-07-05,3.3164725454553623,9,0.335626597453217,0.0,1001
2022-07-06,3.223630321893349,3,0.4,0.0,1001
2022-07-07,3.2790846668148697,11,0.19101999932803418,0.0,1001
2022-07-08,3.249028785079123,8,0.2933541930928649,0.0,1001
2022-07-09,3.3185012992224103,6,0.4,0.0,1001
2022-07-10,3.2599366032711026,8,0.3518250031550981,0.0,1001
2022-07-11,3.2680706598414426,9,0.3795053435189496,0.0,1001
2022-07-12,3.347482374241805,4,0.4,0.0,1001
2022-07-13,3.2823337556275436,7,0.23218698226083254,0.0,1001
2022-07-14,3.397918677786312,11,0.29269984000132254,0.0,1001
2022-07-15,3.3521560225259637,8,0.19513788265864354,0.0,1001
2022-07-16,3.3543041920959618,12,0.31065044065497344,0.0,1001
2022-07-17,3.3429560083910412,17,0.1968974405112132,0.0,1001
2022-07-18,3.285387647814888,7,0.23551379858722662,0.0,1001
2022-07-19,3.1752223249174323,12,0.33553854677916894,0.0,1001
2022-07-20,3.2173908117794783,8,0.4,0.0,1001
2022-07-21,3.3039850019387385,14,0.3368959231880092,0.0,1001
2022-07-22,3.2637581454783757,6,0.3568120810472047,0.0,1001
2022-07-23,3.232620182402019,16,0.2748583241138545,0.0,1001
2022-07-24,3.2804538929225404,20,0.23938979764163165,0.0,1001
2022-07-25,3.2779089546751745,10,0.2988723173552118,0.0,1001
2022-07-26,3.2858307286741972,11,0.3972532029433324,0.0,1001
2022-07-27,3.249432836157863,13,0.3558425968925018,0.0,1001
2022-07-28,3.2986641735500855,8,0.3699078381666751,0.0,1001
2022-07-29,3.3315072660396923,7,0.4,0.0,1001
2022-07-30,3.3222105514568288,6,0.339260975465609,0.0,1001
2022-07-31,3.3921500813483387,12,0.30074353280285043,0.0,1001
2022-08-01,3.3133610049098445,7,0.27434599448670416,0.0,1001
2022-08-02,3.201661796933729,8,0.25538391599420457,0.0,1001
2022-08-03,3.3434051785782306,9,0.19777602492976046,0.0,1001
2022-08-04,3.2702729321281105,5,0.2734711968009831,0.0,1001
2022-08-05,3.3691406001692856,8,0.16923015098924146,0.0,1001
2022-08-06,3.334352541521612,15,0.3101549378582646,0.0,1001
2022-08-07,3.323906423284624,15,0.3262199363467417,0.0,1001
2022-08-08,3.353248162456967,9,0.3368298744481993,0.0,1001
2022-08-09,3.28611324688297,8,0.23179879036525494,0.0,1001
2022-08-10,3.2892412855970843,12,0.12189671490623834,0.0,1001
2022-08-11,3.31316448122288,6,0.283627700062604,0.0,1001
2022-08-12,3.3869488438146993,8,0.26776691393867047,0.0,1001
2022-08-13,3.2415592489346783,11,0.2831214138800796,0.0,1001
2022-08-14,3.3234205005113373,9,0.18558715540448098,0.0,1001
2022-08-15,3.1797736605031646,9,0.23610790997470282,0.0,1001
2022-08-16,3.359522698707595,7,0.4,0.0,1001
2022-08-17,3.1661461909659336,10,0.29634892285432285,0.0,1001
2022-08-18,3.406403806860059,8,0.25086515915620433,0.0,1001
2022-08-19,3.3790599397679206,10,0.21188375625497538,0.0,1001
2022-08-20,3.3064784020417517,16,0.4,0.0,1001
2022-08-21,3.2727227276646658,12,0.29412561424946004,0.0,1001
2022-08-22,3.299803428019501,9,0.28692553428946294,0.0,1001
2022-08-23,3.2947164162262967,9,0.3112160933573861,0.0,1001
2022-08-24,3.2773601082975112,4,0.3108662786957997,0.0,1001
2022-08-25,3.3549560518275436,6,0.2305644211817633,0.0,1001
2022-08-26,3.2677230476820203,14,0.13414972724314855,0.0,1001
2022-08-27,3.285654063790863,14,0.4,0.0,1001
2022-08-28,3.3188494635382844,12,0.15789254511276843,0.0,1001
2022-08-29,3.2984624108068386,3,0.19553013929844484,0.0,1001
2022-08-30,3.344282617889803,10,0.24842827389144234,0.0,1001
2022-08-31,3.3495385920454646,12,0.23556978124651679,0.0,1001
2022-09-01,3.260024315745069,6,0.17479619470092528,0.0,1001
2022-09-02,3.2142350207447623,6,0.2483330664685306,0.0,1001
2022-09-03,3.3672197910515576,11,0.33001486699624183,0.0,1001
2022-09-04,3.2915019999455977,10,0.15989253877771056,0.0,1001
2022-09-05,3.2633099589567993,7,0.33118215238439414,0.0,1001
2022-09-06,3.2985532868557432,8,0.2821806705662426,0.0,1001
2022-09-07,3.276231792989395,15,0.27515355436540356,0.0,1001
2022-09-08,3.2790499745114468,4,0.2903865660255618,0.0,1001
2022-09-09,3.2857267406017576,3,0.23142023391513347,0.0,1001
2022-09-10,3.340119257746525,17,0.28032911358765195,0.0,1001
2022-09-11,3.2964258581675447,15,0.3713649162460967,0.0,1001
2022-09-12,3.2737862060181104,4,0.4,0.0,1001
2022-09-13,3.371656197076986,4,0.2869094059434554,0.0,1001
2022-09-14,3.3178820706754304,12,0.2879647578183113,0.0,1001
2022-09-15,3.2979737466437165,8,0.20386155303655207,0.0,1001
2022-09-16,3.2886664580601823,12,0.3028320247697482,0.0,1001
2022-09-17,3.3259941737496006,10,0.4,0.0,1001
2022-09-18,3.356735862228331,9,0.18226243039614426,0.0,1001
2022-09-19,3.3202190709991255,8,0.4,0.0,1001
2022-09-20,3.2599309097978284,6,0.26256609849271934,0.0,1001
2022-09-21,3.3663231625062706,7,0.2509932399739933,0.0,1001
2022-09-22,3.3286274311727913,10,0.4,0.0,1001
2022-09-23,3.274777758811403,9,0.2829715168530646,0.0,1001
2022-09-24,3.2929221231720027,9,0.2629656471931097,0.0,1001
2022-09-25,3.290769840567479,9,0.22722609107374775,0.0,1001
2022-09-26,3.3592127403626217,9,0.1857053749327137,0.0,1001
2022-09-27,3.2479761182821347,8,0.4,0.0,1001
2022-09-28,3.3370448247623554,12,0.24008425546278817,0.0,1001
2022-09-29,3.228764604346263,5,0.2796781660415362,0.0,1001
2022-09-30,3.209524158342546,11,0.34656876239754286,0.0,1001
2022-10-01,3.2527816105321112,16,0.32057017226725965,0.0,1001
2022-10-02,3.2344609564729225,7,0.34648151163120183,0.0,1001
2022-10-03,3.269178524313534,7,0.23720115441590858,0.0,1001
2022-10-04,3.250371833398822,10,0.4,0.0,1001
2022-10-05,3.2314330654028844,8,0.4,0.0,1001
2022-10-06,3.337656911756018,8,0.2470071589385954,0.0,1001
2022-10-07,3.2194145037787174,4,0.37062392293275853,0.0,1001
2022-10-08,3.314926088067437,14,0.3630043592476886,0.0,1001
2022-10-09,3.2878741615332006,14,0.27350945575524416,0.0,1001
2022-10-10,3.368019646077833,3,0.31322723767259636,0.0,1001
2022-10-11,3.361878503305859,11,0.1906781107886236,0.0,1001
2022-10-12,3.2465024020860467,7,0.4,0.0,1001
2022-10-13,3.3171425746005703,5,0.25348366752228313,0.0,1001
2022-10-14,3.42506726148232,7,0.3367156558482825,0.0,1001
2022-10-15,3.335949858193384,11,0.31825001788320434,0.0,1001
2022-10-16,3.3239942274040963,7,0.353661355304657,0.0,1001
2022-10-17,3.331560963678512,4,0.27281787317527134,0.0,1001
2022-10-18,3.3199907943197844,8,0.27998063592256633,0.0,1001
2022-10-19,3.2698867138254246,5,0.31256542541979393,0.0,1001
2022-10-20,3.3685234823703163,12,0.3660046851811229,3.0106114202041544e-07,1001
2022-10-21,3.2923625393077085,9,0.4,1.146937321195336e-06,1001
2022-10-22,3.2446398077693583,5,0.29232368111104445,3.95496722320589e-06,1001
2022-10-23,3.270044907267974,19,0.2835771375250456,1.1716173949024324e-05,1001
2022-10-24,3.3718809456169705,4,0.20493792686407059,3.113033283586519e-05,1001
2022-10-25,3.2999091819284883,15,0.19627496437511976,7.455296414828474e-05,1001
2022-10-26,3.3370502179767407,10,0.16380594245379562,0.0001610550203820662,1001
2022-10-27,3.3254308894964058,5,0.17550845477396967,0.00031460623905947056,1001
2022-10-28,3.3451367990977876,8,0.2917281892643383,0.0005577782340845077,1001
2022-10-29,3.255049796179335,12,0.4,0.0009012738968555776,1001
2022-10-30,3.320225884411738,13,0.20705905497850602,0.001334488813944079,1001
2022-10-31,3.254514419748295,10,0.19983855364684047,0.0018238842052607585,1001
2022-11-01,3.249391021964638,10,0.13411594311164032,0.0023214205927925423,1001
2022-11-02,3.3288641516645283,9,0.17021470503346775,0.002780946925090045,1001
2022-11-03,3.2753701273464957,6,0.15013450166718326,0.0031723548684197424,1001
2022-11-04,3.2409685265524075,9,0.15830264312102532,0.003485688557114213,1001
2022-11-05,3.23692259874063,14,0.12090119205521724,0.0037269868203799327,1001
2022-11-06,3.229919403158159,12,0.14141947354798642,0.003911723921347859,1001
2022-11-07,3.199107697307253,11,0.1664861275987037,0.00406007638964348,1001
2022-11-08,3.1568972784185885,9,0.17472644902825854,0.004194194754522272,1001
2022-11-09,3.14822147196863,7,0.09882578870770842,0.00433006445090591,1001
2022-11-10,3.2231410910280487,8,0.23875830338399023,0.004468458241298487,1001
2022-11-11,3.220887925757056,10,0.1919987355141544,0.0045925312579239985,1001
2022-11-12,3.1750409427470907,9,0.16589457586372547,0.00467996766926263,1001
2022-11-13,3.1681071896981456,8,0.2854181432631833,0.004724843576952843,1001
2022-11-14,3.1429306380655953,6,0.15239732824254423,0.004752155387527514,1001
2022-11-15,3.158449741211948,3,0.14549785313496416,0.004812409686130293,1001
2022-11-16,3.266213827404536,6,0.26292287003795756,0.004955197042684126,1001
2022-11-17,3.068874000067011,4,0.14372889568742075,0.005200776286950687,1001
2022-11-18,3.15386562890926,8,0.20068110674219647,0.005525043359821513,1001
2022-11-19,3.1785585800059475,12,0.13498240794494704,0.005869597688566659,1001
2022-11-20,3.256195109961289,12,0.1717235201353192,0.006166836841512284,1001
2022-11-21,3.127046135819436,2,0.13981643053171547,0.006368669351689672,1001
2022-11-22,3.1830191800797265,9,0.2452600685807108,0.006465172682675883,1001
2022-11-23,3.154321310072199,9,0.3,0.006496529138277632,1001
2022-11-24,3.1352775986068595,10,0.3,0.006562697564581636,1001
2022-11-25,3.2227036169457572,13,0.3,0.00684119259849123,1001
2022-11-26,3.064364978904833,11,0.29570774896414115,0.0076073200764072285,1001
2022-11-27,3.204784942895294,16,0.3,0.009224064732200273,1001
2022-11-28,3.148300848688932,6,0.2091472184204104,0.012061861494243438,1001
2022-11-29,3.24347707845291,6,0.1268353189081653,0.016356942662127925,1001
2022-11-30,3.2055832656880483,14,0.22103302805995256,0.02204365722150631,1001
2022-12-01,3.348086933152709,14,0.26066343564617805,0.02868118421350077,1001
2022-12-02,3.2872729040522044,5,0.12634922893266037,0.03552245094294022,1001
2022-12-03,3.230979354134243,23,0.21858714492376904,0.04173257011667207,1001
2022-12-04,3.093440957904663,9,0.3,0.046647721028838386,1001
2022-12-05,3.240147614017208,8,0.17954335440661442,0.049946385913023535,1001
2022-12-06,3.200528035217959,6,0.15447748492986588,0.05167004187773259,1001
2022-12-07,3.263722108271814,4,0.18865011352158628,0.052103020090906796,1001
2022-12-08,3.3517852537465656,5,0.23095615606863332,0.051615266797429525,1001
2022-12-09,3.1945722433953034,9,0.16157416023140445,0.050537745778257565,1001
2022-12-10,3.3308121275213747,9,0.2337023244751433,0.049111564542338976,1001
2022-12-11,3.2519156456692433,11,0.16796855757049614,0.0475037516160638,1001
2022-12-12,3.120448708855541,7,0.3,0.04584460292334108,1001
2022-12-13,3.2790014368584925,8,0.17888041988038042,0.04427357054412312,1001
2022-12-14,3.1573185189308495,4,0.14686952564858466,0.042960451703934456,1001
2022-12-15,3.0393341070602102,10,0.1187526465656283,0.04210328439611098,1001
2022-12-16,3.1710837366417577,6,0.12404110800177727,0.04187769513024898,1001
2022-12-17,3.197096870095962,12,0.23441505648676156,0.04235858084945156,1001
2022-12-18,3.0302603784722435,8,0.1997843791682447,0.043439463137390034,1001
2022-12-19,3.112693484225876,8,0.16143463722636725,0.04481772184820048,1001
2022-12-20,3.095855431236731,5,0.17215959927485405,0.04608120328706814,1001
2022-12-21,3.1953577803395716,7,0.12799162552605556,0.04687898504574357,1001
2022-12-22,3.2565233834274356,9,0.24409745872653107,0.04709786875903012,1001
2022-12-23,3.118096584300664,7,0.14193379479952994,0.04693743324636687,1001
2022-12-24,3.3400235578094373,9,0.16313300397591254,0.04679082858384109,1001
2022-12-25,3.0538987686484576,10,0.2747456425096094,0.046997472133010004,1001
2022-12-26,3.2911789636066504,9,0.15164111044612769,0.047598940359733354,1001
2022-12-27,3.2764680188271633,7,0.15590841250043874,0.04828383281403199,1001
2022-12-28,3.13037987615061,7,0.168734379905657,0.04856587189076245,1001
2022-12-29,3.151606512020652,10,0.28381298045327624,0.04809490145943261,1001
2022-12-30,3.355353557543081,8,0.13927931762704338,0.04688402467191198,1001
2022-12-31,3.0585450800469682,7,0.16979683939185675,0.04531059674076446,1001
2023-01-01,3.1922925911047244,26,0.14392152469910946,0.04390338211019985,1001
2023-01-02,3.0999064385552724,13,0.3,0.0430488402186832,1001
2023-01-03,3.1972473375594004,6,0.2428820698959088,0.042802748467962955,1001
2023-01-04,3.270670295360061,7,0.22287412908805793,0.042897372007163384,1001
2023-01-05,3.130189096233783,5,0.2561154204692964,0.04291771182369485,1001
2023-01-06,3.2066036136201674,6,0.18767821318511366,0.04255142558074741,1001
2023-01-07,3.1491868437829402,10,0.2218698751882051,0.04174132418255541,1001
2023-01-08,3.309701181843585,10,0.10204608808055872,0.040684187458415746,1001
2023-01-09,3.1256078109443926,5,0.3,0.039668239255165876,1001
2023-01-10,3.095002988350076,16,0.3,0.038897649440873705,1001
2023-01-11,3.231973740940485,3,0.22324424195678577,0.038411836341573406,1001
2023-01-12,3.1541060699842793,12,0.3,0.03814710606278392,1001
2023-01-13,3.093969479794178,7,0.15043314218552795,0.03805593546485623,1001
2023-01-14,3.178575398355898,12,0.197807896991361,0.03816417219027474,1001
2023-01-15,3.3314478868527853,15,0.09532662909408805,0.03852235294424748,1001
2023-01-16,3.1998940214618634,12,0.2977881589846923,0.039119418927413975,1001
2023-01-17,3.2584946662813605,9,0.22420481468273695,0.03985568879139888,1001
2023-01-18,3.0425474023413144,6,0.21002671129974737,0.04062922833258891,1001
2023-01-19,3.3274837433753643,6,0.3,0.041450994395704883,1001
2023-01-20,3.1244201913271143,8,0.2092675511541798,0.042492079296480634,1001
2023-01-21,3.2230088546545117,16,0.08468821849972576,0.04399289640581679,1001
2023-01-22,3.0475456683474893,7,0.2492967826907872,0.046069175201094534,1001
2023-01-23,3.4249149507205874,5,0.3,0.04855248401532243,1001
2023-01-24,3.1201231981224784,6,0.22173848356495598,0.05097722643520641,1001
2023-01-25,3.1776682087978254,10,0.14672189229220273,0.05275705624309107,1001
2023-01-26,3.0766398368171406,14,0.1598516206466791,0.05344969495673643,1001
2023-01-27,3.148851520356326,7,0.2211917043756576,0.052950937432841516,1001
2023-01-28,3.292715780354395,14,0.2840895961730824,0.05150441526083526,1001
2023-01-29,3.3207190579049417,15,0.05,0.04953227465812644,1001
2023-01-30,3.2215790947222467,8,0.20238228975578354,0.047410194574099264,1001
2023-01-31,3.4316170050770305,13,0.2234323333726305,0.04532925007061105,1001
2023-02-01,3.190482279510098,10,0.18593361028146319,0.04331705915950852,1001
2023-02-02,3.041960542524244,6,0.09418208254827867,0.041376814863897514,1001
2023-02-03,3.0208850213652823,6,0.28957833110453335,0.03963204472106908,1001
2023-02-04,3.1026976589628417,13,0.19731081672330888,0.03835111472656531,1001
2023-02-05,3.1502095023320167,8,0.1366059904311679,0.03783629357235132,1001
2023-02-06,3.322232170950246,14,0.3,0.03826814956445097,1001
2023-02-07,3.2390445212441987,3,0.1371632677087721,0.03960319127939473,1001
2023-02-08,3.325557090864729,6,0.09553122618045491,0.04158983998662756,1001
2023-02-09,3.1259203142115637,6,0.10918364783095147,0.04385778486072032,1001
2023-02-10,3.087638568594275,4,0.10264020502350094,0.046022033245618266,1001
2023-02-11,3.1434659588891263,16,0.17754149820768056,0.047742315640614166,1001
2023-02-12,3.2918565824158796,13,0.10627353856382403,0.04874805994437793,1001
2023-02-13,3.29549830163858,10,0.2505915915127721,0.04886633045596807,1001
2023-02-14,3.158939158202921,13,0.21418389440683946,0.04806229135062415,1001
2023-02-15,3.0743413596581655,10,0.27029514029088175,0.04649082677922907,1001
2023-02-16,3.2967237574884654,6,0.12552462562800623,0.044499493104316196,1001
2023-02-17,3.165301318113109,2,0.18911991324986177,0.04256560343655669,1001
2023-02-18,3.284884627388362,20,0.17396436959865405,0.04116057229656989,1001
2023-02-19,3.2037862095255876,13,0.13832783594429574,0.04058881140746409,1001
2023-02-20,3.0981439580774355,10,0.20209594070467804,0.040876091480209445,1001
2023-02-21,3.1830994346719232,9,0.21635738034923183,0.041759426819239755,1001
2023-02-22,3.243147125498469,12,0.09634273113979039,0.04277185338908279,1001
2023-02-23,3.217329323955431,4,0.13501053700384605,0.04339600255565231,1001
2023-02-24,3.139289071368191,10,0.1271173848950311,0.04322194851095489,1001
2023-02-25,3.3003642116921617,13,0.14707792245844872,0.04207479191787346,1001
2023-02-26,3.2504666901415433,11,0.1990285804455379,0.04007532112526075,1001
2023-02-27,3.2044708706169107,4,0.26587137183247284,0.03759726199011916,1001
2023-02-28,3.2064359171652943,9,0.07416883098928953,0.035141850351163455,1001
2023-03-01,3.2404573585251404,8,0.1199763129665588,0.03316047427095493,1001
2023-03-02,3.277303342295423,8,0.185780416869597,0.031922123310354336,1001
2023-03-03,3.1681691823557285,6,0.15091509635911118,0.03147106172376129,1001
2023-03-04,3.2442143072371703,12,0.2524961462632853,0.031697473053346276,1001
2023-03-05,3.222872435969434,11,0.3,0.03245338644304202,1001
2023-03-06,3.2406181677070998,9,0.21157624211604842,0.033627274860411685,1001
2023-03-07,3.2788348699435286,8,0.3,0.035132841763484565,1001
2023-03-08,3.1777015776970794,12,0.17942959861726837,0.0368368467236764,1001
2023-03-09,3.3100400110808113,3,0.27975140522978476,0.03850933204396426,1001
2023-03-10,3.31528317970924,11,0.09879792396672783,0.039865004185790184,1001
2023-03-11,3.247770922141791,13,0.2809985849435486,0.04068951350699684,1001
2023-03-12,3.1863640773421587,9,0.19230505774160273,0.04098204528262138,1001
2023-03-13,3.3292754881038342,8,0.23414417450169514,0.040997116315543154,1001
2023-03-14,3.1561538029702865,6,0.05020837282835236,0.041150849692689756,1001
2023-03-15,3.1297385629807994,9,0.3,0.04182915175059173,1001
2023-03-16,3.2790505220181334,10,0.3,0.04320267153705292,1001
2023-03-17,3.1478089451101483,8,0.2945018590500627,0.04513753642836643,1001
2023-03-18,3.1834244110830046,22,0.10449208332432,0.047247997912119546,1001
2023-03-19,3.2158533871727983,17,0.3,0.0490488636479862,1001
2023-03-20,3.172875723109645,10,0.22385160767306256,0.05012545084748943,1001
2023-03-21,3.124449108599809,4,0.1236575432541159,0.050274995357843424,1001
2023-03-22,3.1731746913574854,10,0.27716322050166664,0.04954682473039692,1001
2023-03-23,3.2343590797291313,10,0.1633102643139973,0.048221901998111376,1001
2023-03-24,3.057718915564528,6,0.14154259165597083,0.04671993667095397,1001
2023-03-25,3.064724280699057,13,0.23215600430241903,0.04547958967801149,1001
2023-03-26,3.298719123127681,13,0.2203851011299285,0.044838261205161434,1001
2023-03-27,3.3517478775714,9,0.17717649731884735,0.044941895096331674,1001
2023-03-28,3.149044203866387,5,0.07446439542081557,0.04573201865028139,1001
2023-03-29,3.16682507458451,12,0.3,0.04700455771226418,1001
2023-03-30,3.1833716695732694,19,0.12774170373493712,0.048514765070890045,1001
2023-03-31,3.272714429133103,9,0.06090101910828055,0.05007490203059207,1001
2023-04-01,3.1960173869469743,11,0.3,0.05158521721609505,1001
2023-04-02,3.2755599007661615,7,0.12979759097637766,0.053020197484739594,1001
2023-04-03,3.2247281474777347,8,0.0971919691207691,0.05438438488173521,1001
2023-04-04,3.0171119428339916,8,0.16655005880264293,0.05568556994470816,1001
2023-04-05,3.0402715467592674,2,0.14560632164649392,0.05693678656351541,1001
2023-04-06,3.234107741597719,3,0.2822154481021948,0.05815285574727475,1001
2023-04-07,3.3231849401929656,15,0.1997689771062178,0.05933158065261421,1001
2023-04-08,3.207401597905798,9,0.14255681501882153,0.06040212774314797,1001
2023-04-09,3.240667129473509,21,0.17099096172393724,0.06118799646183262,1001
2023-04-10,3.2781546362843614,10,0.08984398072540212,0.06141541005211787,1001
2023-04-11,3.3352967422537727,3,0.09140257459182553,0.06079717838577936,1001
2023-04-12,3.110723364152073,5,0.19982275207754027,0.05915103322387849,1001
2023-04-13,3.20057002068254,8,0.17228301329221807,0.0565070078874589,1001
2023-04-14,3.1985160913151445,5,0.26524432253008906,0.05314966636058114,1001
2023-04-15,3.1886406937876273,12,0.10564676898736462,0.049573851006625924,1001
2023-04-16,3.238298469062694,17,0.09598501632589157,0.04637135874489419,1001
2023-04-17,3.2643886908884534,11,0.08252604245718008,0.04403649467865243,1001
2023-04-18,3.135960859291411,7,0.25846776414608,0.04278667914338964,1001
2023-04-19,3.0908813178417254,7,0.14860652248264414,0.04246342187682279,1001
2023-04-20,3.104117200924385,7,0.16735197876341318,0.042651436053403505,1001
2023-04-21,3.2067600702300147,13,0.18772434857072515,0.04295967929311969,1001
2023-04-22,3.1861303561039156,13,0.28955951022368154,0.04331976369477391,1001
2023-04-23,3.2121389929534567,14,0.11498185812942156,0.04409896634053967,1001
2023-04-24,3.1825106453071914,9,0.10256443199612612,0.04593994276454707,1001
2023-04-25,3.195207507031994,7,0.24467520524633452,0.04946086394380917,1001
2023-04-26,3.2947860005198413,10,0.22750056655958834,0.05499382720464818,1001
2023-04-27,3.173011923661101,2,0.15603479386940552,0.062482930893293334,1001
2023-04-28,3.2905214917143466,8,0.23194619406055308,0.07150241057374407,1001
2023-04-29,3.2676973082524308,13,0.19296851030829712,0.08133122650932559,1001
2023-04-30,3.1314317244423417,10,0.3,0.09103667544735,1001
2023-05-01,3.25079918129283,7,0.17778557459522518,0.09965327173317756,1001
2023-05-02,3.2055668896213367,14,0.16999970860942382,0.10642715165364189,1001
2023-05-03,3.425531430658005,4,0.24249934713737148,0.11103582179089609,1001
2023-05-04,3.1054983635462463,9,0.15911960049006743,0.11364976547337047,1001
2023-05-05,3.146038763621634,14,0.22935575056734803,0.11475896052255488,1001
2023-05-06,3.152101440153921,21,0.17770697083349882,0.11490169231260361,1001
2023-05-07,3.1607427391434904,14,0.2746603171096743,0.11444946716559301,1001
2023-05-08,3.1637697958985327,13,0.2152802345512232,0.11358571739379028,1001
2023-05-09,3.2438266595713365,9,0.19078489037839844,0.1124054589224428,1001
2023-05-10,3.0822279290615935,10,0.15966272182426816,0.11103648630641713,1001
2023-05-11,3.311020967062284,11,0.16204547461135618,0.10966896300549128,1001
2023-05-12,3.3652593598000116,4,0.20792988167481632,0.10850550450317203,1001
2023-05-13,3.132039714234331,10,0.2828767473160918,0.10769790865697675,1001
2023-05-14,3.2378115272454835,11,0.21923066147294917,0.10735085593629265,1001
2023-05-15,3.2368933411818808,10,0.2950273704051957,0.10752102392411722,1001
2023-05-16,3.0763730172572714,11,0.12507184364042873,0.10822103069405259,1001
2023-05-17,3.180262627621488,16,0.24252290176277463,0.10935494299385423,1001
2023-05-18,3.2582835178738216,9,0.3,0.11065781508939279,1001
2023-05-19,3.2476434645934598,9,0.15147817103018205,0.11168200578647125,1001
2023-05-20,3.301083359068131,10,0.24541403042734117,0.1118857362039903,1001
2023-05-21,3.250367297981396,12,0.11885980667719352,0.11081623959568823,1001
2023-05-22,3.269314318775492,9,0.1940611301553867,0.10831081608073766,1001
2023-05-23,3.150794304623646,9,0.3,0.1046095329748443,1001
2023-05-24,3.142212095201363,7,0.06636079065768012,0.1003133673745162,1001
2023-05-25,3.1140315581526807,7,0.18375327697932473,0.09620577363163328,1001
2023-05-26,3.392415294394162,4,0.3,0.09300394220951537,1001
2023-05-27,3.3471327266350217,9,0.1690709284747138,0.09114202039908931,1001
2023-05-28,3.2484154969774943,8,0.15270597330364602,0.09064724096004474,1001
2023-05-29,3.14389271032445,8,0.24450430225250763,0.09114316205901823,1001
2023-05-30,3.1994092806966643,8,0.3,0.09202755565699,1001
2023-05-31,3.208517865462874,9,0.22437508323586075,0.09273473489190917,1001
2023-06-01,3.090252640785273,16,0.258658139040766,0.092983704307579,1001
2023-06-02,3.171746694771448,7,0.17121690580593021,0.09285630825235532,1001
2023-06-03,3.2248354182776184,9,0.0857429550194749,0.0926833225821938,1001
2023-06-04,3.212270447752484,19,0.3,0.09278540396008417,1001
2023-06-05,3.2464046234333184,12,0.1632574423481602,0.09324961759559491,1001
2023-06-06,3.0825055053306567,6,0.25853076049290896,0.09385333729083617,1001
2023-06-07,3.224258384044919,12,0.10805892689639318,0.0941556517602121,1001
2023-06-08,3.09371727563491,8,0.19327785171688977,0.09374201880051092,1001
2023-06-09,3.2009466014589787,15,0.2506353693740679,0.09249100996220921,1001
2023-06-10,3.28397562922891,7,0.3,0.09072178815911212,1001
2023-06-11,3.2053254488879217,10,0.2564006756317936,0.08910620510716412,1001
2023-06-12,3.204619019588453,3,0.276778400342669,0.08834317680567617,1001
2023-06-13,3.418905563200345,7,0.3,0.0887960366979061,1001
2023-06-14,3.3897934427263654,8,0.10000239407547104,0.09029722303827983,1001
2023-06-15,3.105730137691137,18,0.19922261461115157,0.0922548956168282,1001
2023-06-16,3.1175087296071733,13,0.2809544887772412,0.09397509885256308,1001
2023-06-17,3.1317015850206853,14,0.1891787532255357,0.09498982627932236,1001
2023-06-18,3.1089680698143423,17,0.2946483499429673,0.09520733822731031,1001
2023-06-19,3.1322979212394046,27,0.2393688692649849,0.09486931592732512,1001
2023-06-20,3.054290168596763,8,0.14674763162698692,0.09438375429011729,1001
2023-06-21,3.244141350185144,12,0.16837599252334992,0.09417528095930643,1001
2023-06-22,3.1731367640078894,12,0.11101200827372049,0.094581594532323,1001
2023-06-23,3.238256932933514,12,0.06432353293773437,0.09579062506445697,1001
2023-06-24,3.223938801911361,14,0.24073800895560735,0.0977688613576547,1001
2023-06-25,2.988520437212068,20,0.14942572002616525,0.1002156717636294,1001
2023-06-26,3.325361389807805,7,0.11336387908223045,0.10259786339367834,1001
2023-06-27,3.0393728141584515,12,0.17481494931721447,0.10429987585100031,1001
2023-06-28,3.100275655902063,9,0.19969166864487758,0.10486916958727771,1001
2023-06-29,3.096355017559243,7,0.1928993133490098,0.10421498450936414,1001
2023-06-30,3.156517280981712,13,0.07759646154448878,0.10264431998705256,1001
2023-07-01,3.0552797732468457,28,0.24480524456737981,0.1007285090104476,1001
2023-07-02,3.2332804038123,11,0.166350395082138,0.09907341794758664,1001
2023-07-03,3.275440437223239,9,0.2504550660587337,0.09808320970310679,1001
2023-07-04,3.244230013070047,15,0.19939505715869868,0.09784438731061183,1001
2023-07-05,3.2112645042692263,7,0.3,0.09812022104407474,1001
2023-07-06,3.213776972068104,8,0.23565080956299653,0.09850549449135597,1001
2023-07-07,3.3028474578240177,12,0.17240403975026164,0.098647142576636,1001
2023-07-08,3.287919763423528,12,0.12740534798914707,0.0984222846030668,1001
2023-07-09,3.1844777488439293,19,0.2772108827871236,0.09799807701875879,1001
2023-07-10,3.1954925676980466,11,0.2815825553925426,0.0977627387980414,1001
2023-07-11,3.1940111068914687,12,0.19645317295450523,0.09817424623098114,1001
2023-07-12,3.3295213880492436,8,0.18458083535899478,0.09962042383027074,1001
2023-07-13,3.216587833343366,8,0.23551080180010917,0.10227656919717609,1001
2023-07-14,3.030486665413449,11,0.3,0.10601565793442774,1001
2023-07-15,3.199942001936613,14,0.28144854929090635,0.11038736235331631,1001
2023-07-16,3.204503728182781,18,0.12208080689396911,0.1146870558606631,1001
2023-07-17,3.12703597935769,12,0.25934052196591545,0.1181252956920674,1001
2023-07-18,3.2319250322257864,8,0.26844159204610907,0.12002925863437411,1001
2023-07-19,3.1380704444528527,6,0.26241423202298214,0.11998965926282668,1001
2023-07-20,3.1977146098159355,6,0.1990096327585899,0.1179375023786399,1001
2023-07-21,3.216878880577487,7,0.13518085744835148,0.11412763727965508,1001
2023-07-22,3.230853498112848,14,0.08392174099270189,0.10907925655123951,1001
2023-07-23,3.2024510659612133,8,0.14005887139924444,0.10346450006770411,1001
2023-07-24,3.269762543876836,8,0.20363867618977408,0.09800117273916815,1001
2023-07-25,3.1168047570606885,7,0.3,0.09334998062677448,1001
2023-07-26,3.2097474362539806,16,0.15435116108427163,0.09005694787867716,1001
2023-07-27,3.1996141423560482,4,0.10909094338341158,0.0885088252860817,1001
2023-07-28,3.1917563685682144,7,0.1501412034428963,0.08887868171894672,1001
2023-07-29,3.387953290022547,9,0.1401783847956302,0.09102697340047151,1001
2023-07-30,3.2735768921949084,20,0.21385349344450008,0.09443077647926942,1001
2023-07-31,3.2265217052658324,9,0.05,0.09819657342913873,1001
2023-08-01,3.138623450925733,8,0.07794919581813325,0.10127327763213893,1001
2023-08-02,3.220465046141133,8,0.10143404074789744,0.10279788927989318,1001
2023-08-03,3.1405738712604343,11,0.14697055943326393,0.10243093942210449,1001
2023-08-04,3.17204815048934,8,0.21291999936530387,0.10047833247784266,1001
2023-08-05,3.1217980319740506,14,0.20416733730521386,0.0977243407115503,1001
2023-08-06,3.244717633862947,17,0.11942485522778416,0.09506969307529564,1001
2023-08-07,3.2661795542969543,4,0.1953015256591049,0.09317862491252735,1001
2023-08-08,3.1937355773754903,22,0.3,0.09228929416557986,1001
2023-08-09,3.287325521352647,12,0.09255131759192865,0.09224789438311333,1001
2023-08-10,3.157890683914366,4,0.14381106816388783,0.09268931742253646,1001
2023-08-11,3.421673056842636,17,0.22216980951567664,0.09322792293071118,1001
2023-08-12,3.233488665576733,6,0.17196268289374805,0.09358094868652145,1001
2023-08-13,3.1417882608582945,17,0.09254062742673218,0.09360381253940815,1001
2023-08-14,3.1027047378245145,9,0.19913234693893422,0.09326068508542215,1001
2023-08-15,3.209339110600417,14,0.07771786323272414,0.09265278623997025,1001
2023-08-16,3.1626776820246514,9,0.18632955836824083,0.09206342606431919,1001
2023-08-17,3.374843997557588,17,0.14349142644229607,0.09196183609046052,1001
2023-08-18,3.2062987314571374,9,0.148877180806075,0.09285503102363259,1001
2023-08-19,3.216795570288588,9,0.21124365863987568,0.09503657193249833,1001
2023-08-20,3.291216048861016,9,0.17299237307330584,0.09837504074867261,1001
2023-08-21,3.0895423519516294,13,0.19660093116460053,0.10233174746307334,1001
2023-08-22,3.1523701024889954,14,0.07781177585192427,0.10617400870864795,1001
2023-08-23,3.175508353617546,4,0.3,0.10926285244648387,1001
2023-08-24,3.0701594917229915,6,0.3,0.11121415267242707,1001
2023-08-25,3.293701058092204,12,0.11149376233519864,0.11188982578977713,1001
2023-08-26,3.216985958552201,11,0.086599278160111,0.11130840728824204,1001
2023-08-27,3.062233624909119,12,0.18052256485791215,0.10958898878413188,1001
2023-08-28,3.1814865397995713,8,0.23314222554413505,0.10695379669409581,1001
2023-08-29,3.3167029159796884,8,0.22003887175916403,0.1037529507613636,1001
2023-08-30,3.268832164054777,4,0.24167776529583973,0.1004500380336337,1001
2023-08-31,3.1735881759155475,17,0.20185827082748675,0.09751111978935856,1001
2023-09-01,3.1373750981783632,17,0.15839873981745678,0.09526840578715962,1001
2023-09-02,3.2021113779240777,14,0.22657717065014463,0.09380529906852234,1001
2023-09-03,3.271794816620272,17,0.05318430481103834,0.09296127392281868,1001
2023-09-04,3.195653999874282,8,0.13147639001691422,0.09244897756171475,1001
2023-09-05,3.3972891050040936,11,0.1571010909770835,0.09201916018403637,1001
2023-09-06,3.1118715343435945,11,0.1915337596564495,0.09155511479040251,1001
2023-09-07,2.9479910759600854,9,0.29958105105445515,0.09103795715866722,1001
2023-09-08,3.281006274974812,13,0.05,0.09046003739281791,1001
2023-09-09,3.25218572701641,21,0.25556717448974986,0.08975077324083015,1001
2023-09-10,3.161491903931207,13,0.23752692569242545,0.0888179026210641,1001
2023-09-11,3.2744946731871343,8,0.05,0.08766319346311763,1001
2023-09-12,3.356733372931357,7,0.128992484855421,0.08647470041631457,1001
2023-09-13,3.3022048981578473,13,0.11702389650689159,0.08562452723341632,1001
2023-09-14,3.163535807488119,12,0.21683221272001701,0.08553890508887418,1001
2023-09-15,3.3358493139446597,13,0.13776116265179636,0.08651228200076534,1001
2023-09-16,3.236046194105507,16,0.14298383947211454,0.08853578505339371,1001
2023-09-17,3.3532030948426224,11,0.19979719758848097,0.09122870863588199,1001
2023-09-18,3.218933738036709,3,0.12002233586731756,0.09391120678477455,1001
2023-09-19,3.189490029435664,11,0.1475649212312854,0.09584883582085896,1001
2023-09-20,3.0885615701879967,13,0.1492790095537051,0.09656741769689353,1001
2023-09-21,3.118450083261565,13,0.2803309014658498,0.09612126144127732,1001
2023-09-22,3.2522722347024327,3,0.24587594330735152,0.09511779002477205,1001
2023-09-23,3.2871776968048474,6,0.18907438285333952,0.09444621256908618,1001
2023-09-24,3.371980587819458,10,0.16813900423213776,0.0948281323481216,1001
2023-09-25,2.9862321692601013,15,0.21373171540653588,0.09645456894131454,1001
2023-09-26,3.258001731579283,16,0.12012066744577059,0.09888408849322926,1001
2023-09-27,3.2010692461725463,12,0.09897644065055954,0.10128538000781515,1001
2023-09-28,3.094765541369239,13,0.2708574131390397,0.10286285710141327,1001
2023-09-29,3.1472063786194098,13,0.10452433881383842,0.10323703222448856,1001
2023-09-30,3.1910341991494464,18,0.3,0.10258933369086906,1001
2023-10-01,3.152448408299302,13,0.15763607522520193,0.10149242938873852,1001
2023-10-02,3.1974599067147595,15,0.25385721795237265,0.10055100693016145,1001
2023-10-03,3.267248078278007,10,0.14518923918272705,0.10007148267238401,1001
2023-10-04,3.351782185697997,6,0.12591562545189747,0.09996301583660316,1001
2023-10-05,3.18625775975761,7,0.09940389048875126,0.09988886082197364,1001
2023-10-06,3.2010224348023786,12,0.06456505594602238,0.09953058371717813,1001
2023-10-07,3.2703364088294076,17,0.22359955202363513,0.09876527671648322,1001
2023-10-08,3.1599904445439617,15,0.1842861128833992,0.09765642567918031,1001
2023-10-09,3.1037679447315374,10,0.18487913119710608,0.09636097468449167,1001
2023-10-10,3.3041565231580825,12,0.21444384279805254,0.09505243962407134,1001
2023-10-11,3.241805575929289,10,0.19459469622602185,0.09395141504099601,1001
2023-10-12,3.160729434732056,8,0.3,0.09337553750039554,1001
2023-10-13,3.181732956765537,10,0.3,0.09373752624066299,1001
2023-10-14,3.2593413388186794,13,0.177912117230502,0.09540332496927464,1001
2023-10-15,3.118533750834638,16,0.20093403696506948,0.0984726532408389,1001
2023-10-16,3.218731408694494,11,0.2089308821319373,0.10258861948784481,1001
2023-10-17,3.415897359191189,8,0.13189063786970526,0.10693629848101392,1001
2023-10-18,3.2753157154437527,7,0.3,0.11047187790331012,1001
2023-10-19,3.0734450857654476,13,0.05,0.11231509544905594,1001
2023-10-20,3.1885252024999744,5,0.3,0.11211401872517229,1001
2023-10-21,3.2788066714617976,23,0.2049587076618195,0.11019301594246363,1001
2023-10-22,3.2737246838245775,22,0.20695402435069407,0.10744763814341118,1001
2023-10-23,3.1550745569326657,12,0.1559685794615521,0.10500723603252249,1001
2023-10-24,3.25488366841806,16,0.2515997161844371,0.10384573295511662,1001
2023-10-25,3.30101223884782,5,0.17051407448087524,0.10447375276316201,1001
2023-10-26,3.2311368193767023,7,0.3,0.10691575558885542,1001
2023-10-27,3.249373157430282,10,0.3,0.1109030122844773,1001
2023-10-28,3.156572242000401,16,0.2900385185867886,0.11618408789533766,1001
2023-10-29,3.2042207629810733,12,0.15535401800216636,0.12267908235942086,1001
2023-10-30,3.1942484132284004,8,0.19396753268658357,0.13035881907398017,1001
2023-10-31,3.183637944589886,11,0.2873068057366428,0.13897825671803876,1001
2023-11-01,3.2826938618230783,7,0.27897423033765334,0.14791508047804272,1001
2023-11-02,3.2496999048163113,6,0.23701769023130345,0.156286689683304,1001
2023-11-03,3.2080807654699792,8,0.3,0.16328540994891444,1001
2023-11-04,3.097680895136271,11,0.18547878401902612,0.16847678889056583,1001
2023-11-05,3.408734878975959,15,0.2487837583707888,0.1718835747737793,1001
2023-11-06,3.0653623796951734,7,0.15095620489750144,0.17384399460699768,1001
2023-11-07,3.348396693652526,6,0.3,0.17479163323953076,1001
2023-11-08,3.231871650372432,11,0.2761708289959978,0.17506071296948006,1001
2023-11-09,3.172373416359778,12,0.17702401468831266,0.17480363138627442,1001
2023-11-10,3.22152376836149,10,0.16916352698481335,0.17402854409180307,1001
2023-11-11,2.9395511972323547,17,0.24691776218239497,0.17271745782326475,1001
2023-11-12,3.2744356505936323,11,0.2978702313770713,0.17099653031761491,1001
2023-11-13,3.1670942478047195,12,0.1725651240334185,0.16923511315710824,1001
2023-11-14,3.3172557645160072,8,0.09442510467624349,0.16802056010800775,1001
2023-11-15,3.2415531518606278,6,0.2036676541697856,0.16797369459558012,1001
2023-11-16,3.2413449067890907,10,0.24780049548180982,0.16947216881141844,1001
2023-11-17,3.08748549957039,3,0.09926918806357433,0.1724490721741027,1001
2023-11-18,3.1342351713248324,13,0.3,0.1763755939699427,1001
2023-11-19,3.182915883957577,12,0.1765008167186794,0.18045452784140806,1001
2023-11-20,3.2190195125581984,6,0.2292798628696706,0.1839128525633931,1001
2023-11-21,3.170174550508239,12,0.11610764335109545,0.18624160500622172,1001
2023-11-22,3.0949643063932366,6,0.16271861322039669,0.18724895922636284,1001
2023-11-23,3.222382773623512,1,0.11716364482319629,0.18701131183283967,1001
2023-11-24,3.0289802554682077,16,0.14408504317938775,0.18579149301484443,1001
2023-11-25,3.3188298365429874,17,0.3,0.18398756051765922,1001
2023-11-26,3.236177133132959,21,0.3,0.1820795770437572,1001
2023-11-27,3.1713062636170717,18,0.2699727475186037,0.18049438524981562,1001
2023-11-28,3.2251111712161196,10,0.13359823494372564,0.17940706650151692,1001
2023-11-29,3.418348021895885,15,0.18829537946455824,0.17861662698482547,1001
2023-11-30,3.0740491353899446,6,0.2091175570578802,0.17764013921894917,1001
2023-12-01,3.2289483770405694,5,0.17117635812129317,0.17602976193207745,1001
2023-12-02,3.0511167218354633,10,0.12245325946585847,0.17372376325582053,1001
2023-12-03,3.271631329338747,12,0.11008109680240641,0.17118458617751536,1001
2023-12-04,3.135360717354355,8,0.1597673172360674,0.16919257460691434,1001
2023-12-05,3.0865826684992106,8,0.08732522738902321,0.16842118366276476,1001
2023-12-06,3.124439074676645,11,0.05,0.16908970928179687,1001
2023-12-07,3.180672700180476,12,0.3,0.17091696537023088,1001
2023-12-08,3.2443012022346114,12,0.1296054624181433,0.17338243218015104,1001
2023-12-09,3.2143098771458085,15,0.1688647084712265,0.17605616757624942,1001
2023-12-10,3.2857451670761044,21,0.09831105540922166,0.17876343146365667,1001
2023-12-11,3.2592061690274328,13,0.3,0.1814972079385531,1001
2023-12-12,3.114087164300329,11,0.3,0.18421920682418874,1001
2023-12-13,3.117387191243938,12,0.06871184030287579,0.18670289716784022,1001
2023-12-14,3.208340646894827,7,0.11600958034415904,0.18853910597620635,1001
2023-12-15,3.2490770862670333,8,0.25926869268267483,0.18925232822463278,1001
2023-12-16,3.132790042723803,13,0.16583758384422498,0.18849219668938347,1001
2023-12-17,3.205511863490699,19,0.18688604237487827,0.1862223532694614,1001
2023-12-18,3.2292373029244277,11,0.12016913188493737,0.18282985283202424,1001
2023-12-19,3.293585038778182,7,0.14812299560873077,0.17907878153358736,1001
2023-12-20,3.0174033629361876,6,0.21491734708921864,0.1758653459537452,1001
2023-12-21,3.049456097293789,10,0.19256649419768618,0.1738651571049541,1001
2023-12-22,3.3358048997664387,10,0.3,0.17330425007423272,1001
2023-12-23,3.142945438189277,12,0.1334307395838036,0.17399379934015813,1001
2023-12-24,3.2503325614907785,19,0.2499712712035183,0.17559404656676053,1001
2023-12-25,3.2355780278433803,5,0.19650212059968322,0.1778365930291308,1001
2023-12-26,3.2782224301647287,16,0.1617430231209484,0.18056015417292434,1001
2023-12-27,3.1887773607712946,10,0.09358415989386593,0.18355349720229144,1001
2023-12-28,3.1747548810988913,6,0.21864890989768834,0.18644564142212267,1001
2023-12-29,3.187493200399152,8,0.15101229501334612,0.18875326026808126,1001
2023-12-30,3.1699678605321897,12,0.17603343537541158,0.19007556588793928,1001
2023-12-31,3.167414726831459,16,0.20022792086172286,0.19024534145145583,1001
2024-01-01,3.208373152504517,13,0.17093680075726947,0.18933135487433195,1001
2024-01-02,3.116669713595223,8,0.3,0.18754795964048593,1001
2024-01-03,3.2907623704999738,6,0.12192991761242353,0.18517172248943908,1001
2024-01-04,3.094026805285107,10,0.29349783896498416,0.18253285695010252,1001
2024-01-05,3.198190044483489,12,0.18960981444349237,0.18000367219673535,1001
2024-01-06,3.2415490618276754,11,0.3,0.17792024209899424,1001
2024-01-07,3.15093059510775,21,0.09940527045664582,0.17644082761589142,1001
2024-01-08,3.222982604323138,5,0.20875974753045318,0.17548790918654342,1001
2024-01-09,3.0715477726701446,7,0.2125791685509131,0.17486453802103646,1001
2024-01-10,3.1444843759773105,8,0.12923573030046978,0.17453016983101022,1001
2024-01-11,3.2009482454128144,5,0.3,0.17477656545857684,1001
2024-01-12,3.031109629927356,3,0.1177317151330187,0.17614466728299996,1001
2024-01-13,3.0504670686821735,14,0.12729284304724228,0.17906028852011152,1001
2024-01-14,3.1180424392475805,21,0.11885663279667223,0.18347328521275771,1001
2024-01-15,3.157224245634206,8,0.3,0.18875836904626866,1001
2024-01-16,3.232096882583072,7,0.3,0.19395936812467185,1001
2024-01-17,3.1364284351444414,16,0.19383262225188,0.19820587676461449,1001
2024-01-18,3.333895581005269,11,0.3,0.20105124254533052,1001
2024-01-19,3.318626719400765,12,0.2770213207387025,0.2025428673526243,1001
2024-01-20,3.230940102592767,11,0.24738486566576362,0.20306117357003348,1001
2024-01-21,3.182653805232131,10,0.15996874407904665,0.20305426157916517,1001
2024-01-22,3.226838710902798,14,0.1575219882847244,0.20282695253934788,1001
2024-01-23,3.170995077258193,7,0.3,0.2024641080558534,1001
2024-01-24,3.0207160433860647,7,0.13853226567051757,0.20187791785447767,1001
2024-01-25,3.4211255408044514,3,0.2033190973301292,0.2009282210652326,1001
2024-01-26,3.3419006191597376,14,0.1769544126380909,0.19956441553680532,1001
2024-01-27,3.1457401452126454,15,0.21933875223798802,0.1979310635789199,1001
2024-01-28,3.2856884679119687,12,0.1279493593028856,0.19638249458391965,1001
2024-01-29,3.240772469476001,8,0.1999593065116177,0.19536482978487069,1001
2024-01-30,3.2227862471175923,10,0.1117466274739441,0.19519581391646093,1001
2024-01-31,3.1467347744219323,8,0.18470422399880237,0.19584214860048335,1001
2024-02-01,3.152158983739855,3,0.09669123671082859,0.1968881038076995,1001
2024-02-02,3.2782093169596975,14,0.15579767233376632,0.19770404554261206,1001
2024-02-03,3.2888628442903074,14,0.20987182834024748,0.19775956407862202,1001
2024-02-04,3.091831564934312,12,0.11454896077487876,0.19682938811617282,1001
2024-02-05,3.175717069135294,3,0.2943823991800211,0.19502460928387721,1001
2024-02-06,3.1445539162041882,3,0.07000628582851437,0.19263605247142676,1001
2024-02-07,3.3426416616572463,10,0.18182395545371682,0.1899798588413707,1001
2024-02-08,3.287071845336238,14,0.21983619014524566,0.18731984381185784,1001
2024-02-09,3.1909549727677136,11,0.28621009511743795,0.18490633902617126,1001
2024-02-10,3.1536261621253665,12,0.18545731077805874,0.18300866135138294,1001
2024-02-11,3.112010856836533,16,0.2156054262264473,0.18190107487994847,1001
2024-02-12,3.095425721971285,11,0.11188015801831265,0.18177388636462924,1001
2024-02-13,3.099122134671019,10,0.18270488370572466,0.18266873869024403,1001
2024-02-14,3.167446030861944,10,0.16512702590651376,0.18443765312664384,1001
2024-02-15,3.1705069991007386,14,0.2596259942331164,0.1867611750132377,1001
2024-02-16,3.197670033392011,14,0.10596801173886677,0.18916966824792802,1001
2024-02-17,3.2390108693890602,21,0.19724183169840956,0.19107710429115796,1001
2024-02-18,3.2129455574882093,15,0.21640058779285454,0.19188608113876612,1001
2024-02-19,3.1321103106868393,14,0.19362488317108245,0.19118141037823927,1001
2024-02-20,3.223241556794675,15,0.24460129829010063,0.18894861702565113,1001
2024-02-21,3.230039218278629,8,0.3,0.18567930994428783,1001
2024-02-22,3.087765925239553,12,0.3,0.18226600595857162,1001
2024-02-23,3.3149301583571353,14,0.3,0.17966177242399833,1001
2024-02-24,3.0620748869785728,11,0.18693478628959198,0.17845268186879176,1001
2024-02-25,3.243207122586306,16,0.2166588506009821,0.17857452054383718,1001
2024-02-26,3.2736064624834884,6,0.2676574446014017,0.17934386424059434,1001
2024-02-27,3.2488055010288344,15,0.3,0.17982968686532633,1001
2024-02-28,3.2037023550906913,12,0.28707948191656224,0.17935303569134511,1001
2024-02-29,3.051692910473745,12,0.07774239493570463,0.17786394226175337,1001
2024-03-01,3.2108365800788063,10,0.15955127210171907,0.17596196003852912,1001
2024-03-02,3.201666770034868,20,0.23849948664975923,0.17457523701891378,1001
2024-03-03,3.100046033271101,15,0.17134439879073832,0.17448503546543392,1001
2024-03-04,3.1501760656875044,8,0.16714407093385558,0.17597810472494668,1001
2024-03-05,3.1159942925252673,10,0.1276234675651507,0.178833780029023,1001
2024-03-06,3.071034768082517,3,0.2692953016215963,0.18260107995482228,1001
2024-03-07,3.3074353634689375,10,0.143436387062737,0.18691773477607848,1001
2024-03-08,3.2393628610826166,15,0.09100623863373034,0.19162994164196295,1001
2024-03-09,3.1441579428120923,21,0.14885637244891978,0.19660808482288414,1001
2024-03-10,3.2206487072039955,15,0.08542825143130535,0.201464132489728,1001
2024-03-11,3.208684903478881,8,0.16251860052452113,0.2054495005509457,1001
2024-03-12,3.1254779732817433,11,0.1199640758505608,0.20770139581114758,1001
2024-03-13,3.175805471094527,15,0.17619344097219747,0.20770530502537818,1001
2024-03-14,3.1815023074066593,7,0.14292853267216513,0.2056366664831939,1001
2024-03-15,3.294863356160701,14,0.25491822926982305,0.20236282516718865,1001
2024-03-16,3.2686826123474395,7,0.07479138640706579,0.19906747023275104,1001
2024-03-17,3.2295441526342974,19,0.22877524855432252,0.19671388911044874,1001
2024-03-18,3.09528830670307,6,0.13578443967569873,0.19563222200138244,1001
2024-03-19,3.2357315152410204,15,0.3,0.19545635139850265,1001
2024-03-20,3.3168354242739793,10,0.19481038186389402,0.19542236280150446,1001
2024-03-21,3.2953122157745254,10,0.2982950906349529,0.19482702443411032,1001
2024-03-22,3.203880483440354,11,0.0980182911318519,0.19339605963057138,1001
2024-03-23,3.1902055090515415,14,0.19676661714399363,0.19141257447553323,1001
2024-03-24,3.2668949805305902,20,0.3,0.18956147340367868,1001
2024-03-25,3.2009921555855074,8,0.3,0.18864091754835702,1001
2024-03-26,3.2995625744531574,10,0.18682619225227926,0.18924190118995615,1001
2024-03-27,3.0546380721961044,19,0.24666649639227317,0.19151573113335074,1001
2024-03-28,3.118720359602721,6,0.22509110742198293,0.19504201416617975,1001
2024-03-29,3.196342550825711,8,0.21838225754465915,0.19892931832235994,1001
2024-03-30,3.2047803797664005,8,0.3,0.20211952854179976,1001
2024-03-31,3.152420277727796,23,0.1497921775814016,0.2038034261218103,1001
2024-04-01,3.1728124779402735,8,0.16561450870563685,0.2037474934775202,1001
2024-04-02,3.228173346911078,8,0.3,0.20230279380062874,1001
2024-04-03,3.365210733311747,5,0.09028606803620737,0.20013866375476008,1001
2024-04-04,3.1304272772446486,12,0.18733614797319678,0.1978359704902123,1001
2024-04-05,3.2866808183551015,6,0.3,0.19562188711841044,1001
2024-04-06,3.286616044546968,16,0.20365725692519085,0.19335586892319553,1001
2024-04-07,3.0794458144877455,11,0.10564640853019025,0.19077592207501512,1001
2024-04-08,3.3628687590768553,10,0.05,0.18780865419134007,1001
2024-04-09,3.081023667567001,5,0.10214781016643167,0.18476878846023786,1001
2024-04-10,3.1990942423623956,15,0.3,0.18232534301342046,1001
2024-04-11,3.220289905716187,1,0.05302672561377328,0.18124402013173901,1001
2024-04-12,3.1906013348853053,10,0.22686543329743036,0.1820256155701044,1001
2024-04-13,3.3224989123648903,17,0.11500280566346345,0.18466861446108823,1001
2024-04-14,3.4644398453790126,8,0.13935086641029262,0.18866629426640125,1001
2024-04-15,3.1033798752295993,12,0.22138921194397337,0.19324682078848365,1001
2024-04-16,3.374567858021697,16,0.3,0.19766233471450861,1001
2024-04-17,3.4204528061551076,15,0.1702448154155239,0.2014032008109313,1001
2024-04-18,3.2632150995028977,5,0.15712901732236212,0.20424236634026138,1001
2024-04-19,3.2902473065640336,10,0.10459704071441336,0.20614755527624,1001
2024-04-20,3.1719429727586195,11,0.2278982387884269,0.20716398636860792,1001
2024-04-21,3.2814690772126007,20,0.19849076508718397,0.20730205824374753,1001
2024-04-22,3.1574943896447945,15,0.2794848570033492,0.2065036281638547,1001
2024-04-23,3.2318224879482487,14,0.10619917729896922,0.20467707731440443,1001
2024-04-24,3.2193876597704576,6,0.16537333238115823,0.20181184481357076,1001
2024-04-25,3.1568659635204392,10,0.10080462463406133,0.19811125825860115,1001
2024-04-26,3.2511303126225917,12,0.3,0.1939867060358832,1001
2024-04-27,3.192912696558544,16,0.1471811453775156,0.18992900255652964,1001
2024-04-28,3.1554196053214074,5,0.05,0.1862970347470459,1001
2024-04-29,3.1352151881521193,11,0.0870431212515752,0.18322010200752772,1001
2024-04-30,3.1919963527893174,5,0.1860827105164829,0.1806528417220931,1001
2024-05-01,3.2199793732452893,8,0.1892474895089053,0.17854437293155767,1001
2024-05-02,3.2927752055687742,16,0.21550464950449022,0.1769818000835781,1001
2024-05-03,3.1763848808518316,10,0.3,0.1762289624511582,1001
2024-05-04,3.1981865784531784,14,0.2312990117533241,0.17663268837892018,1001
2024-05-05,3.053215109839618,16,0.1908499681349334,0.17847522745695163,1001
2024-05-06,3.331017964399349,16,0.1361254758561234,0.1818184298148995,1001
2024-05-07,3.091804188115681,3,0.1433804187650519,0.18642180489928767,1001
2024-05-08,3.1208994648269863,9,0.1075217282807487,0.19174327593968116,1001
2024-05-09,3.126956071818786,7,0.12706236209497956,0.19706575896825904,1001
2024-05-10,3.0906109548588425,15,0.13014763965274068,0.20165396468762564,1001
2024-05-11,3.0173063590204796,23,0.14544681689372763,0.20492495083991458,1001
2024-05-12,3.201386102083901,27,0.1663544692773684,0.20656638761349375,1001
2024-05-13,3.084528159140363,10,0.12506817309840443,0.20662426700803405,1001
2024-05-14,3.1858738455078646,7,0.14441361539211367,0.2054979924168549,1001
2024-05-15,3.25255110504839,18,0.24347877183209443,0.20378965233408827,1001
2024-05-16,3.148024230291783,16,0.2137060031986669,0.20207219359350567,1001
2024-05-17,3.2032385187336314,14,0.20088932707471813,0.200685928733944,1001
2024-05-18,3.20216787167268,15,0.1488112349947532,0.19969224878721054,1001
2024-05-19,3.219858181201844,14,0.07525611294844342,0.19898004981745976,1001
2024-05-20,3.2142113526063856,10,0.2522054077019869,0.19836576257173238,1001
2024-05-21,3.0793551432289745,9,0.14276784377054244,0.19762428161767256,1001
2024-05-22,3.3577613974417817,11,0.16931205383022266,0.19645373797102633,1001
2024-05-23,3.240184789197162,12,0.09534539189423624,0.19453342339346105,1001
2024-05-24,3.3521321036665976,6,0.08513223697757576,0.1916603318540099,1001
2024-05-25,3.1855608193089355,9,0.3,0.18788914177685626,1001
2024-05-26,3.2299716985612164,14,0.18014946667210138,0.18355116189573178,1001
2024-05-27,3.18520280278121,5,0.3,0.17914265574479293,1001
2024-05-28,3.1856143301243214,11,0.3,0.17516409143523073,1001
2024-05-29,3.2177555394751702,7,0.1901050845927562,0.17203030961564622,1001
2024-05-30,3.0651381672534774,10,0.24385918071253987,0.1700363235170841,1001
2024-05-31,3.21811460016926,9,0.14563521851378497,0.16937280035563212,1001
2024-06-01,3.126339158995164,14,0.17269087980031952,0.17008879838000984,1001
2024-06-02,3.0508360413286164,15,0.25367007162828864,0.17203182576316223,1001
2024-06-03,3.202909832840426,9,0.2273768488230623,0.17475929645525223,1001
2024-06-04,3.2686018421187955,7,0.3,0.17759141622241134,1001
2024-06-05,3.202662640688222,11,0.14074324936926788,0.1798269170733856,1001
2024-06-06,3.152969216097568,6,0.10721246608665409,0.1810403317723923,1001
2024-06-07,3.0578942240206928,10,0.2900493765556077,0.18130522930989013,1001
2024-06-08,3.139155281265063,23,0.10135117621122804,0.18114652164582679,1001
2024-06-09,3.1935492932111873,18,0.13843881108060327,0.18127068561601523,1001
2024-06-10,3.1985300549324327,20,0.1327471302558381,0.18221854550312824,1001
2024-06-11,3.232094659650637,9,0.06793523627610937,0.18415712186604122,1001
2024-06-12,3.1388985024798504,11,0.3,0.18686052520006002,1001
2024-06-13,3.1157653763394073,14,0.16516959459985678,0.18986572551876357,1001
2024-06-14,3.2112378004140347,11,0.17203483771612937,0.19264207687350637,1001
2024-06-15,3.1224239899891533,21,0.23422540297752792,0.19473207725438876,1001
2024-06-16,3.2261664343440706,19,0.22617223426657065,0.1958203394605258,1001
2024-06-17,3.2257497070740233,10,0.12671165364282472,0.19575687872759637,1001
2024-06-18,3.0731902596246834,12,0.2050307700147034,0.19459118184338844,1001
2024-06-19,3.094101983792682,15,0.194862795753095,0.1925868601621204,1001
2024-06-20,3.3018908551544266,12,0.1258835062132787,0.19020355172884706,1001
2024-06-21,3.308744993008747,9,0.1394062438642782,0.18797002730282258,1001
2024-06-22,3.3173319610542666,12,0.23480699049876216,0.1863100511042547,1001
2024-06-23,3.2706060529584393,18,0.2681946989596079,0.1853807042705226,1001
2024-06-24,3.0824113589697792,10,0.10620314883865836,0.18506978818274056,1001
2024-06-25,3.1854752615550335,15,0.22086619000830532,0.18511644420612913,1001
2024-06-26,3.3102012132532526,11,0.17782393478110317,0.1852639902787575,1001
2024-06-27,3.1228940565502072,3,0.07920216152201102,0.1853002494769751,1001
2024-06-28,3.219975929682415,7,0.11616047828259808,0.18501202715405216,1001
2024-06-29,3.0837063754510083,11,0.19635223279486963,0.18416150621251237,1001
2024-06-30,3.152077482854118,12,0.09708582117291936,0.1825788987243222,1001
2024-07-01,3.3196022962854297,9,0.19473656138948414,0.18036624626582945,1001
2024-07-02,3.2344557560794174,16,0.05514167592072011,0.17798656180781913,1001
2024-07-03,3.1250591361197846,6,0.3,0.17617304501934863,1001
2024-07-04,3.2984428460786437,6,0.14613117742687043,0.1756162985267579,1001
2024-07-05,3.2334919836303855,6,0.24975735843339597,0.17662502916665013,1001
2024-07-06,3.1536844437124323,24,0.17134832342755293,0.17895986572310757,1001
2024-07-07,3.136438369884176,15,0.08825465319751888,0.18193729987150742,1001
2024-07-08,3.217565606413083,2,0.09613817417297488,0.184717772977854,1001
2024-07-09,3.0849965303564515,6,0.12994941649930844,0.18667985084914304,1001
2024-07-10,3.311376716042565,5,0.29702225696234374,0.18765348891368122,1001
2024-07-11,3.233410529122785,16,0.12826011524137312,0.18794081418613878,1001
2024-07-12,3.2912009250463408,6,0.18720381913372555,0.18809625673551694,1001
2024-07-13,3.2012888711326095,16,0.18863669647600803,0.18859789594907753,1001
2024-07-14,3.2030772447130285,14,0.18778491612440684,0.1895623971622845,1001
2024-07-15,3.2765905256565055,10,0.1809932540052724,0.19068012638946008,1001
2024-07-16,3.220170560084624,7,0.22279661613072027,0.19142641089396414,1001
2024-07-17,3.4160416062901144,12,0.16176380581190689,0.19139169284049037,1001
2024-07-18,3.1865986593645044,12,0.3,0.19055482117841532,1001
2024-07-19,3.2075239806679012,12,0.05,0.18931719088373616,1001
2024-07-20,3.271474238576304,11,0.1856603057031601,0.18828555214492537,1001
2024-07-21,3.168113045496248,16,0.09572355250767386,0.18793786297961013,1001
2024-07-22,3.240517203426726,15,0.13390969295824623,0.18836793728404724,1001
2024-07-23,3.1733912348023736,9,0.17827269687578035,0.18923247347851319,1001
2024-07-24,3.2237593344232334,11,0.3,0.18988810145189186,1001
2024-07-25,3.2692861529413504,10,0.23265444087151152,0.189683749889612,1001
2024-07-26,3.1490201088707623,15,0.14009920009873394,0.1882321508044234,1001
2024-07-27,3.1527778527886565,14,0.24888200051157314,0.18561912579740603,1001
2024-07-28,3.2658299893337723,15,0.21260177683073903,0.18239529896092116,1001
2024-07-29,3.2782136117199014,2,0.17133679607427477,0.17937425189171316,1001
2024-07-30,3.1538362993288898,15,0.3,0.17730098054636906,1001
2024-07-31,3.3520494402375096,9,0.2206456441900585,0.17657430041394168,1001
2024-08-01,3.299427618725808,12,0.2789926085719615,0.1771687817293892,1001
2024-08-02,3.226276699226051,7,0.2723934019371587,0.17876494275319005,1001
2024-08-03,3.0398098175064976,18,0.1482315892747261,0.18093935439921363,1001
2024-08-04,3.1173997863666614,12,0.11794637807256311,0.18331361241993394,1001
2024-08-05,3.1874972936286214,12,0.15680945206394756,0.18559751164819513,1001
2024-08-06,3.171026287928754,9,0.1479116362688185,0.18760264232986615,1001
2024-08-07,3.1465749210440963,11,0.23440777380378117,0.1892554569554561,1001
2024-08-08,3.3224647995614287,7,0.3,0.19062017168117687,1001
2024-08-09,3.194837219003243,15,0.13527851852497347,0.19181919237493997,1001
2024-08-10,3.1634290914080303,15,0.26106320455709403,0.1928953677904359,1001
2024-08-11,3.232184696569194,10,0.1661217221723315,0.1936814648556781,1001
2024-08-12,3.3386608497030803,10,0.19928243016122435,0.1938203057578845,1001
2024-08-13,3.2878413129153095,7,0.2625983799027808,0.19295851447496232,1001
2024-08-14,3.1648813570414687,7,0.24324168527048617,0.19102829491768689,1001
2024-08-15,3.3368247268866806,10,0.3,0.18842261151604855,1001
2024-08-16,3.038415096301602,7,0.13206789239063715,0.1859550470508865,1001
2024-08-17,3.0386413951637237,11,0.14605144233123418,0.18457760420441827,1001
2024-08-18,3.096851913376516,20,0.19822213132548083,0.18498461043785291,1001
2024-08-19,3.287846845238986,11,0.170494457208923,0.18727575331267915,1001
2024-08-20,3.308150597440193,11,0.24582070820172566,0.19085934950185857,1001
2024-08-21,3.2580777257074485,10,0.18793618000742673,0.1946357074821877,1001
2024-08-22,3.1991014409021252,7,0.3,0.1974088001133932,1001
2024-08-23,3.203333931381724,9,0.2577657276420997,0.19829713991851872,1001
2024-08-24,3.1426079914385063,16,0.26520037065380947,0.1969842133234752,1001
2024-08-25,3.280407204011402,11,0.3,0.19370858284538967,1001
2024-08-26,3.1459054382903635,10,0.15838788871688197,0.18907455719010588,1001
2024-08-27,3.3179215504626938,10,0.1893166279938824,0.18380964932147786,1001
2024-08-28,3.146877914152776,15,0.1535571654181442,0.17862714096830967,1001
2024-08-29,3.166385472930895,6,0.1424025689178167,0.17420733201882446,1001
2024-08-30,3.352529501657972,14,0.190386738916817,0.17123934644830147,1001
2024-08-31,3.199671321276963,14,0.3,0.17034712456069417,1001
2024-09-01,3.2279346881421263,15,0.22229153185869777,0.17189895248599701,1001
2024-09-02,3.172577164754453,7,0.22412340961060176,0.1757544869109609,1001
2024-09-03,3.281486052682269,5,0.3,0.18117124566571471,1001
2024-09-04,3.214539012743017,7,0.14570558271602221,0.18694029252319225,1001
2024-09-05,3.2989294171200205,6,0.16667813399019982,0.19174417243812858,1001
2024-09-06,3.230174711893729,12,0.22663597815330544,0.1945555347552987,1001
2024-09-07,3.1499423875520134,12,0.2432251175349279,0.19493292904461734,1001
2024-09-08,3.104966435231213,23,0.20432572519403952,0.1931074543741914,1001
2024-09-09,3.133119792178753,14,0.11567794950393999,0.18989306918663063,1001
2024-09-10,3.1544733986159605,12,0.14782792943292575,0.18642744857512464,1001
2024-09-11,3.01074406457722,7,0.3,0.18383273505111755,1001
2024-09-12,3.260611278847099,15,0.05,0.18286603535778834,1001
2024-09-13,3.1738015946393605,11,0.24714392621163597,0.18368971918153762,1001
2024-09-14,3.055381276535483,18,0.10508794722760899,0.1858956149691516,1001
2024-09-15,3.2766238735347835,15,0.09199289758367221,0.188748955696119,1001
2024-09-16,3.2704718774842783,10,0.12907842639942488,0.19154240744059228,1001
2024-09-17,3.297277200377377,10,0.10069098390686418,0.19384982656270183,1001
2024-09-18,3.1240921736302463,14,0.1593134668713286,0.19552456149566694,1001
2024-09-19,3.215076956118784,5,0.07403090439379782,0.19649586675754593,1001
2024-09-20,3.2232938838917566,5,0.23877002645700796,0.1965357813853896,1001
2024-09-21,3.1961538085268066,9,0.05424033305114355,0.1952284577010603,1001
2024-09-22,3.176314677829373,20,0.15549363729842458,0.19216111144534684,1001
2024-09-23,3.1998256245822905,11,0.10244366828436582,0.1872374445293194,1001
2024-09-24,3.2256537440324493,11,0.23162330937671993,0.18086646282526114,1001
2024-09-25,3.106822519558547,15,0.3,0.17391861331608513,1001
2024-09-26,3.125477295715769,11,0.269502352149318,0.16747021525290154,1001
2024-09-27,3.0944915995983813,6,0.10543892780553464,0.16252594020925243,1001
2024-09-28,3.1924496202631136,16,0.3,0.15981598973039052,1001
2024-09-29,3.2789566899584415,11,0.17739511952501147,0.15976355332769007,1001
2024-09-30,3.3025463631347343,15,0.18823002880382986,0.1624741023377168,1001
2024-10-01,3.133320363717406,9,0.19404566101047388,0.16766283596166487,1001
2024-10-02,3.091099176373665,12,0.1400609821886427,0.17457300230571648,1001
2024-10-03,3.161875964396696,5,0.21185386496410866,0.18201480782452104,1001
2024-10-04,3.2328803700937896,3,0.17185700859084851,0.18863758549121756,1001
2024-10-05,3.35423529646383,19,0.1878553632341929,0.1933759873982786,1001
2024-10-06,3.2607864904487895,11,0.2254363220784184,0.1958038009191796,1001
2024-10-07,3.263996631183526,6,0.20339652456411048,0.19618282566582204,1001
2024-10-08,3.3089581711846594,14,0.2378361310281401,0.1952221561643075,1001
2024-10-09,3.162710978728505,5,0.21833788268121354,0.1936984022697062,1001
2024-10-10,3.097435696647988,7,0.3,0.19222617272801487,1001
2024-10-11,3.0526862955411387,10,0.19247996277546725,0.19120683058958046,1001
2024-10-12,3.348799222895185,10,0.20934953520195068,0.19093025400039149,1001
2024-10-13,3.1001936348684014,16,0.2064252066841686,0.19163183844811663,1001
2024-10-14,3.2309955189838573,2,0.12870190401376816,0.19344933501159772,1001
2024-10-15,3.151158540334843,15,0.0647471607475264,0.19628656846341475,1001
2024-10-16,3.2233229803268895,6,0.14647604401744677,0.199731334066486,1001
2024-10-17,3.2012077809508876,10,0.3,0.20309132471657124,1001
2024-10-18,3.0761861064876164,7,0.10275797808004103,0.20557753857265357,1001
2024-10-19,3.177482168708272,16,0.280980505353101,0.20655707538894041,1001
2024-10-20,3.195415118210948,19,0.2605050683538502,0.20575432785721745,1001
2024-10-21,3.073140855159144,11,0.23456274842689523,0.2033304849200566,1001
2024-10-22,3.2679764921946504,2,0.14478163244779219,0.19984367466606645,1001
2024-10-23,3.1532356521191236,10,0.1084055378276491,0.19615697599083903,1001
2024-10-24,3.205956106732527,11,0.15664030416442645,0.1933085350852732,1001
2024-10-25,3.2318685895683386,12,0.1593935596527392,0.1923773618227171,1001
2024-10-26,3.1156790949978177,19,0.08702536022630818,0.1942927257530062,1001
2024-10-27,3.1659707513320363,11,0.08666909558145741,0.19965028108988334,1001
2024-10-28,3.106397949480097,6,0.26924327954203553,0.20857814440527134,1001
2024-10-29,3.1159869903887123,11,0.18064110745566472,0.22066325306796436,1001
2024-10-30,3.294821585498811,11,0.1112766587831239,0.23492574812956168,1001
2024-10-31,3.197077969822569,10,0.1863396871227772,0.2498691192427293,1001
2024-11-01,3.102841492268576,6,0.138865664078082,0.2636888222310198,1001
2024-11-02,3.175171250576625,12,0.24610163956484976,0.2746827443052947,1001
2024-11-03,3.2407706777617027,12,0.17382406675226117,0.2817637111197545,1001
2024-11-04,3.2070652264355513,9,0.27573535101113333,0.2847777934971382,1001
2024-11-05,3.239050177509787,11,0.2837345543544939,0.2844784382405181,1001
2024-11-06,3.225861600462827,6,0.16896962678445512,0.2821350314055692,1001
2024-11-07,3.2108403897410023,9,0.15422444372337038,0.2790555504885741,1001
2024-11-08,3.2797639356413253,14,0.24938648287598147,0.2762460924328409,1001
2024-11-09,3.201045816035596,10,0.3,0.27429529547833714,1001
2024-11-10,3.2817781459862285,23,0.2684215076218877,0.27338419582267004,1001
2024-11-11,3.2855478823525948,9,0.25320152820515074,0.2733125902995701,1001
2024-11-12,3.275048025173752,11,0.25921615561692835,0.2735959440146844,1001
2024-11-13,3.0705024913624572,12,0.08576996447621311,0.2736806786351781,1001
2024-11-14,3.173982246753647,10,0.258339161451323,0.27325606663123125,1001
2024-11-15,3.178851186860872,18,0.15001355737094116,0.272534970548253,1001
2024-11-16,3.0944963307593296,11,0.06345425547341149,0.2722861697893597,1001
2024-11-17,3.158275586917177,15,0.22417136665263798,0.27358064932896653,1001
2024-11-18,3.2287173845610457,12,0.3,0.27731509699100304,1001
2024-11-19,2.998689024578952,15,0.14211888632881695,0.28372120923216837,1001
2024-11-20,3.159304569541556,6,0.3,0.2921562888339569,1001
2024-11-21,3.4008507361837697,16,0.3,0.3011892246261708,1001
2024-11-22,3.2762133869496775,6,0.18745017335751973,0.3090282818946034,1001
2024-11-23,3.2982216166766998,22,0.1326419127955499,0.3140692558763678,1001
2024-11-24,3.161974220421095,18,0.12023395575860144,0.3154092639014862,1001
2024-11-25,3.12653614994094,14,0.3,0.3131642423097535,1001
2024-11-26,3.136976339501541,7,0.09659766371011512,0.30849575255791034,1001
2024-11-27,3.2107141549675173,7,0.3,0.30325014398824623,1001
2024-11-28,3.2125118075622923,22,0.10821982564539814,0.2993631490024332,1001
2024-11-29,3.293903464916215,15,0.05913568131564044,0.29819884717672274,1001
2024-11-30,3.1081698952443264,14,0.05,0.3000611648014402,1001
2024-12-01,3.1732295907172334,10,0.07884849033464768,0.30409869464329475,1001
2024-12-02,3.062227066347732,9,0.20039663157864226,0.30862287386033993,1001
2024-12-03,3.231505306395017,5,0.2786256901024497,0.3116973924059973,1001
2024-12-04,3.04757649666159,9,0.3,0.3117969253682146,1001
2024-12-05,3.2398561726959656,6,0.05,0.3082625512811199,1001
2024-12-06,3.167611542428191,10,0.3,0.3014934816383451,1001
2024-12-07,3.2333730893699397,7,0.3,0.29279666229670637,1001
2024-12-08,3.226798796052492,16,0.10891232564800485,0.2840620980933792,1001
2024-12-09,3.3335256061736223,6,0.1564929623283089,0.2773231112173664,1001
2024-12-10,3.1385470945486786,10,0.15074655657180705,0.27430471366929493,1001
2024-12-11,3.093960982540706,16,0.14260929445957746,0.2760343786498741,1001
2024-12-12,3.2968061578413868,6,0.1203878643926743,0.28256492838546476,1001
2024-12-13,3.1501360581714377,5,0.24416202997856934,0.2929164074325137,1001
2024-12-14,3.2715214071924503,14,0.10298215927357206,0.30523946508243943,1001
2024-12-15,3.22287187972693,12,0.16313667698701623,0.31717841522555296,1001
2024-12-16,3.2597698030229174,12,0.2160431522516512,0.32639043626081793,1001
2024-12-17,3.111916040135389,9,0.25870354886995367,0.3311063718642418,1001
2024-12-18,3.185817509545881,7,0.19220359608029344,0.3306227862315956,1001
2024-12-19,3.272286587615782,6,0.13788902181097484,0.3256042136723665,1001
2024-12-20,3.336142002995963,6,0.2397877640288774,0.3179698671178232,1001
2024-12-21,3.293984337766321,10,0.1021470484917828,0.31029697901403114,1001
2024-12-22,3.2990205335595504,11,0.21190650510053122,0.3049360139581554,1001
2024-12-23,3.2335806744598554,7,0.10883824200571825,0.30312203186400344,1001
2024-12-24,3.142225912296622,15,0.3,0.30461678086490085,1001
2024-12-25,3.181089518783028,10,0.27897854950295964,0.30800201946087086,1001
2024-12-26,3.3144086355565174,7,0.3,0.31148851740089983,1001
2024-12-27,3.2092192588162356,10,0.17472905713337109,0.31376697666100667,1001
2024-12-28,3.2134549091752658,19,0.0997529067169744,0.31449844313535336,1001
2024-12-29,3.17616180482731,14,0.2451609840327039,0.3142252078280134,1001
2024-12-30,3.2304947615840263,6,0.1606892068243369,0.3138984224565259,1001
2024-12-31,3.1879605209792485,16,0.3,0.31431382933534635,1001
2025-01-01,3.1692991809741566,14,0.20873356231157747,0.3157814914127915,1001
2025-01-02,3.3098958700595733,5,0.17272345493150876,0.3181262936671578,1001
2025-01-03,3.124363830884333,11,0.13974645467152316,0.32086276030711425,1001
2025-01-04,3.2686960120253774,14,0.10820755309979004,0.32340384275136136,1001
2025-01-05,3.1475241477952167,18,0.17565823383275853,0.32519785905175347,1001
2025-01-06,3.1548773748913423,11,0.09993319844711099,0.32578982824791425,1001
2025-01-07,3.186378541812132,3,0.22065945181135163,0.324894780815055,1001
2025-01-08,3.258888894278824,14,0.186197700911218,0.3224631683462626,1001
2025-01-09,3.1355882223250604,9,0.23430129719042012,0.3186727640542962,1001
2025-01-10,3.327589941936657,15,0.23263025881577454,0.3139094526685752,1001
2025-01-11,3.1685496391442602,10,0.24502393376063644,0.3086993689705086,1001
2025-01-12,3.199601823058201,11,0.11694743035357962,0.3037300104728559,1001
2025-01-13,3.1816712258803506,11,0.0972808125307738,0.2998396299902411,1001
2025-01-14,3.297582681802817,7,0.25993409107576176,0.2979425233804874,1001
2025-01-15,3.3314874345121366,7,0.24710948626218918,0.2987977557101029,1001
2025-01-16,3.2736740383558507,12,0.13496116655044704,0.30263637745687044,1001
2025-01-17,3.2160573651078455,10,0.3,0.3089061081030047,1001
2025-01-18,3.3422695064082664,11,0.2188744672185111,0.31626871130872647,1001
2025-01-19,3.191393140750455,18,0.10226446500741149,0.32296118177484295,1001
2025-01-20,3.3052549792771053,7,0.27279768835075147,0.32738223741818384,1001
2025-01-21,3.3375091813925044,12,0.18090872932551946,0.3286147156726601,1001
2025-01-22,3.1934662004100334,9,0.17060395230683764,0.32663204328212314,1001
2025-01-23,3.277185426087639,14,0.22529083137041908,0.32210090592992596,1001
2025-01-24,3.048228838249296,9,0.1523646494974339,0.315953817251751,1001
2025-01-25,3.067713974613086,14,0.12559077812966035,0.3089363067455483,1001
2025-01-26,3.173413051780253,14,0.24118450503360953,0.30142253062543617,1001
2025-01-27,3.269818870876883,11,0.16641986346125978,0.2935333329466211,1001
2025-01-28,3.232454954488103,6,0.15519138987649897,0.28548668558155244,1001
2025-01-29,3.311904954748013,9,0.1644327757688988,0.27786578132441897,1001
2025-01-30,3.1931653753334004,10,0.1622541958719077,0.27166854978899196,1001
2025-01-31,3.211342034075554,10,0.2092725563675485,0.26807200326338365,1001
2025-02-01,3.252366408004644,20,0.09997833637205018,0.2680365496255057,1001
2025-02-02,3.191634440761818,22,0.3,0.271991354698728,1001
2025-02-03,3.0633383658113087,11,0.07846130675057138,0.27966792548346453,1001
2025-02-04,3.1657504002676626,1,0.07601322439083656,0.2900745517672005,1001
2025-02-05,3.347349352784037,16,0.12695024592223272,0.3016422704466485,1001
2025-02-06,3.330016482538145,11,0.2928007439358483,0.31242446937919377,1001
2025-02-07,3.108417951200471,7,0.3,0.3204793512520877,1001
2025-02-08,3.152726393958111,9,0.13155458007361878,0.32435927148239785,1001
2025-02-09,3.174989972671204,11,0.10675133630523953,0.3235054455023926,1001
2025-02-10,3.2644809620839457,6,0.2959091590506179,0.3184234563617921,1001
2025-02-11,3.317011956173552,15,0.2683575243216435,0.310420487865972,1001
2025-02-12,3.314003807734062,2,0.24512895174024266,0.3011307709413832,1001
2025-02-13,3.247348420849407,9,0.11529809864620404,0.2920340583981897,1001
2025-02-14,3.170256740480344,5,0.268863514414307,0.28416761537178625,1001
2025-02-15,3.2254312151567235,18,0.10367985087925376,0.2781250370519095,1001
2025-02-16,3.1779605556282444,19,0.29512075764007123,0.2741775794031443,1001
2025-02-17,3.1098530120805408,10,0.2177952572431463,0.272393857895059,1001
2025-02-18,3.143505251675081,6,0.3,0.27265706972903636,1001
2025-02-19,3.2323146382981998,14,0.07204517866909071,0.27468764956061914,1001
2025-02-20,3.2218121372903186,10,0.129423143496047,0.27808891009472736,1001
2025-02-21,3.0648835542929236,12,0.12367447698179386,0.2824519027656807,1001
2025-02-22,3.194552582728096,9,0.19349835799264548,0.28739254923141955,1001
2025-02-23,3.3041809019655557,11,0.21633717108588768,0.29246491778742345,1001
2025-02-24,3.3257926520542638,15,0.17705303509803927,0.2971006166414366,1001
2025-02-25,3.140002090591005,11,0.2569853555186784,0.3007271142702931,1001
2025-02-26,3.1458723193424385,9,0.3,0.3030652617464761,1001
2025-02-27,3.3685307666800277,10,0.13671215475352747,0.3043707976897939,1001
2025-02-28,3.0842875225893396,6,0.14314122664070064,0.3054242433503615,1001
2025-03-01,3.1761750415435097,16,0.3,0.3071700171386543,1001
2025-03-02,3.143698741332081,10,0.2075649402323484,0.31024549307882887,1001
2025-03-03,3.1517495820848196,10,0.1332609814932734,0.3147511557481342,1001
2025-03-04,3.1030727001172353,12,0.2551612747311311,0.3202500405764368,1001
2025-03-05,3.1999846342905705,12,0.17390991298539196,0.3259463383613622,1001
2025-03-06,3.078688748819201,6,0.0787375909163078,0.3308847095412681,1001
2025-03-07,3.186220832361755,6,0.18431463273108437,0.33411626211336043,1001
2025-03-08,3.173913640203912,10,0.264241371663181,0.33499767236371275,1001
2025-03-09,3.237628610706172,14,0.14554896262521777,0.3334411748157048,1001
2025-03-10,3.266402455248778,11,0.3,0.33001068632168923,1001
2025-03-11,3.11902448245584,18,0.11147065963796289,0.32565751199573545,1001
2025-03-12,3.164046431554982,16,0.12357015860079998,0.3212895546564442,1001
2025-03-13,3.173336019191956,7,0.3,0.31741506743582004,1001
2025-03-14,3.239540722740748,7,0.10837334244096362,0.3141466089704037,1001
2025-03-15,3.1549787366790922,14,0.13422566745023917,0.311417645172301,1001
2025-03-16,3.099026003074394,16,0.1775007674000426,0.3092414494169634,1001
2025-03-17,3.130507385213328,12,0.2080035844455211,0.30775297322451783,1001
2025-03-18,3.202861718452372,3,0.17332671814621717,0.30711697675465155,1001
2025-03-19,3.144328440654029,18,0.15193709765056765,0.30741748887016557,1001
2025-03-20,3.2014239146215706,14,0.2035606487941259,0.3086218174969013,1001
2025-03-21,3.1361887901760173,2,0.3,0.3105571001763669,1001
2025-03-22,3.0149479884802806,10,0.18965843346956565,0.31291397084815903,1001
2025-03-23,3.1482338913255097,14,0.21209229280329153,0.3152483116623202,1001
2025-03-24,3.1976076919871224,18,0.2698534715248506,0.3170272896739298,1001
2025-03-25,3.211852324045753,12,0.09356673643082883,0.31770784294267956,1001
2025-03-26,3.0937825687059677,14,0.14947421696474164,0.31691220508317625,1001
2025-03-27,3.3669982742732625,5,0.16862409453579386,0.31459110011270786,1001
2025-03-28,3.281666291392846,11,0.3,0.31112454458157746,1001
2025-03-29,3.1693151074729533,23,0.11957119152202365,0.3072721013334119,1001
2025-03-30,3.2534088490905986,11,0.3,0.30391217694131745,1001
2025-03-31,3.213127794544674,9,0.1399805240744292,0.3017280327246266,1001
2025-04-01,3.211335547407673,11,0.09346890298183869,0.3009769771801458,1001
2025-04-02,3.325280535507162,9,0.16993310288131802,0.3014692298923981,1001
2025-04-03,3.237376942664718,16,0.13500885306115457,0.302688900685808,1001
2025-04-04,3.1919222871276407,11,0.21404549881945834,0.30392840399114046,1001
2025-04-05,3.061723609191719,18,0.20619066286523569,0.30445040117652844,1001
2025-04-06,3.162904731559598,24,0.07572854850651566,0.3036769265864505,1001
2025-04-07,3.122109015028621,9,0.13940121415894433,0.3014692981348288,1001
2025-04-08,3.184685070995192,14,0.3,0.2982451709127026,1001
2025-04-09,3.1028216453890076,3,0.16710108354200004,0.29488066121373846,1001
2025-04-10,3.1658117594612314,10,0.07665612949856333,0.2922989292338012,1001
2025-04-11,3.238532940466538,7,0.2271883250063542,0.2911090491040923,1001
2025-04-12,3.1432547117149854,16,0.17693301566690187,0.291449597125686,1001
2025-04-13,3.1296558251997504,12,0.1536821591851334,0.293154405197813,1001
2025-04-14,3.0804069866831205,10,0.14772726002312242,0.29600045020403765,1001
2025-04-15,3.245757613467132,5,0.1754846788992051,0.2998345090118477,1001
2025-04-16,3.162954991646957,7,0.19941263181874266,0.30451789313282057,1001
2025-04-17,3.221440708183228,14,0.1357912591396775,0.3098233329414507,1001
2025-04-18,3.034073539950732,12,0.18220031308238407,0.3153672406848329,1001
2025-04-19,3.3675882599162756,14,0.18373879383366654,0.32065313326636125,1001
2025-04-20,3.1466236164067194,15,0.2670253064425163,0.325126167386615,1001
2025-04-21,3.2376337363554386,5,0.14306850976963906,0.3282881838800479,1001
2025-04-22,3.13388722305502,11,0.3,0.32984706777418565,1001
2025-04-23,3.1763172916567126,5,0.06788139723998093,0.3298823642862376,1001
2025-04-24,3.274025307746155,14,0.09390849301979395,0.3288933047386274,1001
2025-04-25,3.1985412578311103,5,0.12714687789339257,0.32761224816317325,1001
2025-04-26,3.190468021274321,16,0.2566130710373012,0.32671529537875377,1001
2025-04-27,3.1531663270167614,16,0.07273051763613507,0.32652547313412134,1001
2025-04-28,2.941061200362943,10,0.19919857778699235,0.3269069192624652,1001
2025-04-29,3.121760453415654,19,0.22864914906156228,0.32735656773765215,1001
2025-04-30,3.2633624670395585,14,0.28350889216539543,0.3272327117560155,1001
2025-05-01,3.208426567174159,10,0.19816983755137166,0.32600103889192106,1001
2025-05-02,3.1855528164203033,5,0.13648897884773925,0.3234145348780606,1001
2025-05-03,3.3166294550174404,12,0.08627555989330263,0.31955629911866135,1001
2025-05-04,3.157543397425654,16,0.1687076636629656,0.3147784668088401,1001
2025-05-05,3.200890586305009,12,0.2676615137886112,0.3096267966880526,1001
2025-05-06,3.304052318875578,5,0.18132172612809283,0.30477501567228527,1001
2025-05-07,3.1668553647155235,12,0.1221338268341601,0.3009501587591451,1001
2025-05-08,3.164034380782878,11,0.06898514536208891,0.29877223843686646,1001
2025-05-09,3.243698608622381,6,0.14554894186170078,0.29853054054680495,1001
2025-05-10,3.314685524252768,12,0.11685835002191898,0.29993224805974866,1001
2025-05-11,3.2738943153999114,14,0.2504902779106346,0.30200469421241527,1001
2025-05-12,3.165721935313108,10,0.2355234987061371,0.30326607897081015,1001
2025-05-13,3.2065927390377107,12,0.16483546265842988,0.30226084366976924,1001
2025-05-14,3.3094339783787543,6,0.1002724424600539,0.29825025071834405,1001
2025-05-15,3.288522921020491,15,0.3,0.2917067069449635,1001
2025-05-16,3.298800029365273,11,0.06770388217414582,0.2843001129517371,1001
2025-05-17,3.2073123076562333,11,0.16314479197155288,0.2782920007588789,1001
2025-05-18,3.1523454515184692,7,0.16419068315036905,0.2756243496394124,1001
2025-05-19,3.372787548070698,18,0.2209366913397263,0.2771668156899521,1001
2025-05-20,3.2726299525442073,11,0.3,0.28250217529253396,1001
2025-05-21,2.9863975474791133,3,0.19095870632974588,0.2902090159209719,1001
2025-05-22,3.128104728884019,11,0.3,0.29847982278803525,1001
2025-05-23,3.25169292722181,10,0.3,0.3057165072969967,1001
2025-05-24,3.2640400682759045,20,0.22289093090913156,0.3108706236540016,1001
2025-05-25,3.1778530967386582,15,0.1891846807446451,0.3135320266910248,1001
2025-05-26,3.087603592415482,11,0.1899339692188701,0.31377576365668597,1001
2025-05-27,3.1724361330244,11,0.1896243076140932,0.31191879506860476,1001
2025-05-28,3.106164992966847,12,0.3,0.30835727012387626,1001
2025-05-29,3.210902708322841,9,0.1441090754620306,0.3035121459125479,1001
2025-05-30,3.1990594449926033,7,0.2692025408817488,0.29793800243103546,1001
2025-05-31,3.2586595953583557,19,0.27574691527973416,0.29239226360599085,1001
2025-06-01,3.264124653940572,23,0.20767138024153475,0.2878195606000567,1001
2025-06-02,3.307923086508589,10,0.2444966630012105,0.28513416034568984,1001
2025-06-03,3.1565234732918532,5,0.08974032989866929,0.2848853910409355,1001
2025-06-04,3.2274573190954703,3,0.2992694898036827,0.28699825223794784,1001
2025-06-05,3.137118422310142,11,0.24057590015783806,0.29075161568254637,1001
2025-06-06,3.2466247528573895,12,0.05379742569586321,0.29504898500583165,1001
2025-06-07,3.118954736195867,18,0.0907738300679685,0.2988246638902083,1001
2025-06-08,3.203700147260735,5,0.2892844014307385,0.3014296654434303,1001
2025-06-09,3.283003231429275,5,0.10941039555165263,0.3027986334993337,1001
2025-06-10,3.1962472457519757,6,0.07765100354481719,0.30335706486973674,1001
2025-06-11,3.0864624789771837,12,0.2755508726474769,0.3037117686290405,1001
2025-06-12,3.1438751341630478,6,0.2681667880048961,0.30427326089313356,1001
2025-06-13,3.1694192299269455,12,0.1262017328323496,0.30499061384976067,1001
2025-06-14,3.112095792953817,19,0.054014287791286794,0.305333875372911,1001
2025-06-15,3.222382402931797,20,0.22661110489845843,0.30457633241211685,1001
2025-06-16,3.2877517099769924,10,0.13663221505273343,0.30215355322380083,1001
2025-06-17,3.2423973168979563,11,0.19809588169565284,0.2979215094292664,1001
2025-06-18,3.146403515431337,9,0.20211077262495103,0.2922253171682945,1001
2025-06-19,3.2213854635909556,14,0.3,0.285819773292072,1001
2025-06-20,3.1245888916863267,6,0.26900408853636937,0.2797375925583373,1001
2025-06-21,3.218776769064962,18,0.14630468544909056,0.27504216273939225,1001
2025-06-22,3.1447355960062184,15,0.193886143582393,0.272441544793682,1001
2025-06-23,3.2041686142262984,14,0.13315194281839207,0.27197014920138896,1001
2025-06-24,3.086187084876973,12,0.16201113627571384,0.2729407880947323,1001
2025-06-25,3.2956705182095183,6,0.09033281772376536,0.2743868209436327,1001
2025-06-26,3.286569364684112,12,0.1011482068492022,0.27568194531225104,1001
2025-06-27,3.1635084690201145,10,0.2880564599534701,0.27694705802899755,1001
2025-06-28,3.0661070443090814,22,0.1856537432999516,0.27890057535929125,1001
2025-06-29,3.1763729246007335,15,0.18602425651055798,0.2823242416499562,1001
2025-06-30,3.216813035671256,14,0.3,0.28748788614674825,1001
2025-07-01,3.2903008979174913,18,0.18763557846468962,0.293904282176984,1001
2025-07-02,3.235192713824674,11,0.21697906613780016,0.3004479977138982,1001
2025-07-03,3.065129373246376,5,0.11222905883616664,0.3057133265588605,1001
2025-07-04,3.2004170677578814,11,0.2276655472472287,0.3084946011204421,1001
2025-07-05,3.2477153036407884,20,0.3,0.30822090877582736,1001
2025-07-06,3.2147152994711594,14,0.07742552518657811,0.3052128833624006,1001
2025-07-07,3.1786546799273623,11,0.1424536616116757,0.300595758560624,1001
2025-07-08,3.2010194766645164,12,0.13454119232510325,0.2959051845546775,1001
2025-07-09,3.1907701094771985,12,0.1698469215903052,0.29253807969410495,1001
2025-07-10,3.286587683502083,11,0.19907418660028015,0.2912864538594829,1001
2025-07-11,3.445868027014212,9,0.0870867334543491,0.2921736625364261,1001
2025-07-12,3.1491913969975185,16,0.21061070293285783,0.2945482207433732,1001
2025-07-13,3.1362279885917417,14,0.11833542679389054,0.2973866305064995,1001
2025-07-14,3.064921217589261,5,0.3,0.2996598603594622,1001
2025-07-15,3.2529470696380214,7,0.2679113699039289,0.3006473000582571,1001
2025-07-16,3.149251210549863,9,0.08614363594188756,0.30010791722085006,1001
2025-07-17,3.2731311177543048,12,0.19174205508694947,0.29831212490807213,1001
2025-07-18,3.170861823804523,11,0.22636365569460873,0.295906325574809,1001
2025-07-19,3.0803069269114336,16,0.07359137919333038,0.29369485830697395,1001
2025-07-20,3.116931067508474,15,0.3,0.2923775261910842,1001
2025-07-21,3.227435427220037,14,0.23293611369213896,0.2923435851470801,1001
2025-07-22,3.196997365074085,7,0.11919570360232072,0.2935870310303692,1001
2025-07-23,3.271072188694245,14,0.27527168934262913,0.2957416712495695,1001
2025-07-24,3.286609953556542,10,0.20079388583955676,0.2981898866286703,1001
2025-07-25,3.1134832743830962,12,0.14916600561325563,0.30025287865123057,1001
2025-07-26,3.1850247478105356,14,0.1467772239229326,0.301413945038681,1001
2025-07-27,3.2597668794822057,14,0.1341810929706295,0.30154713804735406,1001
2025-07-28,3.118437200702257,7,0.06735692031906948,0.3009792454295859,1001
2025-07-29,3.291847355143806,10,0.16765092273324605,0.30025633192056356,1001
2025-07-30,3.300706628213994,15,0.12085704726888466,0.2997612594914807,1001
2025-07-31,3.1730084071848936,9,0.21907028805839163,0.299460770333959,1001
2025-08-01,3.203057327333331,16,0.17991227590558623,0.2989807635126153,1001
2025-08-02,3.013781057927546,19,0.2045755814885935,0.29799966074146467,1001
2025-08-03,3.2122968374489567,7,0.15401166902180566,0.29664961257771016,1001
2025-08-04,3.114335817819358,12,0.24865152597239706,0.29558906579460476,1001
2025-08-05,3.207016921826831,9,0.12241535182653872,0.29565786867521693,1001
2025-08-06,3.1557642037563394,9,0.1623617142192963,0.2974000858883002,1001
2025-08-07,3.1368334592358402,10,0.15984218086926272,0.30070909906713555,1001
2025-08-08,3.0884118049065172,6,0.1791918653191726,0.30482333506897424,1001
2025-08-09,3.3283477056561264,16,0.27813694508243314,0.3086137019532051,1001
2025-08-10,3.2124084767427674,12,0.16344125982408975,0.31098387694704155,1001
2025-08-11,3.189199909219643,9,0.2752570418614215,0.3112657566519832,1001
2025-08-12,3.216956879843078,10,0.21791619752169772,0.3094233324755623,1001
2025-08-13,3.1819506407558413,11,0.18170194569371761,0.30603426350744123,1001
2025-08-14,3.1819945000087375,6,0.08557652706506721,0.3020082220124618,1001
2025-08-15,3.285190077029863,12,0.2929183310876986,0.2982004557662983,1001
2025-08-16,3.0212035361346397,14,0.2019356318355787,0.2951240850527028,1001
2025-08-17,3.0467803399611757,14,0.1325565913015893,0.29292627927671067,1001
2025-08-18,3.287737544104549,10,0.2986608219725699,0.2916084669016115,1001
2025-08-19,3.1292845579644366,11,0.22869173791977085,0.2912430828041733,1001
2025-08-20,3.150456750185593,10,0.1613380365551263,0.29197282027341354,1001
2025-08-21,3.2207829002198736,5,0.1493837502313219,0.2937335762617269,1001
2025-08-22,3.334133962197484,12,0.14721352939173757,0.29600610216138923,1001
2025-08-23,3.203016355898803,7,0.21223215465995862,0.2978557016563006,1001
2025-08-24,3.0820118504472473,14,0.24175699183820268,0.2982903722600438,1001
2025-08-25,3.1607645068390595,10,0.21764965974296616,0.29675014304066705,1001
2025-08-26,3.162375312066713,11,0.0734989055877212,0.29337420680709525,1001
2025-08-27,3.188072649679021,11,0.16767710540777483,0.2888612947093722,1001
2025-08-28,3.236856697032385,7,0.29783714173931286,0.2840896134977538,1001
2025-08-29,3.030636015460282,11,0.21719343099326469,0.27977881748304867,1001
2025-08-30,3.1403239720933214,15,0.11355419416231889,0.2763803230748372,1001
2025-08-31,3.050946015390174,14,0.11741295304495075,0.27419078343339626,1001
2025-09-01,3.20083139341478,10,0.14683760122390643,0.27349304934271546,1001
2025-09-02,3.1891261014788164,10,0.1985732501923989,0.2745520318579232,1001
2025-09-03,3.1956205614412543,10,0.08982251467317333,0.2774249717181028,1001
2025-09-04,3.3248106592447138,11,0.1537259351112906,0.28177908611051244,1001
2025-09-05,3.3236848171373095,20,0.3,0.28678602448134616,1001
2025-09-06,3.2657935916218883,22,0.24860014422717105,0.29128520495683247,1001
2025-09-07,3.119411069961148,14,0.20554253070740058,0.29408600021253517,1001
2025-09-08,3.0840951979400475,5,0.19159570955034924,0.2943841428700681,1001
2025-09-09,3.2654807862942916,3,0.24879060403174125,0.2920639416145525,1001
2025-09-10,3.3042505187843934,12,0.15902975170163264,0.2877823618097589,1001
2025-09-11,3.2000135453102017,10,0.10290490422536258,0.2827403868128635,1001
2025-09-12,3.255417758641194,14,0.19498567703500738,0.2782448539847915,1001
2025-09-13,3.2845328418677657,11,0.2617186643529917,0.2753527527689761,1001
2025-09-14,3.1734654779606593,10,0.24261837621279886,0.2747013647182842,1001
2025-09-15,3.108987030711785,5,0.28028736890239925,0.2765822581762137,1001
2025-09-16,3.1369358055544225,12,0.23066946030371607,0.28102884640848735,1001
2025-09-17,3.1688277487278174,10,0.11495109197725124,0.28779623941535604,1001
2025-09-18,3.2556303328279204,12,0.06969280889981067,0.29630787485488363,1001
2025-09-19,3.143035021302808,9,0.05,0.30567580305952574,1001
2025-09-20,3.2067759953343433,16,0.22885707622657092,0.3148516762865917,1001
2025-09-21,3.3584068402607343,18,0.05,0.3228280647066946,1001
2025-09-22,3.2644215807951196,5,0.11959317976320073,0.32880264411456095,1001
2025-09-23,3.1899086656301834,9,0.23876254956732954,0.33227968912765493,1001
2025-09-24,3.176563654189495,7,0.3,0.3332116976273372,1001
2025-09-25,3.3118748568419463,10,0.2879399440795959,0.3320531139818932,1001
2025-09-26,3.069018656420928,16,0.20912429160736934,0.32969153545256946,1001
2025-09-27,3.13505786881725,24,0.19509072255175436,0.32710628736931774,1001
2025-09-28,3.2287894810072624,24,0.10914391861570295,0.32492900961553384,1001
2025-09-29,3.184949184299643,9,0.1710115503490717,0.3231485572751427,1001
2025-09-30,3.464644746015049,7,0.270183594987789,0.32121635664193376,1001
2025-10-01,3.193384289058671,14,0.16837172921631796,0.31849283038628146,1001
2025-10-02,3.0854681879930617,14,0.27048949250763893,0.3147713029250606,1001
2025-10-03,3.180828915827096,6,0.239526236554637,0.31048276854575674,1001
2025-10-04,3.0869331645525575,11,0.23948646962554912,0.3065322485652448,1001
2025-10-05,3.325972911976882,11,0.05,0.30382759240203694,1001
2025-10-06,3.2406369827122066,11,0.1360435206279212,0.30280607854141894,1001
2025-10-07,3.1228106945016822,9,0.20505402527642672,0.30319964714971226,1001
2025-10-08,3.23114396690071,11,0.11850196308834178,0.30409960047479434,1001
2025-10-09,3.2803442302026307,10,0.19783959749105479,0.3043318807769259,1001
2025-10-10,3.185415092242814,18,0.1411324469520326,0.3029150629463323,1001
2025-10-11,3.1842233143190577,14,0.11932113881875088,0.2994491016201575,1001
2025-10-12,3.073437067313846,16,0.2437384782770201,0.29430925174372374,1001
2025-10-13,3.118112715162294,10,0.3,0.2884690077231411,1001
2025-10-14,3.242518039802398,3,0.23657340388796821,0.2830912406336982,1001
2025-10-15,3.1977290475506868,12,0.3,0.27900378930142045,1001
2025-10-16,3.188060100021185,9,0.16001024586900622,0.2764183795148421,1001
2025-10-17,3.3101107667699483,3,0.1767876009897819,0.2750403055388606,1001
2025-10-18,3.2091792791573774,20,0.13119986890469618,0.27449784619689455,1001
2025-10-19,3.159594108489372,11,0.15644325397279368,0.274730888687855,1001
2025-10-20,3.2220559526063974,7,0.10632632026603722,0.27605640121920283,1001
2025-10-21,3.1510752911330764,12,0.1681861169885673,0.2788620860290353,1001
2025-10-22,3.0319276948784557,16,0.16438997799792884,0.28322819765395196,1001
2025-10-23,3.218253561075206,3,0.2694135152587433,0.28877013554099634,1001
2025-10-24,3.1468472028887944,10,0.21571747902126198,0.29477197264804883,1001
2025-10-25,3.2104071868660475,14,0.2311095360204719,0.300470690087416,1001
2025-10-26,3.237456036100909,12,0.25173328920401955,0.30524445127061095,1001
2025-10-27,3.307551900029911,15,0.3,0.30865534542156253,1001
2025-10-28,3.2092538889914826,7,0.26366790853004046,0.3104079181692596,1001
2025-10-29,3.1684045534867367,6,0.08236245564967862,0.3102696735683778,1001
2025-10-30,3.238687956083589,10,0.298024219061515,0.3080421387028812,1001
2025-10-31,3.2027103523654534,9,0.14609665899287996,0.3036081889206126,1001
2025-11-01,3.199030050219494,12,0.14475584925938395,0.2970204645536608,1001
2025-11-02,3.2816758430016697,12,0.19388921756857244,0.2886373312255297,1001
2025-11-03,3.2415298002870525,11,0.18986697601312447,0.2791390324916432,1001
2025-11-04,3.212387400818336,6,0.2860450676777967,0.269431165709867,1001
2025-11-05,3.1248810524233375,14,0.18731523682026877,0.2604982012056213,1001
2025-11-06,3.293097385721625,11,0.21466324909628012,0.25331928179298596,1001
2025-11-07,3.26699450284285,9,0.09480347816352587,0.24886748600129346,1001
2025-11-08,3.25920809325207,15,0.3,0.2479995325086487,1001
2025-11-09,3.2038463843858263,24,0.22746208131521972,0.2511724994985993,1001
2025-11-10,3.270357091873655,9,0.13171736114468632,0.25805751597852084,1001
2025-11-11,3.189417946206222,11,0.1040382990524852,0.26740196529472987,1001
2025-11-12,3.1716232161166293,14,0.3,0.2773523253188364,1001
2025-11-13,3.257316062466311,11,0.1139319672845135,0.28606886957553507,1001
2025-11-14,3.1619610389895527,10,0.2950338723986587,0.2923030917534084,1001
2025-11-15,3.3464324621402897,15,0.1254932681976875,0.2955278572694591,1001
2025-11-16,3.2036346749784568,18,0.24688232456646036,0.2957169851028044,1001
2025-11-17,3.1220114557968404,3,0.09983152684348565,0.2930895857605159,1001
2025-11-18,3.2373575518976163,9,0.3,0.2881213498095324,1001
2025-11-19,3.1490810251839165,6,0.3,0.28167544797813476,1001
2025-11-20,3.1544631807023635,23,0.21441744551674474,0.2750218576031682,1001
2025-11-21,3.1787305791750975,14,0.2005402476183044,0.2695519546714563,1001
2025-11-22,3.0497323639035967,7,0.3,0.2663646095870897,1001
2025-11-23,3.1567365341111233,15,0.3,0.265959375066689,1001
2025-11-24,3.3761964901598933,10,0.13865880109856593,0.2681760982973175,1001
2025-11-25,3.3217534532731463,11,0.3,0.27227782167529546,1001
2025-11-26,3.10878663909851,15,0.20527060280770143,0.2771060127412283,1001
2025-11-27,3.2665419010638166,11,0.05737242530080992,0.28129666607190995,1001
2025-11-28,3.2778192153474373,5,0.2771250855275699,0.28359924909959844,1001
2025-11-29,3.1599971937492555,10,0.09704383540050723,0.28329142985695505,1001
2025-11-30,3.276698198506807,18,0.1848143728206333,0.2804981969147514,1001
2025-12-01,3.1945658300177535,9,0.28931459309698543,0.27620363374007695,1001
2025-12-02,3.2210212555377526,6,0.27775206571807154,0.27190776721359716,1001
2025-12-03,3.31092188250246,12,0.20367237862974047,0.2689979225915455,1001
2025-12-04,3.2339595229544167,3,0.06826856580609396,0.26819550317987584,1001
2025-12-05,3.1590498927198625,11,0.15981239641429332,0.2693315314079031,1001
2025-12-06,3.0310287184474425,16,0.15085552755142645,0.2716144583894107,1001
2025-12-07,3.2085018048151226,11,0.07286125838229465,0.27418654874203946,1001
2025-12-08,3.258580863202309,10,0.14620121159524463,0.27661820215118993,1001
2025-12-09,3.1579801332544575,7,0.14573799733474752,0.27898049041174544,1001
2025-12-10,3.2467501947538877,7,0.3,0.2815679264392253,1001
2025-12-11,3.246359860559769,15,0.2986953690447202,0.2844904683566041,1001
2025-12-12,3.164666871880781,12,0.1405685930811669,0.28745028459083666,1001
2025-12-13,3.2201097949840713,18,0.10583270751645661,0.2898111604311393,1001
2025-12-14,3.2458815396831264,14,0.10964566811940402,0.2908914978039743,1001
2025-12-15,3.1408702086367986,10,0.22572282659915582,0.29031419469447584,1001
2025-12-16,3.218129986384283,5,0.13922294428013476,0.2882330588833844,1001
2025-12-17,3.1866963888673143,11,0.18387114170419452,0.2852997233002744,1001
2025-12-18,3.32942465549925,16,0.24397244232081913,0.2823535105956405,1001
2025-12-19,3.1991550374152973,10,0.20995753181178198,0.2799856143759486,1001
2025-12-20,3.2009482956831246,18,0.09274074402898083,0.2783618872547853,1001
2025-12-21,3.203384750754996,15,0.2671866635359545,0.2773797522352065,1001
2025-12-22,3.239509797199327,7,0.3,0.27705165043820124,1001
2025-12-23,3.218716696209878,10,0.05637430941635792,0.27771382210017426,1001
2025-12-24,3.1609346224666295,7,0.07380548562384931,0.27980133208589497,1001
2025-12-25,3.1862453685171004,11,0.25405219297195425,0.2834185201356534,1001
2025-12-26,3.176855068310492,22,0.21911453436387807,0.2880629169156704,1001
2025-12-27,3.217166654446184,18,0.3,0.29277668246353417,1001
2025-12-28,3.220392160634247,11,0.3,0.2966167821934236,1001
2025-12-29,3.209630998943338,11,0.08954300672682625,0.2990253797301759,1001
2025-12-30,3.2393680761121226,6,0.25022179009375145,0.29984238011799136,1001
2025-12-31,3.2279152142204497,11,0.16137562729545693,0.29906275038888347,1001
2026-01-01,3.0759966239474243,11,0.2581304803840949,0.29662982057349335,1001
2026-01-02,3.15530436801238,7,0.10758296874561957,0.2925444814576012,1001
2026-01-03,3.416189584497192,19,0.2980920195597734,0.2871588794254657,1001
2026-01-04,3.280136556001506,15,0.08290432626349338,0.28140585306871996,1001
2026-01-05,3.20865576682068,11,0.22285033024793402,0.2766913708228682,1001
2026-01-06,3.1470925558058513,10,0.122413476946604,0.2744376105498346,1001
2026-01-07,3.3911145487575896,9,0.21802720912613238,0.2755362990968353,1001
2026-01-08,3.1596541100456617,10,0.13064693798402416,0.2799926224823262,1001
2026-01-09,3.32573821606879,9,0.16610600045196344,0.2869367648830432,1001
2026-01-10,3.250935815314636,10,0.14333504362372662,0.29504605847537546,1001
2026-01-11,3.1857967413239394,9,0.12947810145209782,0.303067477117321,1001
2026-01-12,3.239693393766514,9,0.09460350728092237,0.3101841126307082,1001
2026-01-13,3.205098769286159,12,0.20015184799505703,0.3160667076903299,1001
2026-01-14,3.1150655691341154,5,0.21035836104249078,0.32061930858137505,1001
2026-01-15,3.212145555305438,14,0.25877801458646515,0.3237200908822043,1001
2026-01-16,3.2308902568739786,14,0.2475709558701974,0.3251440388070236,1001
2026-01-17,3.22516436968331,11,0.22232377676705187,0.32476406255265344,1001
2026-01-18,3.2107172162617705,20,0.10371949913444416,0.32284795714736747,1001
2026-01-19,3.3017405754787754,10,0.20396431229532036,0.32018268346388223,1001
2026-01-20,3.1229677282524535,11,0.257975934842056,0.31791641308451,1001
2026-01-21,3.134635643542449,15,0.23557989583878883,0.31707870614820394,1001
2026-01-22,3.180331941039971,12,0.18259662993137604,0.31800994252214065,1001
2026-01-23,3.1830083431465157,12,0.3,0.32006498908888203,1001
2026-01-24,3.195049025160371,22,0.3,0.3218151913595087,1001
2026-01-25,3.2497237110604535,15,0.12515003426595472,0.3216840195876675,1001
2026-01-26,3.2878027987702767,9,0.06621033744512062,0.3187540921325076,1001
2026-01-27,3.1084337469821066,15,0.06420828624129206,0.313262561639605,1001
2026-01-28,3.098574675870199,9,0.1073396052599637,0.3066102612528111,1001
2026-01-29,2.9121895426640947,9,0.26923119636640125,0.3008020575536062,1001
2026-01-30,3.335517177042667,11,0.2674423228157236,0.29763074600301487,1001
2026-01-31,3.168046207029336,20,0.11035194267120352,0.2979088846203435,1001
2026-02-01,3.2031115444705964,15,0.147837643635205,0.30115530794313383,1001
2026-02-02,3.1780743894998373,14,0.15352003821852045,0.3058588395738132,1001
2026-02-03,3.201417746908509,5,0.16726051623535573,0.3101959001001706,1001
2026-02-04,3.1765388165756843,9,0.204278081107877,0.3127893396298488,1001
2026-02-05,3.2113183830425602,9,0.11861574073943944,0.31315981786807806,1001
2026-02-06,3.202791160942503,6,0.15909657081277562,0.3116682367257742,1001
2026-02-07,3.2288115833036253,22,0.16534793495541794,0.3090983078340893,1001
2026-02-08,3.240276872458884,16,0.3,0.30625626473668643,1001
2026-02-09,3.099535688181185,6,0.17905171871707223,0.3037776411530007,1001
2026-02-10,3.1156822119752787,5,0.10897175740503214,0.30208531081249806,1001
2026-02-11,3.15306897831092,5,0.19120367543912753,0.3014114780605146,1001
2026-02-12,3.242450442043038,16,0.3,0.30181354064686405,1001
2026-02-13,3.1951919224412477,7,0.10469935890769629,0.30317101288534204,1001
2026-02-14,3.111029709680826,16,0.09419540952403561,0.3052734375069393,1001
2026-02-15,3.2723569890848143,16,0.29037922165207747,0.30789854862759297,1001
2026-02-16,3.148514997298326,10,0.22799604258485162,0.31085966784025454,1001
2026-02-17,3.2551602649099967,10,0.3,0.31387207964634284,1001
2026-02-18,3.275941555804013,11,0.0913949873886141,0.3164465906834597,1001
2026-02-19,3.267151386257221,10,0.09832788591051624,0.31793358543054095,1001
2026-02-20,3.146382219157909,5,0.3,0.31773937516338724,1001
2026-02-21,3.1691838195276616,12,0.2360624104509687,0.3156518125990522,1001
2026-02-22,3.23014924811768,11,0.17813811734186774,0.3120004121301643,1001
2026-02-23,3.3340967616540356,11,0.171253657767161,0.3075524186549137,1001
2026-02-24,3.167484904000993,9,0.3,0.3032016327248104,1001
2026-02-25,3.120922731626549,10,0.2683866305751161,0.29962497399674476,1001
2026-02-26,3.1466443244231805,11,0.11677525465692863,0.2970484856029832,1001
2026-02-27,3.346910937377979,11,0.23331076694813507,0.29532263587109353,1001
2026-02-28,3.3526906817786193,22,0.15458452980094733,0.29419052976047655,1001
2026-03-01,3.1538509080408272,19,0.21982750495856193,0.29364461392461016,1001
2026-03-02,3.2415840540790963,12,0.18198197172037073,0.2940876694021393,1001
2026-03-03,3.1811730147891453,10,0.23579113514329744,0.296160264156274,1001
2026-03-04,3.192073866758705,6,0.09025843918167795,0.30026066104637705,1001
2026-03-05,3.277344944230806,9,0.24231475230437058,0.3060548075183492,1001
2026-03-06,3.23674319537262,11,0.05388397656015163,0.3124157022141445,1001
2026-03-07,3.0824878488818133,11,0.3,0.31787202146522414,1001
2026-03-08,3.222239338424293,10,0.19518924213712982,0.3213130155832002,1001
2026-03-09,3.3437312445649865,5,0.1525600734070727,0.3224155182467412,1001
2026-03-10,3.228129617266387,6,0.3,0.3215687761410322,1001
2026-03-11,3.214088890915069,11,0.0803780471420455,0.3193598630456507,1001
2026-03-12,3.227343983981089,14,0.10936718025056696,0.3161784248521647,1001
2026-03-13,3.2147178840508195,7,0.22935712401208158,0.3121760538676221,1001
2026-03-14,3.1727284722135733,12,0.3,0.30754861113972026,1001
2026-03-15,3.0742468405624663,9,0.27963155123476613,0.3027896682415256,1001
2026-03-16,3.0973136747956227,10,0.19511623778690906,0.2986874285592114,1001
2026-03-17,3.274545117798247,5,0.09243734691046565,0.2961102606564381,1001
2026-03-18,3.19362068506635,6,0.12175147671699628,0.2957309639819307,1001
2026-03-19,3.1398769970338356,12,0.3,0.2978141732165218,1001
2026-03-20,3.2507820540863497,10,0.21313505224817075,0.30206788793054595,1001
2026-03-21,3.147324794476048,19,0.1558715859060418,0.30758632405271324,1001
2026-03-22,3.208904294393254,12,0.12943828645819205,0.312951248539033,1001
2026-03-23,3.1939593928145316,10,0.23196141665624675,0.31660786832720594,1001
2026-03-24,2.9751366287158616,9,0.05,0.3173807572275463,1001
2026-03-25,3.1460506489104723,5,0.13800988019325647,0.31494084953051166,1001
2026-03-26,3.3152084196493807,11,0.13590130078082663,0.3099388847355007,1001
2026-03-27,3.1847326089677446,6,0.22011010325581784,0.30373372340844096,1001
2026-03-28,3.1694285767857036,14,0.3,0.2978724144032091,1001
2026-03-29,3.2954242463840306,14,0.15841767073611537,0.293512351819304,1001
2026-03-30,3.1930876201021077,5,0.3,0.29107256923990954,1001
2026-03-31,3.139909019472542,14,0.13960116799279618,0.29018216280366976,1001
2026-04-01,3.248320733361252,11,0.23105061134638724,0.28999566142961053,1001
2026-04-02,3.101795649870385,10,0.10546265447790018,0.28966683638230284,1001
2026-04-03,3.218512916384161,10,0.05,0.28876885932388163,1001
2026-04-04,3.240368085321244,16,0.15039357884532156,0.28739791255119584,1001
2026-04-05,3.143768313649601,15,0.279211472610631,0.2859809653909173,1001
2026-04-06,3.109168329637457,14,0.0672024482173904,0.2849268201687394,1001
2026-04-07,3.118489709229706,11,0.28068406869506946,0.2843956517003159,1001
2026-04-08,3.1685153549930574,14,0.22802194819997607,0.28434648814055363,1001
2026-04-09,3.277856923690044,5,0.29818291017029497,0.284675626259964,1001
2026-04-10,3.2345554657556135,12,0.22156746058138435,0.28536923959302524,1001
2026-04-11,3.0554920009172593,20,0.12763213504049217,0.28648216821378647,1001
2026-04-12,3.253890204700856,18,0.249606826007812,0.288027796363194,1001
2026-04-13,3.1069144060221117,7,0.2547645772988454,0.289893223599328,1001
2026-04-14,3.148516258684332,7,0.2871089933858172,0.29182623825043463,1001
2026-04-15,3.0786903770537495,6,0.2382524547557059,0.2934813099581739,1001
2026-04-16,3.2629241496595336,10,0.08390071911803873,0.2945253770832054,1001
2026-04-17,3.146698960603512,14,0.1058455158115779,0.2946691586327535,1001
2026-04-18,3.102135421870273,14,0.3,0.2937436251393132,1001
2026-04-19,3.3149269687818737,14,0.21520615613958063,0.29173307072746435,1001
2026-04-20,2.9527059936011555,16,0.2857862145457086,0.2888194461883107,1001
2026-04-21,3.192457417484037,19,0.08815106986939374,0.28543569237107075,1001
2026-04-22,3.225561864972585,12,0.18060354314093874,0.2822785363735662,1001
2026-04-23,3.2941136286452046,12,0.07723379195918444,0.28027564322965354,1001
2026-04-24,3.308586122601455,16,0.2635455138975905,0.2803780696377725,1001
2026-04-25,3.3136025867472516,12,0.3,0.2833107307633857,1001
2026-04-26,3.239277871196064,22,0.1572491019515005,0.28929263832245944,1001
2026-04-27,3.1182316113534045,10,0.3,0.2979002640908653,1001
2026-04-28,3.284269241423891,11,0.21270353548741697,0.30808744716398084,1001
2026-04-29,3.162520511212718,7,0.20278736040789966,0.3183742508811905,1001
2026-04-30,3.0666159806626005,9,0.22419915946486438,0.3271694266331748,1001
2026-05-01,3.1793005702218973,15,0.3,0.33320212436031027,1001
2026-05-02,3.2192006517384404,22,0.2845495890015028,0.335892079040932,1001
2026-05-03,3.2330628904782133,12,0.142405554093131,0.3354938981519102,1001
2026-05-04,3.2965885620387305,11,0.08603899234255102,0.33293279004024307,1001
2026-05-05,3.0123183775553346,10,0.18286435639316773,0.3293648303132207,1001
2026-05-06,3.4020685983582113,14,0.1501493842480718,0.32569010779135743,1001
2026-05-07,3.31568602058174,5,0.2516022521310119,0.3222619790468329,1001
2026-05-08,3.059154592560104,10,0.05,0.3189534335725994,1001
2026-05-09,3.20718947719845,23,0.1238366442561077,0.31549590425652396,1001
2026-05-10,3.231799964794181,9,0.3,0.31189987861866597,1001
2026-05-11,3.3284904650389797,11,0.13244067571809354,0.30866069288120673,1001
2026-05-12,3.192623315931993,6,0.05,0.3066897698158169,1001
2026-05-13,3.167158080723669,1,0.3,0.30693019000730093,1001
2026-05-14,3.262139749725639,14,0.12280411188938228,0.309915345956417,1001
2026-05-15,3.053104689064008,7,0.05,0.31541199380753326,1001
2026-05-16,3.1766076289388407,15,0.1286310933247927,0.32232034668953075,1001
2026-05-17,3.242211938355163,19,0.1960168548780927,0.32886619467671196,1001
2026-05-18,3.207137933688289,9,0.3,0.33301851344802685,1001
2026-05-19,3.030188976769745,12,0.16064409248214628,0.33306430652824615,1001
2026-05-20,3.1483949169127623,19,0.18346879192440899,0.32809946832667397,1001
2026-05-21,3.2016912075242434,6,0.13130439698172963,0.318391502120351,1001
2026-05-22,3.1598787964949007,10,0.08036825913069949,0.3054338468799482,1001
2026-05-23,3.3212537451071675,10,0.1295189616034174,0.2917171279210097,1001
2026-05-24,3.0877226276376013,10,0.1330185650952224,0.28016131099718006,1001
2026-05-25,3.143476379712327,14,0.06691446160897489,0.2733725576723481,1001
2026-05-26,3.1502709502167465,10,0.11118983868757959,0.2728793292573753,1001
2026-05-27,3.2359535570733464,14,0.3,0.2787076278463748,1001
2026-05-28,3.208941666255167,7,0.2457506987317795,0.28943073484379406,1001
2026-05-29,3.2654800142827525,14,0.21949888897521852,0.30265778394691606,1001
2026-05-30,3.195654097591915,19,0.14746669593187664,0.31568960145386843,1001
2026-05-31,3.0810416551592845,14,0.20849268685629907,0.32610585161820654,1001
2026-06-01,3.1599406859899686,20,0.09086369591075595,0.3321720401251281,1001
2026-06-02,3.204355575412615,12,0.09821179669691124,0.3330869018355658,1001
2026-06-03,3.260047650249108,11,0.1595497237171814,0.3291532791583771,1001
2026-06-04,3.180966422791046,16,0.3,0.32173268814872974,1001
2026-06-05,3.2167693906351644,11,0.090594189116163,0.31296170837122883,1001
2026-06-06,3.1869581456770923,11,0.06960924489552826,0.30513047917956176,1001
2026-06-07,3.203996578886742,24,0.23258072333083407,0.2999902556814947,1001
2026-06-08,3.142183809892297,12,0.21509019919322983,0.29824380124779964,1001
2026-06-09,3.1289380164848692,12,0.2804606450631677,0.29942960641666805,1001
2026-06-10,3.1548390803708934,5,0.10972040638833755,0.30230607244859614,1001
2026-06-11,3.2849837290431245,12,0.19271123257989914,0.30546191088523855,1001
2026-06-12,3.0377173860302067,9,0.17004649067058616,0.30791875663191737,1001
2026-06-13,3.218717301336501,11,0.22733054897752972,0.30935460302171014,1001
2026-06-14,3.3023735463569537,22,0.28365710154651275,0.30997565794999926,1001
2026-06-15,3.16901722576194,12,0.13764108959518037,0.3101165692173938,1001
2026-06-16,3.1988003175207473,11,0.16734749163493667,0.30991579521443824,1001
2026-06-17,2.9918749509381626,10,0.11756233953573794,0.3092174369459183,1001
2026-06-18,3.0995607061455543,15,0.19228902880568643,0.3077217349929866,1001
2026-06-19,3.1657703664929655,5,0.214626857360125,0.30520130245446203,1001
2026-06-20,3.2064290416723544,12,0.08422628015648717,0.3017222672613475,1001
2026-06-21,3.034293015025768,14,0.07708260674927836,0.29773390441229297,1001
2026-06-22,3.0649385939972564,6,0.12875516558816663,0.29401208657645533,1001
2026-06-23,3.2904300139189813,10,0.20360508100868285,0.2914031636507819,1001
2026-06-24,3.0938489601838466,12,0.2952256980570456,0.2904025814510525,1001
2026-06-25,3.155241576637862,7,0.15735067970226468,0.2908424922820118,1001
2026-06-26,3.1480870814498205,10,0.20330368249978603,0.29191286498755786,1001
2026-06-27,3.2565672224488913,19,0.16108299591739536,0.29262224384051233,1001
2026-06-28,3.2206145882342008,12,0.12677397208299437,0.29234152118825485,1001
2026-06-29,3.1490773713081217,7,0.3,0.29114229510692036,1001
2026-06-30,3.2771806529164116,6,0.13435497650375394,0.2896452508788758,1001
2026-07-01,3.1299814238319836,3,0.29698440601777043,0.28864290556458144,1001
2020-01-01,3.2445013925057413,13,0.3103132517646227,0.0,1002
2020-01-02,3.256960688672282,13,0.24372376610486077,0.0,1002
2020-01-03,3.258881546679635,16,0.2094011348973226,0.0,1002
2020-01-04,3.291981144523115,9,0.27798528267918327,0.0,1002
2020-01-05,3.376322024577628,9,0.24492414808145443,0.0,1002
2020-01-06,3.198516392524786,8,0.2887310549321045,0.0,1002
2020-01-07,3.239628322887842,7,0.35892143963521317,0.0,1002
2020-01-08,3.178118540120864,6,0.21371130356487514,0.0,1002
2020-01-09,3.2735155833388414,6,0.3806550409111545,0.0,1002
2020-01-10,3.361190941715335,8,0.14642843530970862,0.0,1002
2020-01-11,3.4133198401270812,15,0.29061878746409825,0.0,1002
2020-01-12,3.2743841771451567,9,0.294927570115122,0.0,1002
2020-01-13,3.3567193669777113,6,0.28609327136151735,0.0,1002
2020-01-14,3.3002967447773672,10,0.333872423708996,0.0,1002
2020-01-15,3.2769426684761047,7,0.2062625303015618,0.0,1002
2020-01-16,3.284013275919982,7,0.4,0.0,1002
2020-01-17,3.2713022135103476,9,0.3336695209732594,0.0,1002
2020-01-18,3.2321505902595233,10,0.2704099957885114,0.0,1002
2020-01-19,3.343380064845679,14,0.23304135892365288,0.0,1002
2020-01-20,3.39965546433719,5,0.34382659298869084,0.0,1002
2020-01-21,3.309191638984823,12,0.4,0.0,1002
2020-01-22,3.2724610946474235,3,0.4,0.0,1002
2020-01-23,3.3510294787053967,12,0.37580787434792673,0.0,1002
2020-01-24,3.2508519763034567,8,0.38664106848217117,0.0,1002
2020-01-25,3.251963728344125,14,0.3569877996283492,0.0,1002
2020-01-26,3.272024992846096,14,0.4,0.0,1002
2020-01-27,3.2754947712421725,10,0.3499327393276706,0.0,1002
2020-01-28,3.3625140982713195,11,0.2369928637648129,0.0,1002
2020-01-29,3.2864404277370927,9,0.21715576695268954,0.0,1002
2020-01-30,3.30692843768146,8,0.38784306857579176,0.0,1002
2020-01-31,3.2788564758575607,7,0.24173260107492595,0.0,1002
2020-02-01,3.298422147241257,10,0.2756282455335118,0.0,1002
2020-02-02,3.269659598375912,18,0.3114523492890584,0.0,1002
2020-02-03,3.191616344008591,4,0.36096770601097455,0.0,1002
2020-02-04,3.280500742899784,12,0.24106530596188466,0.0,1002
2020-02-05,3.312627470257928,9,0.3058949018076557,0.0,1002
2020-02-06,3.2688512673643713,5,0.11243941425440125,0.0,1002
2020-02-07,3.2114900872704424,6,0.2171963574135275,0.0,1002
2020-02-08,3.3921684921911206,13,0.18123056417601174,0.0,1002
2020-02-09,3.2770388940103246,8,0.4,0.0,1002
2020-02-10,3.269182142473846,13,0.3190182684690519,0.0,1002
2020-02-11,3.344811776217133,9,0.23548208505792786,0.0,1002
2020-02-12,3.23471766556473,7,0.1416219007788223,0.0,1002
2020-02-13,3.31128011694499,8,0.2049420817857838,0.0,1002
2020-02-14,3.2797512676576774,10,0.33416049531570396,0.0,1002
2020-02-15,3.3412112641884963,17,0.4,0.0,1002
2020-02-16,3.4132281435361955,9,0.24322027572054938,0.0,1002
2020-02-17,3.3163807744461056,12,0.2589871764238257,0.0,1002
2020-02-18,3.387760100253422,3,0.4,0.0,1002
2020-02-19,3.2123811802423345,10,0.1,0.0,1002
2020-02-20,3.297749905627203,10,0.31947999787639403,0.0,1002
2020-02-21,3.384448258249364,7,0.4,0.0,1002
2020-02-22,3.2923635359204604,12,0.21630745349632927,0.0,1002
2020-02-23,3.2604743200312236,7,0.4,0.0,1002
2020-02-24,3.2896388341997813,8,0.2901890399533602,0.0,1002
2020-02-25,3.2798311909804356,7,0.26170714739822143,0.0,1002
2020-02-26,3.298764196346463,10,0.3006839714832395,0.0,1002
2020-02-27,3.3094625741180543,7,0.20743186089060486,0.0,1002
2020-02-28,3.3031262803044616,8,0.15332453073884741,0.0,1002
2020-02-29,3.291808857312788,9,0.24662791827356748,0.0,1002
2020-03-01,3.232641420356748,10,0.4,0.0,1002
2020-03-02,3.4025609142037068,7,0.24312513307158515,0.0,1002
2020-03-03,3.3000206398094543,2,0.3616577931539834,0.0,1002
2020-03-04,3.3541074805821998,15,0.1,0.0,1002
2020-03-05,3.276848126805668,10,0.4,0.0,1002
2020-03-06,3.226535178626416,10,0.32117175822816035,0.0,1002
2020-03-07,3.349852458941242,13,0.4,0.0,1002
2020-03-08,3.2816926506879676,15,0.3006083146564281,0.0,1002
2020-03-09,3.2570033988886458,6,0.24585387849737964,0.0,1002
2020-03-10,3.2995815293031425,12,0.27744157539418146,0.0,1002
2020-03-11,3.3211020719981352,10,0.1,0.0,1002
2020-03-12,3.261044258252711,7,0.4,0.0,1002
2020-03-13,3.3515802615727828,5,0.11500647659466318,0.0,1002
2020-03-14,3.2169213650800783,11,0.301639757985316,0.0,1002
2020-03-15,3.2935399658224087,8,0.3876008522392149,0.0,1002
2020-03-16,3.343642854421875,5,0.22073332658971745,0.0,1002
2020-03-17,3.235504068643967,13,0.18000355449798025,0.0,1002
2020-03-18,3.3127796055635503,7,0.25031916832196477,0.0,1002
2020-03-19,3.400156899874062,15,0.38264717486818095,0.0,1002
2020-03-20,3.290313747421694,8,0.23798052936791567,0.0,1002
2020-03-21,3.2925208469775176,17,0.1313377128392447,0.0,1002
2020-03-22,3.2553487094204874,17,0.4,0.0,1002
2020-03-23,3.320493677854385,3,0.23263847088797687,0.0,1002
2020-03-24,3.332221628601171,5,0.4,0.0,1002
2020-03-25,3.40299246180453,7,0.2761388134223336,0.0,1002
2020-03-26,3.253963716572523,4,0.2907720704282136,0.0,1002
2020-03-27,3.34485825245115,7,0.1,0.0,1002
2020-03-28,3.2520534795098954,12,0.3056373237717276,0.0,1002
2020-03-29,3.3307078332486855,9,0.1502719114041466,0.0,1002
2020-03-30,3.268491187797249,2,0.4,0.0,1002
2020-03-31,3.346006374509696,10,0.4,0.0,1002
2020-04-01,3.2938797560030872,15,0.17683472595956323,0.0,1002
2020-04-02,3.2243564280821753,13,0.3505108954202276,0.0,1002
2020-04-03,3.254307252925288,7,0.3507685163046076,0.0,1002
2020-04-04,3.31892665756702,13,0.28869475706600906,0.0,1002
2020-04-05,3.296239057657866,14,0.2275363637131513,0.0,1002
2020-04-06,3.279891246129159,5,0.18260027449398242,0.0,1002
2020-04-07,3.3271095716523473,8,0.22546874634479663,0.0,1002
2020-04-08,3.2290922289072386,9,0.23730625676218634,0.0,1002
2020-04-09,3.3228365253252745,9,0.193133860476475,0.0,1002
2020-04-10,3.3108846936652476,11,0.22202260880893654,0.0,1002
2020-04-11,3.3584637810476385,14,0.21643394065090946,0.0,1002
2020-04-12,3.3523264750765933,13,0.39174181504496386,0.0,1002
2020-04-13,3.3354716405677083,11,0.20287148570140054,0.0,1002
2020-04-14,3.3312899216450043,8,0.3095579081112077,0.0,1002
2020-04-15,3.3245122440606636,11,0.3594475903464588,0.0,1002
2020-04-16,3.2039439673982124,6,0.2910622773138566,0.0,1002
2020-04-17,3.2920104572762225,16,0.36636298277476115,0.0,1002
2020-04-18,3.3336962261286125,3,0.30923441284392095,0.0,1002
2020-04-19,3.256206681884875,11,0.3057792606877286,0.0,1002
2020-04-20,3.174084871859301,7,0.2710930019828743,0.0,1002
2020-04-21,3.4209944766410154,3,0.3997950681139659,0.0,1002
2020-04-22,3.3451630138296995,10,0.28915079051900555,0.0,1002
2020-04-23,3.328034349456754,8,0.3022019506392865,0.0,1002
2020-04-24,3.2863287465440614,9,0.4,0.0,1002
2020-04-25,3.2199971185044918,5,0.4,0.0,1002
2020-04-26,3.369427631594577,9,0.27498819513711165,0.0,1002
2020-04-27,3.213286809462617,8,0.23811873493776056,0.0,1002
2020-04-28,3.3366116923430815,10,0.32921247534949033,0.0,1002
2020-04-29,3.330955216244275,7,0.4,0.0,1002
2020-04-30,3.2289807974128615,10,0.4,0.0,1002
2020-05-01,3.316936782422693,5,0.2760422947318081,0.0,1002
2020-05-02,3.3612509398512556,13,0.3640571811283251,0.0,1002
2020-05-03,3.26553273762776,15,0.3263892899528123,0.0,1002
2020-05-04,3.357192431599502,9,0.37134639470661024,0.0,1002
2020-05-05,3.3229391418045124,8,0.25545057024974427,0.0,1002
2020-05-06,3.3536152787062696,11,0.33244798322172187,0.0,1002
2020-05-07,3.264749507292779,9,0.11261274974098669,0.0,1002
2020-05-08,3.30054786457642,8,0.3159186796197372,0.0,1002
2020-05-09,3.2397690523297835,14,0.2540674530990215,0.0,1002
2020-05-10,3.273591594300258,12,0.4,0.0,1002
2020-05-11,3.284875831602212,7,0.3742080459332464,0.0,1002
2020-05-12,3.346905034456426,4,0.28552504583648186,0.0,1002
2020-05-13,3.249567166792093,6,0.3287727189587677,0.0,1002
2020-05-14,3.28791877070746,10,0.26840725973294355,0.0,1002
2020-05-15,3.2855517600330244,5,0.4,0.0,1002
2020-05-16,3.3462353043547184,15,0.4,0.0,1002
2020-05-17,3.304970290771486,10,0.4,0.0,1002
2020-05-18,3.2201370479243643,14,0.3367564727708745,0.0,1002
2020-05-19,3.210226699439317,8,0.3176873241748335,0.0,1002
2020-05-20,3.3542936331248128,5,0.2738279101728721,0.0,1002
2020-05-21,3.3791463462078286,5,0.2422121318897235,0.0,1002
2020-05-22,3.251858749949436,10,0.27719969870851047,0.0,1002
2020-05-23,3.224777395091008,5,0.33949654320618117,0.0,1002
2020-05-24,3.323865407161435,15,0.4,0.0,1002
2020-05-25,3.303642308785281,7,0.31646389935934044,0.0,1002
2020-05-26,3.3990382058575457,11,0.4,0.0,1002
2020-05-27,3.2162923511988057,12,0.33187025493166133,0.0,1002
2020-05-28,3.2240175025808977,7,0.2779962255931693,0.0,1002
2020-05-29,3.3562754848565315,7,0.23943261213709063,0.0,1002
2020-05-30,3.288370043408676,16,0.4,0.0,1002
2020-05-31,3.3425864616739847,12,0.3895924986271137,0.0,1002
2020-06-01,3.2280593686205115,9,0.20308526485677875,0.0,1002
2020-06-02,3.33614217201489,8,0.224761567437307,0.0,1002
2020-06-03,3.2863290357904718,10,0.4,0.0,1002
2020-06-04,3.3585581167333873,9,0.26650105847243544,0.0,1002
2020-06-05,3.350391789552096,9,0.3462449192865427,0.0,1002
2020-06-06,3.294306343425894,8,0.14536331371883912,0.0,1002
2020-06-07,3.2139482370443875,19,0.1785627680797652,0.0,1002
2020-06-08,3.277969177755718,13,0.2874943167760168,0.0,1002
2020-06-09,3.4021602218624465,8,0.36741962984001947,0.0,1002
2020-06-10,3.388622836002093,4,0.4,0.0,1002
2020-06-11,3.26256887553144,8,0.2817773103674103,0.0,1002
2020-06-12,3.295396229768612,9,0.29132631999537356,0.0,1002
2020-06-13,3.399425739198601,13,0.3628793921123121,0.0,1002
2020-06-14,3.2968815312311173,11,0.34987094370491917,0.0,1002
2020-06-15,3.3306392480147355,9,0.26482572486697664,0.0,1002
2020-06-16,3.2493932443622544,5,0.21709575800324607,0.0,1002
2020-06-17,3.2966793513084856,13,0.16155232930194446,0.0,1002
2020-06-18,3.3255567248196285,8,0.4,0.0,1002
2020-06-19,3.3464748796433534,13,0.32059842634242575,0.0,1002
2020-06-20,3.241683037435077,12,0.37207828480104077,0.0,1002
2020-06-21,3.247129575787182,13,0.23383950988024352,0.0,1002
2020-06-22,3.2147076550516758,8,0.36519195432115414,0.0,1002
2020-06-23,3.2663709742980203,12,0.4,0.0,1002
2020-06-24,3.2985768782400147,7,0.3013106469376665,0.0,1002
2020-06-25,3.404662632417604,3,0.4,0.0,1002
2020-06-26,3.3522812837372595,7,0.3887080863943904,0.0,1002
2020-06-27,3.2867674022107987,17,0.12798196239832427,0.0,1002
2020-06-28,3.2696464479277125,10,0.20817051642290876,0.0,1002
2020-06-29,3.2729039859263103,3,0.21738501871374796,0.0,1002
2020-06-30,3.3608099877864808,8,0.3655585113986188,0.0,1002
2020-07-01,3.324633502756244,9,0.36243670963726865,0.0,1002
2020-07-02,3.3573431265346105,9,0.23408414386253776,0.0,1002
2020-07-03,3.2960923694610207,8,0.4,0.0,1002
2020-07-04,3.200981783278247,15,0.3067271338033013,0.0,1002
2020-07-05,3.3832290799737526,12,0.31534719638747094,0.0,1002
2020-07-06,3.3444886637341242,12,0.4,0.0,1002
2020-07-07,3.2794732750068816,11,0.3999060705708566,0.0,1002
2020-07-08,3.2305903230595368,2,0.3151733923644789,0.0,1002
2020-07-09,3.356993834842028,10,0.38581665035229007,0.0,1002
2020-07-10,3.2491294685427725,6,0.2587393567663924,0.0,1002
2020-07-11,3.2587004512836137,5,0.351655609474764,0.0,1002
2020-07-12,3.2965767084232,8,0.30091556376440737,0.0,1002
2020-07-13,3.3022915748184714,7,0.220190138713229,0.0,1002
2020-07-14,3.2994968559134716,9,0.33553980451746346,0.0,1002
2020-07-15,3.3033461310599557,9,0.21735365727324257,0.0,1002
2020-07-16,3.3120518515971655,7,0.2598263543467218,0.0,1002
2020-07-17,3.286731937873291,8,0.4,0.0,1002
2020-07-18,3.2413771550679917,11,0.20173402961157896,0.0,1002
2020-07-19,3.307070849213065,8,0.2673757491054495,0.0,1002
2020-07-20,3.2666694719553315,7,0.4,0.0,1002
2020-07-21,3.401473072226645,7,0.38108506187447144,0.0,1002
2020-07-22,3.3065174402804822,10,0.4,0.0,1002
2020-07-23,3.2334485185404827,11,0.29362073560111734,0.0,1002
2020-07-24,3.340005617354015,6,0.29470087744822754,0.0,1002
2020-07-25,3.1788093682406444,7,0.37594578334499595,0.0,1002
2020-07-26,3.3209283391175624,13,0.14461764893335954,0.0,1002
2020-07-27,3.332540376124929,10,0.19609227479690094,0.0,1002
2020-07-28,3.355188538133959,9,0.3385231779065757,0.0,1002
2020-07-29,3.3205306680603144,7,0.3980561838356985,0.0,1002
2020-07-30,3.2182259265222957,9,0.329810539793692,0.0,1002
2020-07-31,3.3182944694702017,5,0.4,0.0,1002
2020-08-01,3.2468751776880094,12,0.26286413106861534,0.0,1002
2020-08-02,3.2712843076804,13,0.2753262777632203,0.0,1002
2020-08-03,3.309030525902143,6,0.4,0.0,1002
2020-08-04,3.305111883742733,7,0.3244499182132511,0.0,1002
2020-08-05,3.2667465886595557,6,0.23359702612737443,0.0,1002
2020-08-06,3.334538369081113,6,0.19393678703354977,0.0,1002
2020-08-07,3.2925788804036737,9,0.4,0.0,1002
2020-08-08,3.26224143611447,13,0.25584840978243484,0.0,1002
2020-08-09,3.3166978229658,17,0.2918900225347632,0.0,1002
2020-08-10,3.3476424703916825,10,0.3724355188432853,0.0,1002
2020-08-11,3.35937722025001,9,0.4,0.0,1002
2020-08-12,3.2487494682439815,9,0.2681175188329669,0.0,1002
2020-08-13,3.3785484251190065,12,0.2949736308226339,0.0,1002
2020-08-14,3.266571367846912,6,0.20525194979924488,0.0,1002
2020-08-15,3.3845172851006247,13,0.271281990601398,0.0,1002
2020-08-16,3.3282759475438137,13,0.3949388483795447,0.0,1002
2020-08-17,3.3460215226620478,2,0.20402830568781521,0.0,1002
2020-08-18,3.23070930823562,5,0.2090326131154853,0.0,1002
2020-08-19,3.3075678085597264,7,0.3394796776775311,0.0,1002
2020-08-20,3.3231345106900254,14,0.1952106131033509,0.0,1002
2020-08-21,3.3595439663157687,8,0.3448447753430835,0.0,1002
2020-08-22,3.357018918869946,10,0.16989164362556036,0.0,1002
2020-08-23,3.2761898394863405,9,0.3829405576524975,0.0,1002
2020-08-24,3.324372320593728,13,0.29755252823464884,0.0,1002
2020-08-25,3.244386091855709,8,0.2274918605817899,0.0,1002
2020-08-26,3.308670536050302,7,0.35633638972476456,0.0,1002
2020-08-27,3.3249670816366526,5,0.4,0.0,1002
2020-08-28,3.312061375989908,7,0.39201436527618017,0.0,1002
2020-08-29,3.2769184957340656,7,0.4,0.0,1002
2020-08-30,3.2292917187412673,8,0.38976337346508544,0.0,1002
2020-08-31,3.275173868797404,4,0.4,0.0,1002
2020-09-01,3.3343709119614626,12,0.22049853917716153,0.0,1002
2020-09-02,3.318836023863513,10,0.25341579728810487,0.0,1002
2020-09-03,3.2626773163623106,9,0.38253543059843537,0.0,1002
2020-09-04,3.3907430056268617,8,0.3562887422194228,0.0,1002
2020-09-05,3.245183243937823,8,0.2831915487189876,0.0,1002
2020-09-06,3.3351862443719513,15,0.25695670274676363,0.0,1002
2020-09-07,3.3182945846750362,9,0.2953577295079292,0.0,1002
2020-09-08,3.267964767664486,9,0.19883628198509806,0.0,1002
2020-09-09,3.3210132605473985,15,0.2659611817202386,0.0,1002
2020-09-10,3.3070359645097733,11,0.2616649741155604,0.0,1002
2020-09-11,3.211766675372666,1,0.1781260236131175,0.0,1002
2020-09-12,3.304522501583305,12,0.3105275730624805,0.0,1002
2020-09-13,3.305942478423507,8,0.3437296885484731,0.0,1002
2020-09-14,3.3395483442530924,7,0.27517468740366047,0.0,1002
2020-09-15,3.2605341502506273,11,0.2392191522630815,0.0,1002
2020-09-16,3.244823819158399,11,0.24472994886488714,0.0,1002
2020-09-17,3.283460352869172,9,0.4,0.0,1002
2020-09-18,3.2948676612858203,5,0.1803077556494847,0.0,1002
2020-09-19,3.3035279994525073,10,0.3840494725224345,0.0,1002
2020-09-20,3.3392573608041816,12,0.20392298660399513,0.0,1002
2020-09-21,3.304293472605266,13,0.32440481046636943,0.0,1002
2020-09-22,3.2299216807828013,16,0.4,0.0,1002
2020-09-23,3.2687308963537394,5,0.26503148937399634,0.0,1002
2020-09-24,3.272089013615914,8,0.3244468106713954,0.0,1002
2020-09-25,3.338051825542857,9,0.20808167006045702,0.0,1002
2020-09-26,3.3758964693243154,11,0.27011391242704097,0.0,1002
2020-09-27,3.2966649482339365,13,0.1633734082281379,0.0,1002
2020-09-28,3.2558982645430685,11,0.2391136855233445,0.0,1002
2020-09-29,3.3319541685685827,6,0.23644542007720232,0.0,1002
2020-09-30,3.311997946614706,7,0.3026885412797855,0.0,1002
2020-10-01,3.3091461100053396,11,0.1018075370355359,0.0,1002
2020-10-02,3.2572604963108702,7,0.3047900717631836,0.0,1002
2020-10-03,3.2966338648844924,11,0.27145886650123763,0.0,1002
2020-10-04,3.32782810209706,16,0.39707574756675096,0.0,1002
2020-10-05,3.3239919924153365,11,0.1900663199403785,0.0,1002
2020-10-06,3.4112035277193216,5,0.24418293711628133,0.0,1002
2020-10-07,3.287890389613832,10,0.25762111120282954,0.0,1002
2020-10-08,3.432159345647996,8,0.15144798370574222,0.0,1002
2020-10-09,3.3097718818359376,8,0.29083913003110695,0.0,1002
2020-10-10,3.2483135150214837,15,0.30325124732647996,0.0,1002
2020-10-11,3.3186200828331263,10,0.4,0.0,1002
2020-10-12,3.4193589607557,10,0.2004862253435657,0.0,1002
2020-10-13,3.2686767754607984,7,0.23896426755798197,0.0,1002
2020-10-14,3.34846270658353,11,0.18961655450383197,0.0,1002
2020-10-15,3.3022307857159325,8,0.2977046019345535,0.0,1002
2020-10-16,3.246036364096121,5,0.20600314663877212,0.0,1002
2020-10-17,3.3370175789014813,12,0.1501315942519902,0.0,1002
2020-10-18,3.25904336330358,15,0.31696331690695356,0.0,1002
2020-10-19,3.2220860077044815,7,0.29157092101911725,0.0,1002
2020-10-20,3.309445864203257,12,0.4,0.0,1002
2020-10-21,3.3672062754043504,6,0.25693132654392214,0.0,1002
2020-10-22,3.227463257588682,9,0.18167592435670601,0.0,1002
2020-10-23,3.2603770319465184,10,0.2257495996569475,0.0,1002
2020-10-24,3.2827857366947226,13,0.4,0.0,1002
2020-10-25,3.3281339373151932,14,0.3451762157591002,0.0,1002
2020-10-26,3.2842439550730407,9,0.36248644856173523,0.0,1002
2020-10-27,3.310162676268821,9,0.3589799292305936,0.0,1002
2020-10-28,3.2921238227669405,8,0.4,0.0,1002
2020-10-29,3.3520729845481987,8,0.316914010126175,0.0,1002
2020-10-30,3.2434800219290896,5,0.1919909141944401,0.0,1002
2020-10-31,3.351274283507812,10,0.28797820816321235,0.0,1002
2020-11-01,3.3698940139393407,12,0.2254589231319078,0.0,1002
2020-11-02,3.2777434177146683,6,0.29369654981761545,0.0,1002
2020-11-03,3.2626682787964074,6,0.4,0.0,1002
2020-11-04,3.3472785542045727,7,0.2161772010458233,0.0,1002
2020-11-05,3.286907967019063,9,0.4,0.0,1002
2020-11-06,3.4072095862230705,9,0.4,0.0,1002
2020-11-07,3.2931758325621363,16,0.22952321652489882,0.0,1002
2020-11-08,3.378106193961738,17,0.15105520449099463,0.0,1002
2020-11-09,3.3206978351723877,6,0.33794651934049025,0.0,1002
2020-11-10,3.369160829075298,8,0.21486201779794764,0.0,1002
2020-11-11,3.412380939376612,9,0.32606887201995005,0.0,1002
2020-11-12,3.215978890246125,10,0.2762846822932447,0.0,1002
2020-11-13,3.2943232825726847,9,0.3810510306530228,0.0,1002
2020-11-14,3.358447414717299,15,0.4,0.0,1002
2020-11-15,3.274152024946952,11,0.31833194455494623,0.0,1002
2020-11-16,3.302688525905338,1,0.3682761678036732,0.0,1002
2020-11-17,3.353718534112745,7,0.3109109105873607,0.0,1002
2020-11-18,3.298869762263821,7,0.2885205145059774,0.0,1002
2020-11-19,3.3731809531639523,8,0.4,0.0,1002
2020-11-20,3.275558315283443,11,0.4,0.0,1002
2020-11-21,3.3000928586185143,9,0.3661118314252359,0.0,1002
2020-11-22,3.256586934644018,15,0.1899264192431092,0.0,1002
2020-11-23,3.3259415162402597,9,0.2652092141592701,0.0,1002
2020-11-24,3.3166167967624793,6,0.35959704790125857,0.0,1002
2020-11-25,3.2836695742488065,9,0.3534402055919668,0.0,1002
2020-11-26,3.2961760782928455,12,0.30438208228294444,0.0,1002
2020-11-27,3.303068351942752,9,0.2973207042207105,0.0,1002
2020-11-28,3.2851242980756905,10,0.25334475261386663,0.0,1002
2020-11-29,3.3542290392692475,12,0.2827649433895386,0.0,1002
2020-11-30,3.1888301537974932,6,0.23132199413767154,0.0,1002
2020-12-01,3.2834258782155787,5,0.26220298453738267,0.0,1002
2020-12-02,3.3052003321518098,10,0.2953954872140744,0.0,1002
2020-12-03,3.379348897762154,14,0.20387564632867541,0.0,1002
2020-12-04,3.1411156030056393,8,0.2464231590142413,0.0,1002
2020-12-05,3.259443568905406,14,0.24539385063647806,0.0,1002
2020-12-06,3.3580289674800743,15,0.35246384654944923,0.0,1002
2020-12-07,3.296115601307344,10,0.29509873846026213,0.0,1002
2020-12-08,3.278833655962846,6,0.22731408906586878,0.0,1002
2020-12-09,3.2564701288101845,15,0.4,0.0,1002
2020-12-10,3.3307076696371882,4,0.4,0.0,1002
2020-12-11,3.3741601881704306,5,0.36824877809203466,0.0,1002
2020-12-12,3.2871847846541216,8,0.14127415750084332,0.0,1002
2020-12-13,3.2928336944538006,11,0.3431467980487886,0.0,1002
2020-12-14,3.2128203727819438,7,0.29868916073166035,0.0,1002
2020-12-15,3.2533824159487787,8,0.15837086447265486,0.0,1002
2020-12-16,3.2773286619573794,10,0.31563923601845234,0.0,1002
2020-12-17,3.374508790508899,6,0.22578095528907355,0.0,1002
2020-12-18,3.4098472651621377,10,0.2707300115728704,0.0,1002
2020-12-19,3.3265325436236406,8,0.4,0.0,1002
2020-12-20,3.319105475112284,10,0.2917787319387944,0.0,1002
2020-12-21,3.2637261259852295,11,0.24280062623810947,0.0,1002
2020-12-22,3.2738078445957144,7,0.2491572221377615,0.0,1002
2020-12-23,3.3613152853612585,8,0.28891056867664966,0.0,1002
2020-12-24,3.189282419528626,10,0.25292712122917116,0.0,1002
2020-12-25,3.23288069215781,10,0.2341471498103711,0.0,1002
2020-12-26,3.2522704725738723,15,0.4,0.0,1002
2020-12-27,3.327319178160482,14,0.4,0.0,1002
2020-12-28,3.3096338554198046,5,0.25207233600435125,0.0,1002
2020-12-29,3.2823748140618623,10,0.32089212289328,0.0,1002
2020-12-30,3.259114379809291,11,0.26978093362678013,0.0,1002
2020-12-31,3.329642822554384,8,0.3028634642959844,0.0,1002
2021-01-01,3.326573514154014,6,0.2613447434693477,0.0,1002
2021-01-02,3.306659027791396,9,0.2681031806273245,0.0,1002
2021-01-03,3.2775031782311066,10,0.29731596220784123,0.0,1002
2021-01-04,3.3913265477480263,15,0.4,0.0,1002
2021-01-05,3.2596555175705766,5,0.3628982137918378,0.0,1002
2021-01-06,3.348254354203153,5,0.17334780206840164,0.0,1002
2021-01-07,3.157633862819747,5,0.3821176139916889,0.0,1002
2021-01-08,3.3507395534502593,7,0.3414681362999451,0.0,1002
2021-01-09,3.3382869544642415,19,0.3576532927621538,0.0,1002
2021-01-10,3.264767152084525,12,0.4,0.0,1002
2021-01-11,3.2929082848706956,9,0.35803486067282064,0.0,1002
2021-01-12,3.3390438099596738,7,0.4,0.0,1002
2021-01-13,3.3300839207805226,16,0.18386602702801125,0.0,1002
2021-01-14,3.2689481179863753,8,0.3766382577499242,0.0,1002
2021-01-15,3.292287474106698,6,0.31967110345994776,0.0,1002
2021-01-16,3.1848131465451397,13,0.11818612082841629,0.0,1002
2021-01-17,3.336610973228032,13,0.23879455303016717,0.0,1002
2021-01-18,3.3637346674796436,6,0.3342259915131106,0.0,1002
2021-01-19,3.3512215616978698,9,0.29039836080893133,0.0,1002
2021-01-20,3.323487733565574,19,0.33077311085542543,0.0,1002
2021-01-21,3.3027962955071977,3,0.2710897002053397,0.0,1002
2021-01-22,3.2137286518840766,9,0.20096139249127046,0.0,1002
2021-01-23,3.285132473278905,7,0.3196425430342003,0.0,1002
2021-01-24,3.2973265760418298,7,0.24239943362963196,0.0,1002
2021-01-25,3.343070291262007,15,0.33112609548799793,0.0,1002
2021-01-26,3.4205358389901868,11,0.2981805795830672,0.0,1002
2021-01-27,3.4437581998755493,5,0.3464503258001559,0.0,1002
2021-01-28,3.365919768214854,2,0.26273691943077204,0.0,1002
2021-01-29,3.304993959284198,6,0.26813521237352156,0.0,1002
2021-01-30,3.1979230878990417,10,0.2745398488629613,0.0,1002
2021-01-31,3.2871145355151388,12,0.31484609129220964,0.0,1002
2021-02-01,3.3696066924134227,5,0.4,0.0,1002
2021-02-02,3.4098459412044853,7,0.2082023404587539,0.0,1002
2021-02-03,3.285085658741104,7,0.3907396055496176,0.0,1002
2021-02-04,3.2396756784183594,8,0.35953320979309356,0.0,1002
2021-02-05,3.2399808363596243,5,0.2707396891402804,0.0,1002
2021-02-06,3.163189007074232,8,0.4,0.0,1002
2021-02-07,3.3262174753855183,12,0.335722673674699,0.0,1002
2021-02-08,3.3349329590192287,15,0.21809084635183304,0.0,1002
2021-02-09,3.2611442880115242,8,0.23478935403971193,0.0,1002
2021-02-10,3.3204717407909548,6,0.19923867460585767,0.0,1002
2021-02-11,3.3584582546221666,5,0.4,0.0,1002
2021-02-12,3.301562179817514,6,0.34010017575190593,0.0,1002
2021-02-13,3.2714670872385527,13,0.27377619505123,0.0,1002
2021-02-14,3.235955145223605,13,0.3871028077496056,0.0,1002
2021-02-15,3.3162765889030315,10,0.29194492843484704,0.0,1002
2021-02-16,3.270804641703035,12,0.24881046160533266,0.0,1002
2021-02-17,3.297525238345808,3,0.4,0.0,1002
2021-02-18,3.3196583153245363,6,0.28996872546925523,0.0,1002
2021-02-19,3.3641917035498072,11,0.2943782508665688,0.0,1002
2021-02-20,3.266016835021038,11,0.23616108420089488,0.0,1002
2021-02-21,3.294602798704972,13,0.3631730796782893,0.0,1002
2021-02-22,3.237063452651561,6,0.4,0.0,1002
2021-02-23,3.312138917730875,4,0.17743840262209196,0.0,1002
2021-02-24,3.267993030729517,8,0.20090102381183303,0.0,1002
2021-02-25,3.2349485413850982,12,0.4,0.0,1002
2021-02-26,3.213727408127391,10,0.23991382355648597,0.0,1002
2021-02-27,3.28641579283147,12,0.28520032177264654,0.0,1002
2021-02-28,3.286036755935419,8,0.2555535825960538,0.0,1002
2021-03-01,3.308136089540602,6,0.27190681727485444,0.0,1002
2021-03-02,3.3277739537140776,8,0.3313669523072255,0.0,1002
2021-03-03,3.3168439968694323,5,0.22490542671027594,0.0,1002
2021-03-04,3.28114330556702,6,0.36532587969841435,0.0,1002
2021-03-05,3.268571870525332,11,0.36670122611125094,0.0,1002
2021-03-06,3.295602326223266,6,0.12877935543958977,0.0,1002
2021-03-07,3.2956799886358863,15,0.25696941037220083,0.0,1002
2021-03-08,3.3753657201050413,15,0.3589817025920689,0.0,1002
2021-03-09,3.2663623671783295,2,0.4,0.0,1002
2021-03-10,3.245435880101635,9,0.3006821311549573,0.0,1002
2021-03-11,3.2858066636884735,6,0.3453936080966101,0.0,1002
2021-03-12,3.278631127514793,4,0.2347145756686583,0.0,1002
2021-03-13,3.2581056583037205,17,0.24788311182441305,0.0,1002
2021-03-14,3.3334689237915462,13,0.3269861752302821,0.0,1002
2021-03-15,3.2311686191645896,8,0.38541428294231267,0.0,1002
2021-03-16,3.3533159388407903,12,0.13481702470803167,0.0,1002
2021-03-17,3.2586332992706355,9,0.3942794848134002,0.0,1002
2021-03-18,3.2188025411829804,6,0.2190930435458725,0.0,1002
2021-03-19,3.2782965754661775,5,0.3549472914796692,0.0,1002
2021-03-20,3.2528405521233172,11,0.18932828904917287,0.0,1002
2021-03-21,3.345501055037028,16,0.20843288418041978,0.0,1002
2021-03-22,3.2899263283291065,8,0.4,0.0,1002
2021-03-23,3.349255472111412,2,0.4,0.0,1002
2021-03-24,3.3210462489745614,5,0.29121178735731534,0.0,1002
2021-03-25,3.2153690772944272,8,0.4,0.0,1002
2021-03-26,3.268874204205584,12,0.20776423979786768,0.0,1002
2021-03-27,3.2553018358986177,11,0.4,0.0,1002
2021-03-28,3.285065594202335,8,0.1927615323381963,0.0,1002
2021-03-29,3.2932715192265807,5,0.1635081172230174,0.0,1002
2021-03-30,3.3195148723220624,9,0.1459969393080009,0.0,1002
2021-03-31,3.3029010739956277,9,0.1394737760211702,0.0,1002
2021-04-01,3.2501420954223947,8,0.3120402438892166,0.0,1002
2021-04-02,3.2934255361678306,7,0.3661693033141972,0.0,1002
2021-04-03,3.2713734517864124,11,0.29886196734020104,0.0,1002
2021-04-04,3.258446198453297,15,0.4,0.0,1002
2021-04-05,3.409469497856119,10,0.3656283370576878,0.0,1002
2021-04-06,3.2522263405955036,6,0.4,0.0,1002
2021-04-07,3.247061366131423,6,0.4,0.0,1002
2021-04-08,3.365163260872547,14,0.3962940733240006,0.0,1002
2021-04-09,3.2483519585143306,7,0.38588030236102194,0.0,1002
2021-04-10,3.265394758353568,9,0.2169779485019188,0.0,1002
2021-04-11,3.269370962232277,9,0.2101634126806743,0.0,1002
2021-04-12,3.2230576197807124,6,0.3631022468598843,0.0,1002
2021-04-13,3.214450083493215,6,0.4,0.0,1002
2021-04-14,3.3148042295986104,12,0.26759020821013796,0.0,1002
2021-04-15,3.31174540527482,9,0.3328774394126665,0.0,1002
2021-04-16,3.2283071827570438,9,0.4,0.0,1002
2021-04-17,3.3513152445452215,20,0.4,0.0,1002
2021-04-18,3.2992743889916496,13,0.1720832741380046,0.0,1002
2021-04-19,3.256302288954214,7,0.2880990610635119,0.0,1002
2021-04-20,3.3215371378460468,10,0.3478562420775507,0.0,1002
2021-04-21,3.3306404505633997,8,0.1407822081720685,0.0,1002
2021-04-22,3.2941579397613614,5,0.38789023983043147,0.0,1002
2021-04-23,3.2779853130430228,10,0.32318298337969575,0.0,1002
2021-04-24,3.2576034017515463,13,0.11489954243549004,0.0,1002
2021-04-25,3.2772528021942606,16,0.2584463581165767,0.0,1002
2021-04-26,3.295875559049236,12,0.4,0.0,1002
2021-04-27,3.267853475944105,12,0.29560669365118264,0.0,1002
2021-04-28,3.2788274525506003,5,0.3214098281719674,0.0,1002
2021-04-29,3.282169481976423,11,0.27364188230636555,0.0,1002
2021-04-30,3.3152712984390007,3,0.4,0.0,1002
2021-05-01,3.3353020913010027,11,0.1,0.0,1002
2021-05-02,3.3474888720081766,7,0.11429978067738848,0.0,1002
2021-05-03,3.3223889241515,6,0.37773838457158454,0.0,1002
2021-05-04,3.2855072943196166,6,0.3004609272690467,0.0,1002
2021-05-05,3.3285027796790767,12,0.4,0.0,1002
2021-05-06,3.291269880421697,8,0.14968883328995775,0.0,1002
2021-05-07,3.2443932431210927,5,0.37633525861896133,0.0,1002
2021-05-08,3.2426466761644708,17,0.4,0.0,1002
2021-05-09,3.3280590890286152,5,0.27684193489415804,0.0,1002
2021-05-10,3.3108658000052174,4,0.13961532846485858,0.0,1002
2021-05-11,3.3441725452763995,15,0.25512309672311223,0.0,1002
2021-05-12,3.325024621575057,6,0.27871989421835364,0.0,1002
2021-05-13,3.271904140064933,6,0.20327023132743471,0.0,1002
2021-05-14,3.31477728159562,6,0.3423381186203381,0.0,1002
2021-05-15,3.160553481308301,20,0.2881976350186773,0.0,1002
2021-05-16,3.330876829091259,13,0.30972150746762706,0.0,1002
2021-05-17,3.31425752126706,7,0.4,0.0,1002
2021-05-18,3.2858766717633165,7,0.21968235185552204,0.0,1002
2021-05-19,3.3161103676804906,3,0.20804790486239697,0.0,1002
2021-05-20,3.286157711357318,5,0.19362420889257256,0.0,1002
2021-05-21,3.29147987306672,7,0.21745029476735742,0.0,1002
2021-05-22,3.2624491617295237,14,0.17956390013075613,0.0,1002
2021-05-23,3.2984075093381335,15,0.29919811781470895,0.0,1002
2021-05-24,3.2770452660758584,6,0.39522760831453707,0.0,1002
2021-05-25,3.3217715157656076,5,0.3554335845023924,0.0,1002
2021-05-26,3.2769540852808277,9,0.4,0.0,1002
2021-05-27,3.315960210718809,7,0.4,0.0,1002
2021-05-28,3.4278545458364658,4,0.13924009462242273,0.0,1002
2021-05-29,3.3194095870354166,5,0.3020809888040996,0.0,1002
2021-05-30,3.258860382147918,17,0.1992077293408233,0.0,1002
2021-05-31,3.288304931322944,2,0.27610028827707045,0.0,1002
2021-06-01,3.3543373631029705,10,0.2507400173371032,0.0,1002
2021-06-02,3.301519422914682,5,0.22051066507893066,0.0,1002
2021-06-03,3.3069427728256175,6,0.2923448374110166,0.0,1002
2021-06-04,3.338432174553563,11,0.3806414143408409,0.0,1002
2021-06-05,3.257574333959211,16,0.3191878767657102,0.0,1002
2021-06-06,3.265902042310497,11,0.17620146550459342,0.0,1002
2021-06-07,3.416732108237404,6,0.4,0.0,1002
2021-06-08,3.3083205715634896,12,0.3673892759762311,0.0,1002
2021-06-09,3.2369509183405674,11,0.35432915718473007,0.0,1002
2021-06-10,3.254517311544618,7,0.4,0.0,1002
2021-06-11,3.351259646160325,8,0.3556572293210438,0.0,1002
2021-06-12,3.256499868785563,11,0.3336842271425701,0.0,1002
2021-06-13,3.2803849286838545,14,0.36354051544285937,0.0,1002
2021-06-14,3.1855818728028003,8,0.21023968020896572,0.0,1002
2021-06-15,3.287540347402696,9,0.17967206063470778,0.0,1002
2021-06-16,3.2397502880494375,8,0.4,0.0,1002
2021-06-17,3.4000379451615275,5,0.36676482783466274,0.0,1002
2021-06-18,3.2766369304039555,8,0.2412219672617472,0.0,1002
2021-06-19,3.2969177384631254,16,0.2213404985168678,0.0,1002
2021-06-20,3.239850121675895,13,0.10789156922884037,0.0,1002
2021-06-21,3.365528349324714,3,0.4,0.0,1002
2021-06-22,3.4013883122402935,14,0.22532206611581893,0.0,1002
2021-06-23,3.3484230880662804,11,0.22364498579975234,0.0,1002
2021-06-24,3.247378306631948,6,0.39164308999647257,0.0,1002
2021-06-25,3.2837829736808093,11,0.11666361767795172,0.0,1002
2021-06-26,3.3857649957237728,14,0.19833584724187495,0.0,1002
2021-06-27,3.2448163032094053,10,0.3125349439407952,0.0,1002
2021-06-28,3.3292935189024195,8,0.183205967116133,0.0,1002
2021-06-29,3.331482202439514,6,0.23014814938234016,0.0,1002
2021-06-30,3.3429349584240073,9,0.1919179908308013,0.0,1002
2021-07-01,3.354307748384105,8,0.290626328595003,0.0,1002
2021-07-02,3.343031387956309,6,0.32852160075809517,0.0,1002
2021-07-03,3.2387629216876426,14,0.4,0.0,1002
2021-07-04,3.3641724588652338,13,0.24185157825383258,0.0,1002
2021-07-05,3.3125026093581713,8,0.4,0.0,1002
2021-07-06,3.2682872963400293,10,0.14137397999507834,0.0,1002
2021-07-07,3.349145103401667,9,0.208640858074664,0.0,1002
2021-07-08,3.272766247011374,8,0.3434237620545162,0.0,1002
2021-07-09,3.2438300227952555,12,0.36967709725554293,0.0,1002
2021-07-10,3.297526454147961,11,0.20195859033814073,0.0,1002
2021-07-11,3.3539817639787683,12,0.2360941105333224,0.0,1002
2021-07-12,3.3282372368206734,14,0.3581934748065534,0.0,1002
2021-07-13,3.3983422093525975,4,0.19696966720387765,0.0,1002
2021-07-14,3.291174184600561,3,0.3137321060558215,0.0,1002
2021-07-15,3.3216608036985655,4,0.38186337832802364,0.0,1002
2021-07-16,3.3878728251652808,10,0.23731303123919714,0.0,1002
2021-07-17,3.2669755214235576,8,0.3139587693686554,0.0,1002
2021-07-18,3.220858246824566,15,0.1761045082411115,0.0,1002
2021-07-19,3.2841026416827086,9,0.1762599130113754,0.0,1002
2021-07-20,3.2613878003008536,8,0.22455186855411924,0.0,1002
2021-07-21,3.308817102055508,12,0.24738520107291576,0.0,1002
2021-07-22,3.2649268958385136,15,0.16714431598165636,0.0,1002
2021-07-23,3.276882505718788,8,0.3139304020895762,0.0,1002
2021-07-24,3.305933150937712,9,0.20561387113515164,0.0,1002
2021-07-25,3.379222767691596,10,0.3218869820084298,0.0,1002
2021-07-26,3.280378278472559,13,0.13761918831024045,0.0,1002
2021-07-27,3.3201397684578002,8,0.2274177872896547,0.0,1002
2021-07-28,3.307136750754793,7,0.16231244705291553,0.0,1002
2021-07-29,3.2957692909718688,11,0.35725663306157535,0.0,1002
2021-07-30,3.2613862061458216,5,0.26938137190194883,0.0,1002
2021-07-31,3.3370564119934563,12,0.35737300184694254,0.0,1002
2021-08-01,3.3856435874087376,18,0.25935056959143943,0.0,1002
2021-08-02,3.3503156039420996,3,0.3778882189404756,0.0,1002
2021-08-03,3.2013910436430875,13,0.4,0.0,1002
2021-08-04,3.271886858145025,10,0.32221153303172145,0.0,1002
2021-08-05,3.315871626881563,9,0.3531129432266056,0.0,1002
2021-08-06,3.342468598699392,13,0.14509634986368,0.0,1002
2021-08-07,3.1889195320088635,10,0.27966219717206603,0.0,1002
2021-08-08,3.3008500657687794,10,0.21897798081793649,0.0,1002
2021-08-09,3.283477105324648,5,0.35664746965417393,0.0,1002
2021-08-10,3.3608895567080332,3,0.18565833659218195,0.0,1002
2021-08-11,3.191618070455994,9,0.1973247494414968,0.0,1002
2021-08-12,3.337836701774499,7,0.26028677860321603,0.0,1002
2021-08-13,3.364071390455524,6,0.2674948393615805,0.0,1002
2021-08-14,3.2150324784975126,19,0.2180941525096266,0.0,1002
2021-08-15,3.3643785806373483,7,0.18078368487471014,0.0,1002
2021-08-16,3.383770817451919,1,0.22436089818807736,0.0,1002
2021-08-17,3.2234471765519728,8,0.3007559905630149,0.0,1002
2021-08-18,3.2881820051416963,10,0.37084495126555894,0.0,1002
2021-08-19,3.2885645378193784,5,0.4,0.0,1002
2021-08-20,3.3164290548346633,9,0.4,0.0,1002
2021-08-21,3.281479046859537,12,0.4,0.0,1002
2021-08-22,3.245121089526129,14,0.21133540251628546,0.0,1002
2021-08-23,3.2359552216745175,12,0.2464085218756873,0.0,1002
2021-08-24,3.3593078603196087,7,0.3918394263535802,0.0,1002
2021-08-25,3.352135314893323,11,0.34819472530338624,0.0,1002
2021-08-26,3.337888826520555,6,0.1559360968940141,0.0,1002
2021-08-27,3.392351607713869,10,0.32224293370641216,0.0,1002
2021-08-28,3.4035376749673487,18,0.4,0.0,1002
2021-08-29,3.27801578435294,12,0.20876543276048412,0.0,1002
2021-08-30,3.327323008475516,3,0.29583622642397317,0.0,1002
2021-08-31,3.2538660279628293,6,0.27381706204568107,0.0,1002
2021-09-01,3.2916906453441737,11,0.14571186376019618,0.0,1002
2021-09-02,3.3964113496572526,11,0.34869613652296766,0.0,1002
2021-09-03,3.327895277960062,4,0.4,0.0,1002
2021-09-04,3.365620708840339,18,0.4,0.0,1002
2021-09-05,3.3278180207538504,10,0.28096904620111646,0.0,1002
2021-09-06,3.2583235053507913,6,0.3234351637872827,0.0,1002
2021-09-07,3.27936959606175,6,0.4,0.0,1002
2021-09-08,3.378247477655586,7,0.3680112940451439,0.0,1002
2021-09-09,3.3123126896596973,8,0.35676943841097286,0.0,1002
2021-09-10,3.2675578900451843,5,0.3212548821357935,0.0,1002
2021-09-11,3.289597170646408,18,0.3202017169399366,0.0,1002
2021-09-12,3.21604706910488,15,0.2941115897434624,0.0,1002
2021-09-13,3.2879623551115587,5,0.30947447497290065,0.0,1002
2021-09-14,3.292501957423388,11,0.18194270750969657,0.0,1002
2021-09-15,3.3292774017600713,14,0.3115209325437518,0.0,1002
2021-09-16,3.3089367215568313,9,0.4,0.0,1002
2021-09-17,3.384993472431156,5,0.29349163127711075,0.0,1002
2021-09-18,3.3725180255409857,17,0.22808753518710165,0.0,1002
2021-09-19,3.293291719372667,14,0.22268449777458219,0.0,1002
2021-09-20,3.253357869122568,8,0.4,0.0,1002
2021-09-21,3.2989070244720615,5,0.3723879656539359,0.0,1002
2021-09-22,3.2901196102404433,12,0.21230688720670718,0.0,1002
2021-09-23,3.2673471021523834,4,0.2721530201402987,0.0,1002
2021-09-24,3.280699301550549,7,0.4,0.0,1002
2021-09-25,3.294566735432361,9,0.36638222262908776,0.0,1002
2021-09-26,3.2617492740261156,10,0.137054108733413,0.0,1002
2021-09-27,3.2987386142391864,6,0.25797831293649565,0.0,1002
2021-09-28,3.2924666179024666,5,0.4,0.0,1002
2021-09-29,3.3219078470579153,9,0.28503661127495133,0.0,1002
2021-09-30,3.2724019629977303,14,0.15842707556703317,0.0,1002
2021-10-01,3.287368576564909,6,0.35594483538855076,0.0,1002
2021-10-02,3.371312287648175,15,0.2802929871179164,0.0,1002
2021-10-03,3.3172606939085694,7,0.3598119294650306,0.0,1002
2021-10-04,3.3071007094933575,9,0.3638607267106658,0.0,1002
2021-10-05,3.3060273983284976,14,0.4,0.0,1002
2021-10-06,3.2630860626642417,16,0.3331441723770687,0.0,1002
2021-10-07,3.383897408488516,8,0.29441480052392055,0.0,1002
2021-10-08,3.3300511143944322,3,0.3165183348900674,0.0,1002
2021-10-09,3.278164655417982,8,0.28455645785507383,0.0,1002
2021-10-10,3.274517373659599,10,0.23947342081118722,0.0,1002
2021-10-11,3.273555724122823,11,0.2945161166410335,0.0,1002
2021-10-12,3.3430988363519916,10,0.18745345851845513,0.0,1002
2021-10-13,3.2579806736851893,3,0.21153926843888038,0.0,1002
2021-10-14,3.361313320510517,6,0.3870772578238112,0.0,1002
2021-10-15,3.2841870121925987,6,0.4,0.0,1002
2021-10-16,3.2826710066535867,10,0.22339461521489232,0.0,1002
2021-10-17,3.2534192936675295,12,0.4,0.0,1002
2021-10-18,3.3108847861093422,10,0.4,0.0,1002
2021-10-19,3.3745266851445845,8,0.4,0.0,1002
2021-10-20,3.34732112793659,11,0.12467268226831152,0.0,1002
2021-10-21,3.229479117931162,7,0.4,0.0,1002
2021-10-22,3.1438804321973395,9,0.4,0.0,1002
2021-10-23,3.285544338313,15,0.28502036805018965,0.0,1002
2021-10-24,3.2152072268903495,14,0.14879412329191768,0.0,1002
2021-10-25,3.171363064801502,13,0.4,0.0,1002
2021-10-26,3.334189919832817,14,0.36909013996463547,0.0,1002
2021-10-27,3.2942235043072947,7,0.22856206130636242,0.0,1002
2021-10-28,3.2518194482162417,9,0.17562864550845333,0.0,1002
2021-10-29,3.2980705457765995,7,0.39689382397940964,0.0,1002
2021-10-30,3.258942459272026,16,0.2658605996955127,0.0,1002
2021-10-31,3.3530628228282984,12,0.23460550446362805,0.0,1002
2021-11-01,3.3197733313089755,15,0.27264680891617765,0.0,1002
2021-11-02,3.3151803079728794,9,0.3813998593928327,0.0,1002
2021-11-03,3.3637328160282505,5,0.2359171768831734,0.0,1002
2021-11-04,3.279333842450968,3,0.4,0.0,1002
2021-11-05,3.3012811400039133,7,0.26709636210108817,0.0,1002
2021-11-06,3.2954757649265045,15,0.4,0.0,1002
2021-11-07,3.30265044602666,15,0.2090662887457582,0.0,1002
2021-11-08,3.31734293259909,7,0.4,0.0,1002
2021-11-09,3.272461428399779,7,0.24099348283991773,0.0,1002
2021-11-10,3.2941330967774,11,0.19450095215494217,0.0,1002
2021-11-11,3.247718552765085,8,0.34137962326902516,0.0,1002
2021-11-12,3.279170736278854,6,0.16488142565664143,0.0,1002
2021-11-13,3.284790178711377,15,0.12144715675576558,0.0,1002
2021-11-14,3.239965287983045,8,0.26288073904596665,0.0,1002
2021-11-15,3.374659715245887,8,0.2971163117619638,0.0,1002
2021-11-16,3.371142132122866,10,0.39465475488265256,0.0,1002
2021-11-17,3.28297967493174,4,0.272832008537043,0.0,1002
2021-11-18,3.3408673515846163,7,0.335348535964702,0.0,1002
2021-11-19,3.2786629086777648,4,0.3029189881656795,0.0,1002
2021-11-20,3.3097987119751093,12,0.29391448514053986,0.0,1002
2021-11-21,3.2116017747959,17,0.3178605406118814,0.0,1002
2021-11-22,3.284276002850159,5,0.3004553798859682,0.0,1002
2021-11-23,3.3527315724362543,5,0.2995781753788342,0.0,1002
2021-11-24,3.25606557300477,10,0.27526665993433036,0.0,1002
2021-11-25,3.309020224560433,12,0.28724719141469296,0.0,1002
2021-11-26,3.2784231208844976,5,0.4,0.0,1002
2021-11-27,3.3156614299618994,9,0.2681249554492868,0.0,1002
2021-11-28,3.264934891946767,13,0.3920890447574277,0.0,1002
2021-11-29,3.282715718506101,6,0.4,0.0,1002
2021-11-30,3.2894206615529984,2,0.1730789120259675,0.0,1002
2021-12-01,3.293579472871238,6,0.2662139306180104,0.0,1002
2021-12-02,3.272831787223903,9,0.22044749036382016,0.0,1002
2021-12-03,3.3021634597563847,8,0.4,0.0,1002
2021-12-04,3.268545849491343,10,0.30728560546872385,0.0,1002
2021-12-05,3.2552404459602924,9,0.18935358200657976,0.0,1002
2021-12-06,3.32027696254501,12,0.4,0.0,1002
2021-12-07,3.2584292328681808,9,0.3065826539349128,0.0,1002
2021-12-08,3.276156633327503,3,0.3378545158461315,0.0,1002
2021-12-09,3.317609579327598,6,0.17354865968416278,0.0,1002
2021-12-10,3.3371127683813904,8,0.18190892841636666,0.0,1002
2021-12-11,3.2619958993599254,13,0.22798556743939297,0.0,1002
2021-12-12,3.313405317564156,14,0.28858410185743777,0.0,1002
2021-12-13,3.305600852888225,11,0.3906797003976423,0.0,1002
2021-12-14,3.280462502882628,9,0.4,0.0,1002
2021-12-15,3.324714926125619,10,0.3774756753841572,0.0,1002
2021-12-16,3.3596085488711567,8,0.31652931213414404,0.0,1002
2021-12-17,3.2675113502662225,5,0.34926989925308144,0.0,1002
2021-12-18,3.2528673126462104,8,0.3275867345807503,0.0,1002
2021-12-19,3.2575552553946237,12,0.19900006205989426,0.0,1002
2021-12-20,3.2874803245135213,8,0.3846007314781514,0.0,1002
2021-12-21,3.2568701206075055,7,0.4,0.0,1002
2021-12-22,3.2256229612947567,6,0.3906213732603868,0.0,1002
2021-12-23,3.234666184612579,7,0.22865867216771008,0.0,1002
2021-12-24,3.309853192893427,6,0.19350371804613123,0.0,1002
2021-12-25,3.3241053566292895,12,0.21051374670436818,0.0,1002
2021-12-26,3.3029268796016993,9,0.4,0.0,1002
2021-12-27,3.296989379418851,12,0.34722724294245316,0.0,1002
2021-12-28,3.3187236305889325,12,0.1440013542380507,0.0,1002
2021-12-29,3.3627094876621766,2,0.1,0.0,1002
2021-12-30,3.344500832906421,3,0.14577490379784847,0.0,1002
2021-12-31,3.254716304015157,11,0.29940695347500357,0.0,1002
2022-01-01,3.327759097871835,12,0.4,0.0,1002
2022-01-02,3.3042743351649344,11,0.14530005083833347,0.0,1002
2022-01-03,3.2807947869177814,7,0.4,0.0,1002
2022-01-04,3.1656760829538007,5,0.24755488532044687,0.0,1002
2022-01-05,3.341602174943189,9,0.3025495657676921,0.0,1002
2022-01-06,3.2983994050526966,11,0.32522696792898736,0.0,1002
2022-01-07,3.347141724199877,6,0.3025358623531583,0.0,1002
2022-01-08,3.288021382006516,17,0.3094069430332392,0.0,1002
2022-01-09,3.275467131722289,14,0.22942621487618803,0.0,1002
2022-01-10,3.3039478546657532,7,0.2522904426649963,0.0,1002
2022-01-11,3.292217257749488,5,0.3379532293623846,0.0,1002
2022-01-12,3.3079475025413982,11,0.2673333981888113,0.0,1002
2022-01-13,3.3739236233503043,2,0.13035496091021076,0.0,1002
2022-01-14,3.295992422800803,8,0.4,0.0,1002
2022-01-15,3.276634099491662,14,0.18037143577487888,0.0,1002
2022-01-16,3.3241200129746695,7,0.20382224018296483,0.0,1002
2022-01-17,3.4272074954989833,4,0.3845279391616889,0.0,1002
2022-01-18,3.3444958576553256,3,0.254978453168391,0.0,1002
2022-01-19,3.2954435289835025,6,0.3032322570602779,0.0,1002
2022-01-20,3.326185309164557,14,0.27175875767350866,0.0,1002
2022-01-21,3.342698758977492,9,0.4,0.0,1002
2022-01-22,3.3075488001723343,15,0.4,0.0,1002
2022-01-23,3.219261647520651,13,0.17863936645036227,0.0,1002
2022-01-24,3.3196271541024975,8,0.12343204010921073,0.0,1002
2022-01-25,3.3312111139220946,14,0.20363262896298076,0.0,1002
2022-01-26,3.3198449043049068,4,0.2857479553379499,0.0,1002
2022-01-27,3.3450230507025864,13,0.4,0.0,1002
2022-01-28,3.2994053099711658,8,0.3702378731074932,0.0,1002
2022-01-29,3.3458342357749755,16,0.1275938414037182,0.0,1002
2022-01-30,3.3801067467144765,13,0.3486504195652216,0.0,1002
2022-01-31,3.259538584485495,7,0.4,0.0,1002
2022-02-01,3.418294486301291,9,0.32640140451751487,0.0,1002
2022-02-02,3.2765668937392656,10,0.27421197296501926,0.0,1002
2022-02-03,3.2487247810621684,11,0.1,0.0,1002
2022-02-04,3.2698804688606913,13,0.2790996847972518,0.0,1002
2022-02-05,3.2794599164082614,14,0.18373104115152247,0.0,1002
2022-02-06,3.3640209119374322,14,0.3883237671767614,0.0,1002
2022-02-07,3.301694638752457,6,0.17797646336370213,0.0,1002
2022-02-08,3.2614593052840886,10,0.2592397117891356,0.0,1002
2022-02-09,3.227718772587465,9,0.2299165464877665,0.0,1002
2022-02-10,3.2947368039107303,6,0.3694076619543882,0.0,1002
2022-02-11,3.319731243387199,9,0.27419105975649183,0.0,1002
2022-02-12,3.362064205524695,9,0.25547525515072217,0.0,1002
2022-02-13,3.2632507412925724,7,0.25527179726703314,0.0,1002
2022-02-14,3.248833439735382,6,0.29725151989540277,0.0,1002
2022-02-15,3.2738231176405264,6,0.2742015512898253,0.0,1002
2022-02-16,3.3376270855999004,7,0.4,0.0,1002
2022-02-17,3.251801111601143,6,0.2555434596468024,0.0,1002
2022-02-18,3.2540294351384564,11,0.3285410077347551,0.0,1002
2022-02-19,3.269249009115581,13,0.16468252960737523,0.0,1002
2022-02-20,3.2903295637826417,15,0.1113963063454684,0.0,1002
2022-02-21,3.321776459057727,3,0.3856145667491543,0.0,1002
2022-02-22,3.275661560502566,3,0.3887161566173412,0.0,1002
2022-02-23,3.288279105297959,13,0.31628212484629586,0.0,1002
2022-02-24,3.2364789835513106,8,0.3133672139928626,0.0,1002
2022-02-25,3.3061423661883853,12,0.31941465656248824,0.0,1002
2022-02-26,3.370878600357268,16,0.27457033960722327,0.0,1002
2022-02-27,3.185542750796328,10,0.4,0.0,1002
2022-02-28,3.3372655318852362,8,0.24007432464065445,0.0,1002
2022-03-01,3.3110942080907884,7,0.15872476628088933,0.0,1002
2022-03-02,3.30275918895851,10,0.1398758499288347,0.0,1002
2022-03-03,3.3135782962017597,5,0.2746777542703404,0.0,1002
2022-03-04,3.281364415010749,9,0.3878423269954319,0.0,1002
2022-03-05,3.3006104775699594,13,0.25069173967800196,0.0,1002
2022-03-06,3.3377737542749433,10,0.3264310067432598,0.0,1002
2022-03-07,3.3826932389885984,14,0.2676855313546043,0.0,1002
2022-03-08,3.298609985023707,14,0.15796498251960728,0.0,1002
2022-03-09,3.2728971880054543,10,0.17323136969757347,0.0,1002
2022-03-10,3.238613983424316,14,0.32155696564903663,0.0,1002
2022-03-11,3.164201449553185,6,0.16772203266635513,0.0,1002
2022-03-12,3.2915551844456603,6,0.30965005357876185,0.0,1002
2022-03-13,3.291294823538003,11,0.4,0.0,1002
2022-03-14,3.2662082569115314,10,0.34024805735266955,0.0,1002
2022-03-15,3.2832040901554107,9,0.2967295503507086,0.0,1002
2022-03-16,3.305952582702682,6,0.17696428822917024,0.0,1002
2022-03-17,3.4132916511725573,6,0.28327019017520483,0.0,1002
2022-03-18,3.307469174229263,10,0.4,0.0,1002
2022-03-19,3.2731590644887714,9,0.2019073228816851,0.0,1002
2022-03-20,3.339436221820818,8,0.22458485595524508,0.0,1002
2022-03-21,3.3098482709440735,8,0.2091229527465409,0.0,1002
2022-03-22,3.2765100392115714,7,0.11035836817372574,0.0,1002
2022-03-23,3.3578332850914587,6,0.24301451707428678,0.0,1002
2022-03-24,3.2790958197766464,10,0.2448291523143131,0.0,1002
2022-03-25,3.268719872596394,6,0.3264156282201748,0.0,1002
2022-03-26,3.3324682384366446,12,0.30143623545873,0.0,1002
2022-03-27,3.318082072207144,12,0.19902802177889958,0.0,1002
2022-03-28,3.3265275385172814,8,0.4,0.0,1002
2022-03-29,3.280636372523184,8,0.25136561955342734,0.0,1002
2022-03-30,3.2788591445926767,6,0.3427431145185075,0.0,1002
2022-03-31,3.372368930006136,8,0.3464616918487402,0.0,1002
2022-04-01,3.2620206670170626,7,0.364142027058862,0.0,1002
2022-04-02,3.3875840715712737,9,0.24603340971230708,0.0,1002
2022-04-03,3.3529657206085957,7,0.32875311615291486,0.0,1002
2022-04-04,3.32333292842248,6,0.2560776200554828,0.0,1002
2022-04-05,3.3755149721324527,10,0.19508209598996107,0.0,1002
2022-04-06,3.333448142427219,4,0.4,0.0,1002
2022-04-07,3.3012964665807734,9,0.19380699499361279,0.0,1002
2022-04-08,3.3071515363736252,10,0.2642160853494944,0.0,1002
2022-04-09,3.2599707071110346,15,0.39803733542929426,0.0,1002
2022-04-10,3.343249249969802,15,0.27256885090981403,0.0,1002
2022-04-11,3.324369132838877,8,0.28723673562388624,0.0,1002
2022-04-12,3.2638481302303752,7,0.20355273295922588,0.0,1002
2022-04-13,3.3757954304674676,3,0.3109204528266324,0.0,1002
2022-04-14,3.2454033244600957,5,0.2770219066601454,0.0,1002
2022-04-15,3.3526067974208935,7,0.19144655905940566,0.0,1002
2022-04-16,3.378160873679204,15,0.4,0.0,1002
2022-04-17,3.2751480800253425,10,0.27731031236398807,0.0,1002
2022-04-18,3.2865211101039713,7,0.37278114062905937,0.0,1002
2022-04-19,3.240471738326893,12,0.23231225411197584,0.0,1002
2022-04-20,3.2988975859020493,17,0.39505583794263,0.0,1002
2022-04-21,3.402807113552241,10,0.2133204176011469,0.0,1002
2022-04-22,3.2842019238483364,6,0.3345453282580897,0.0,1002
2022-04-23,3.243008887761441,8,0.3973126085220835,0.0,1002
2022-04-24,3.2994562799627363,11,0.2624170775635977,0.0,1002
2022-04-25,3.3285929720749996,7,0.35957080918503426,0.0,1002
2022-04-26,3.267598565211141,15,0.2834442556157606,0.0,1002
2022-04-27,3.2830443909219005,3,0.17123604575611506,0.0,1002
2022-04-28,3.3381647861582744,4,0.4,0.0,1002
2022-04-29,3.3336403635117686,4,0.3092303693793909,0.0,1002
2022-04-30,3.3007365842271263,13,0.10193161844179169,0.0,1002
2022-05-01,3.3447284361207883,13,0.20033527098701087,0.0,1002
2022-05-02,3.268778091871543,8,0.24889412035376474,0.0,1002
2022-05-03,3.167422441770939,9,0.4,0.0,1002
2022-05-04,3.263844840875243,7,0.4,0.0,1002
2022-05-05,3.3018117439093504,15,0.30625094987655693,0.0,1002
2022-05-06,3.3038569396673285,8,0.3574717257451659,0.0,1002
2022-05-07,3.2902845959610914,12,0.3472811035381393,0.0,1002
2022-05-08,3.330455232310733,10,0.3214024763298735,0.0,1002
2022-05-09,3.321925881156055,8,0.3213009629688613,0.0,1002
2022-05-10,3.3354876099843707,6,0.3489785762195329,0.0,1002
2022-05-11,3.2443608624901557,6,0.3613657633191095,0.0,1002
2022-05-12,3.323135418913075,10,0.33880038810567703,0.0,1002
2022-05-13,3.443571716923234,10,0.4,0.0,1002
2022-05-14,3.280256301510006,16,0.30260535077147915,0.0,1002
2022-05-15,3.277979771299637,14,0.17393293631754084,0.0,1002
2022-05-16,3.2639678106681447,6,0.1889176159162698,0.0,1002
2022-05-17,3.290831176392225,6,0.4,0.0,1002
2022-05-18,3.322502124808912,5,0.2813360320829414,0.0,1002
2022-05-19,3.263163256471326,11,0.18248583527746304,0.0,1002
2022-05-20,3.308016959348125,9,0.19570661702273473,0.0,1002
2022-05-21,3.288515104897414,12,0.1452707310848091,0.0,1002
2022-05-22,3.2985886913643476,12,0.24332890576985344,0.0,1002
2022-05-23,3.255708767572628,9,0.4,0.0,1002
2022-05-24,3.2216911790411467,12,0.1974512317281201,0.0,1002
2022-05-25,3.294504963802394,9,0.4,0.0,1002
2022-05-26,3.3021669843078687,10,0.21312779466544976,0.0,1002
2022-05-27,3.3447404001294823,6,0.3633441869591255,0.0,1002
2022-05-28,3.2890826012276366,10,0.2271104228150119,0.0,1002
2022-05-29,3.289714885486438,12,0.3956524069521797,0.0,1002
2022-05-30,3.2544661139951687,7,0.23821182142702427,0.0,1002
2022-05-31,3.2739239412170305,4,0.3035256209601634,0.0,1002
2022-06-01,3.321350856495442,5,0.31949288685702065,0.0,1002
2022-06-02,3.2823185764788008,4,0.3918679248531121,0.0,1002
2022-06-03,3.2891241477704365,10,0.2509801169259686,0.0,1002
2022-06-04,3.3409229389182373,15,0.4,0.0,1002
2022-06-05,3.3895596119412565,10,0.22063326342919418,0.0,1002
2022-06-06,3.3108149064743784,10,0.37279741042857484,0.0,1002
2022-06-07,3.3402130372312366,6,0.20409050271017415,0.0,1002
2022-06-08,3.3475726645686095,10,0.3373752851710981,0.0,1002
2022-06-09,3.3679536463338633,11,0.1529124170270979,0.0,1002
2022-06-10,3.1915701237530474,3,0.24087527246178794,0.0,1002
2022-06-11,3.301014139103643,8,0.3169190681504187,0.0,1002
2022-06-12,3.4044204338333492,11,0.3497410297856865,0.0,1002
2022-06-13,3.3595636060037335,13,0.18922366020928474,0.0,1002
2022-06-14,3.3431100974081147,10,0.21302913231894066,0.0,1002
2022-06-15,3.331236202232254,7,0.27998285837021586,0.0,1002
2022-06-16,3.3508044184852306,7,0.34815620386877133,0.0,1002
2022-06-17,3.374292651959063,10,0.2809083457532779,0.0,1002
2022-06-18,3.291788432092536,6,0.31414420145856686,0.0,1002
2022-06-19,3.2698940674147,7,0.3073915099544646,0.0,1002
2022-06-20,3.270786847095121,7,0.4,0.0,1002
2022-06-21,3.3286739548495228,10,0.2698878491560969,0.0,1002
2022-06-22,3.2204180632250283,12,0.2913392103034892,0.0,1002
2022-06-23,3.2304869540567216,7,0.25715018668584216,0.0,1002
2022-06-24,3.284324039746364,4,0.2675730992870694,0.0,1002
2022-06-25,3.3352845551402828,10,0.1,0.0,1002
2022-06-26,3.307307391294583,17,0.34699604398342226,0.0,1002
2022-06-27,3.348500964725724,8,0.2935944289447048,0.0,1002
2022-06-28,3.3108595923873034,15,0.4,0.0,1002
2022-06-29,3.3555347289692135,13,0.24411189174817613,0.0,1002
2022-06-30,3.316425860605003,11,0.24947232279782944,0.0,1002
2022-07-01,3.3060249256705028,7,0.4,0.0,1002
2022-07-02,3.2566991397814764,14,0.2097249124434951,0.0,1002
2022-07-03,3.345403123969189,10,0.4,0.0,1002
2022-07-04,3.3234445983578245,7,0.3709750584422622,0.0,1002
2022-07-05,3.406316514180995,8,0.3694568836696736,0.0,1002
2022-07-06,3.378537217339739,9,0.2612934885945114,0.0,1002
2022-07-07,3.2898204592817755,9,0.37791670730644167,0.0,1002
2022-07-08,3.221104010672197,14,0.2554384479020976,0.0,1002
2022-07-09,3.256499599591472,17,0.37507196225414174,0.0,1002
2022-07-10,3.2231480663460683,10,0.1983290522265066,0.0,1002
2022-07-11,3.2514920740942346,11,0.30977865971967483,0.0,1002
2022-07-12,3.3646284597921627,11,0.2965014854153594,0.0,1002
2022-07-13,3.296023680032757,7,0.26225465969727696,0.0,1002
2022-07-14,3.320379755994667,3,0.32819810078691763,0.0,1002
2022-07-15,3.285968592103428,9,0.20784426206296375,0.0,1002
2022-07-16,3.3878575625759417,9,0.20303877593512137,0.0,1002
2022-07-17,3.331950791643183,11,0.23746056347876138,0.0,1002
2022-07-18,3.2435298242592374,7,0.14505942586401863,0.0,1002
2022-07-19,3.3433567540608924,7,0.395820241486214,0.0,1002
2022-07-20,3.3302413349726088,10,0.4,0.0,1002
2022-07-21,3.2535549993974366,6,0.37525964610936446,0.0,1002
2022-07-22,3.3121256622077917,7,0.26978059704772883,0.0,1002
2022-07-23,3.2830091360564366,9,0.25503263381707186,0.0,1002
2022-07-24,3.261753550073018,16,0.2824502851581104,0.0,1002
2022-07-25,3.327937419239258,5,0.2614909563745748,0.0,1002
2022-07-26,3.379825185016367,8,0.11341710567600478,0.0,1002
2022-07-27,3.2387257342303397,9,0.34194464698345317,0.0,1002
2022-07-28,3.2716940811071997,9,0.2586788274319913,0.0,1002
2022-07-29,3.2743664232473555,7,0.26188118634178564,0.0,1002
2022-07-30,3.215842698291608,9,0.29688662517135106,0.0,1002
2022-07-31,3.1836277562034434,15,0.3026548755127078,0.0,1002
2022-08-01,3.2650787865043864,6,0.2853568816309422,0.0,1002
2022-08-02,3.293285209496838,7,0.23421667359872408,0.0,1002
2022-08-03,3.2961064905219173,5,0.15585440182708069,0.0,1002
2022-08-04,3.261003137068206,10,0.4,0.0,1002
2022-08-05,3.247358418799909,14,0.33226892937412345,0.0,1002
2022-08-06,3.316276520860759,10,0.24187703342478098,0.0,1002
2022-08-07,3.28769082246563,12,0.4,0.0,1002
2022-08-08,3.336570558782968,13,0.3101436898339783,0.0,1002
2022-08-09,3.302965336837858,7,0.31027477552668853,0.0,1002
2022-08-10,3.3274913766536507,7,0.3121673721559996,0.0,1002
2022-08-11,3.2527634043473515,9,0.4,0.0,1002
2022-08-12,3.2922327614933495,5,0.21323852448985156,0.0,1002
2022-08-13,3.3224974981282043,9,0.12681494499831558,0.0,1002
2022-08-14,3.2843492243584236,10,0.30484990920101945,0.0,1002
2022-08-15,3.2476943615346303,7,0.4,0.0,1002
2022-08-16,3.1923666238215898,7,0.35293041170708767,0.0,1002
2022-08-17,3.3680847537219947,8,0.2868584311672796,0.0,1002
2022-08-18,3.2978975907947223,5,0.3594505021798059,0.0,1002
2022-08-19,3.2698332958886462,7,0.26627634738594075,0.0,1002
2022-08-20,3.2861551881551923,15,0.3352783701470875,0.0,1002
2022-08-21,3.2225662285449044,13,0.17545226534618302,0.0,1002
2022-08-22,3.2700684909476774,5,0.21785748036390243,0.0,1002
2022-08-23,3.230447037744537,8,0.12368593234600186,0.0,1002
2022-08-24,3.2769819648922676,6,0.2846468647769575,0.0,1002
2022-08-25,3.294603268482149,7,0.2834087085686561,0.0,1002
2022-08-26,3.289394597628617,7,0.31356083467699797,0.0,1002
2022-08-27,3.284695722404455,13,0.26179163792667354,0.0,1002
2022-08-28,3.2656681359152353,13,0.1905548982815981,0.0,1002
2022-08-29,3.387034798431857,4,0.25421508997603376,0.0,1002
2022-08-30,3.303223430861372,7,0.3592430832850136,0.0,1002
2022-08-31,3.3565729674981535,9,0.2018224340834925,0.0,1002
2022-09-01,3.3702702293935625,7,0.3125500271741701,0.0,1002
2022-09-02,3.3568052833515054,5,0.4,0.0,1002
2022-09-03,3.3749504663794303,13,0.4,0.0,1002
2022-09-04,3.268167506000563,8,0.4,0.0,1002
2022-09-05,3.3169825977564047,8,0.2789025744635849,0.0,1002
2022-09-06,3.297843693883827,10,0.31612695769488064,0.0,1002
2022-09-07,3.20055583558603,7,0.27325166211993573,0.0,1002
2022-09-08,3.2783221372867417,12,0.25759403219909655,0.0,1002
2022-09-09,3.2467373697760604,11,0.3695467585675329,0.0,1002
2022-09-10,3.269826387938561,13,0.3377996648308346,0.0,1002
2022-09-11,3.2894481340864745,17,0.3844864353731124,0.0,1002
2022-09-12,3.3200741665776037,15,0.23396687313718695,0.0,1002
2022-09-13,3.262083889840673,8,0.3183885547570465,0.0,1002
2022-09-14,3.30015915097273,8,0.2642183015467355,0.0,1002
2022-09-15,3.375982244308225,16,0.31716285925098886,0.0,1002
2022-09-16,3.2646359919226104,9,0.32561860879965476,0.0,1002
2022-09-17,3.3162326734784426,13,0.4,0.0,1002
2022-09-18,3.2951371927479274,12,0.2319112411195503,0.0,1002
2022-09-19,3.356659014914247,12,0.39155443197284334,0.0,1002
2022-09-20,3.350503158865839,6,0.31918072106791373,0.0,1002
2022-09-21,3.2656681438845117,1,0.1,0.0,1002
2022-09-22,3.3348165995062944,6,0.4,0.0,1002
2022-09-23,3.382900602624527,12,0.37185986171737745,0.0,1002
2022-09-24,3.2479787277064416,22,0.4,0.0,1002
2022-09-25,3.2848105428313494,13,0.30773705726336986,0.0,1002
2022-09-26,3.324368659507314,11,0.4,0.0,1002
2022-09-27,3.242005616464726,4,0.2404194466497704,0.0,1002
2022-09-28,3.3243174952918437,4,0.2959960308699933,0.0,1002
2022-09-29,3.3178156887284285,2,0.29227313530220533,0.0,1002
2022-09-30,3.389318240600799,8,0.17932355698626148,0.0,1002
2022-10-01,3.34391255820327,10,0.3122002015396433,0.0,1002
2022-10-02,3.2551099127240324,10,0.21264403869067253,0.0,1002
2022-10-03,3.3524791260521063,13,0.3236808686304555,0.0,1002
2022-10-04,3.2585035615425664,4,0.22634186000017412,0.0,1002
2022-10-05,3.2204751531115456,7,0.21022797005402025,0.0,1002
2022-10-06,3.239146152727786,15,0.27402261322438504,0.0,1002
2022-10-07,3.296108094730529,9,0.33515865328245514,0.0,1002
2022-10-08,3.3506347342792533,10,0.20251095464457766,0.0,1002
2022-10-09,3.266422142580493,14,0.33121492934086527,0.0,1002
2022-10-10,3.275478637552512,10,0.3637340058942388,0.0,1002
2022-10-11,3.1922844062383406,9,0.3211445457790618,0.0,1002
2022-10-12,3.3372357295846835,6,0.2990429663390155,0.0,1002
2022-10-13,3.3399752983215887,7,0.4,0.0,1002
2022-10-14,3.334878899880875,12,0.3924818534237107,0.0,1002
2022-10-15,3.269253009926794,10,0.28163981106076363,0.0,1002
2022-10-16,3.348212370139709,21,0.37029464153167274,0.0,1002
2022-10-17,3.3360894804045524,5,0.27157993994614,0.0,1002
2022-10-18,3.2216282495901636,9,0.3108760258996984,0.0,1002
2022-10-19,3.3065124949032754,13,0.2733984541510821,0.0,1002
2022-10-20,3.348756217918731,4,0.4,5.431256718829135e-08,1002
2022-10-21,3.287942564085155,6,0.2177934309218324,4.374669112921694e-07,1002
2022-10-22,3.3038775994720724,13,0.3177054610725945,1.6832705757370912e-06,1002
2022-10-23,3.276426402784518,20,0.2604020858258392,5.621695327333493e-06,1002
2022-10-24,3.2636962935020026,10,0.356492853813063,1.6384343318965553e-05,1002
2022-10-25,3.3280694781846365,6,0.3051192815096541,4.270404839670346e-05,1002
2022-10-26,3.291195259208414,6,0.2940474143767781,0.00010081851964844936,1002
2022-10-27,3.2768064510571673,7,0.32254559654892795,0.00021614977386846858,1002
2022-10-28,3.200054359712907,4,0.1889077825316221,0.0004212512101055021,1002
2022-10-29,3.208412251462862,7,0.4,0.0007479709981908607,1002
2022-10-30,3.2978230657577567,11,0.29319806577771224,0.0012133001683892974,1002
2022-10-31,3.2843953661594374,3,0.2923093043540943,0.0018042683151761475,1002
2022-11-01,3.144013891753168,5,0.1679672478073096,0.002471131105839006,1002
2022-11-02,3.125861255177807,13,0.08997837874675625,0.0031381143218204223,1002
2022-11-03,3.149599576994855,8,0.3,0.003730722141514863,1002
2022-11-04,3.2779814625044263,5,0.24335961681735122,0.004206765008156853,1002
2022-11-05,3.2327369960299084,11,0.2912948845243545,0.004573269926003868,1002
2022-11-06,3.1723722584357943,14,0.18387144055416543,0.004874824721531716,1002
2022-11-07,3.3001048535466215,9,0.2250815692690092,0.0051615202486281105,1002
2022-11-08,3.072395372099615,7,0.17445324411983712,0.005456538974778295,1002
2022-11-09,3.061997909646371,9,0.2325245032880006,0.005745449447131818,1002
2022-11-10,3.1986554713946003,7,0.2892850585384514,0.0059927367215621,1002
2022-11-11,3.144773712698534,13,0.3,0.0061720616139369355,1002
2022-11-12,3.1641771787461552,12,0.26002998894589446,0.006287060399358611,1002
2022-11-13,3.107644214782038,14,0.08482849382311457,0.006370575956258722,1002
2022-11-14,3.1928465241485524,5,0.17481568416234142,0.00646320815385888,1002
2022-11-15,3.0972078515715937,11,0.27016232496486114,0.006586228232704967,1002
2022-11-16,3.3390147180949747,6,0.3,0.006725062367020716,1002
2022-11-17,3.201858399353789,13,0.20352405642363824,0.006831656808725663,1002
2022-11-18,3.360106216325433,7,0.10845178840533036,0.00684514650767346,1002
2022-11-19,3.215196918197058,11,0.11910373239903337,0.00672098105529398,1002
2022-11-20,3.22200683599388,19,0.19298807876115306,0.006453578995649372,1002
2022-11-21,3.1963202497095886,4,0.2050266245334647,0.006086137427578124,1002
2022-11-22,3.102705001536004,12,0.1860270886166334,0.005705765271979157,1002
2022-11-23,3.1832255160523606,3,0.14219790974002794,0.0054348367386347855,1002
2022-11-24,3.2108508540803413,4,0.18492799676623908,0.005425088259434858,1002
2022-11-25,3.2683970380481484,7,0.3,0.005859372979976329,1002
2022-11-26,3.240997810499802,13,0.13339964537706023,0.0069454875018463615,1002
2022-11-27,3.0739618352402474,16,0.16722009393680304,0.008885460240964408,1002
2022-11-28,3.3044670723364677,7,0.08327999551292675,0.011793426955195013,1002
2022-11-29,3.169559054671339,12,0.1536906788589106,0.015605348539949392,1002
2022-11-30,3.1412137447665907,10,0.23911342012073034,0.020038666569824858,1002
2022-12-01,3.1377582156174104,6,0.1707352403496804,0.024659928535934718,1002
2022-12-02,3.1400086889178054,10,0.21601836260200724,0.02906659922881747,1002
2022-12-03,3.243105741159191,8,0.1077189321031637,0.03307417302666539,1002
2022-12-04,3.265032020494314,14,0.14150390205039473,0.036780362844912776,1002
2022-12-05,3.150386889162752,10,0.05340775871307,0.04045094669404385,1002
2022-12-06,3.1466305544058746,10,0.12218852416752443,0.044282019620980856,1002
2022-12-07,3.10389789598314,11,0.11623985457119967,0.04820691003435812,1002
2022-12-08,3.231325976805077,6,0.3,0.05186323237765394,1002
2022-12-09,3.041979447540995,9,0.3,0.054735950845257626,1002
2022-12-10,3.136861686025294,19,0.3,0.05638954878162418,1002
2022-12-11,3.2257781496311786,10,0.1321730102481316,0.05666642873653355,1002
2022-12-12,3.197001018881566,8,0.21978203589569736,0.055758323118451844,1002
2022-12-13,3.0984753143625756,6,0.26134575221430395,0.054110300403069224,1002
2022-12-14,3.0883192809220708,5,0.28104268655884074,0.052219085386660445,1002
2022-12-15,3.171197966408122,9,0.14118347295690786,0.05040786152837764,1002
2022-12-16,3.200673246612114,5,0.05,0.04871819597081212,1002
2022-12-17,3.1787612924649773,16,0.13978163485453374,0.046977921856800386,1002
2022-12-18,3.2485111659244903,10,0.3,0.045016638529919197,1002
2022-12-19,3.160626616311379,7,0.09253985400943018,0.04290081973884084,1002
2022-12-20,3.169884457630619,11,0.19627746100597365,0.04100982205144141,1002
2022-12-21,3.1962700515399365,5,0.1591127065658514,0.03989973894900174,1002
2022-12-22,3.1117333359318793,11,0.20044348667511958,0.04001679243314216,1002
2022-12-23,3.207444624035406,5,0.15355944160415164,0.04143794689958231,1002
2022-12-24,3.2033905744677806,9,0.2833422104799276,0.04378528922234943,1002
2022-12-25,3.3845239595312266,8,0.23288114068557447,0.046349968548282834,1002
2022-12-26,3.272916541269288,6,0.1007747782313658,0.048366792138031925,1002
2022-12-27,3.352488170854846,6,0.3,0.04929079130866845,1002
2022-12-28,3.2373660519189724,7,0.13383146547776764,0.048971759211978744,1002
2022-12-29,3.259510174858936,11,0.244860358985059,0.04765633068439144,1002
2022-12-30,3.1987333092951844,5,0.09828440005155929,0.04581704717627713,1002
2022-12-31,3.2571552902194485,13,0.3,0.04392463810194027,1002
2023-01-01,3.307543409494825,14,0.16504498598008988,0.0422476902831372,1002
2023-01-02,3.185784802511666,13,0.28771631831770783,0.04079676083454516,1002
2023-01-03,3.281136541958553,5,0.2612356262158404,0.039413758837301305,1002
2023-01-04,3.212065015887607,9,0.3,0.03793773446176782,1002
2023-01-05,3.1854725686325134,6,0.10305573589676446,0.03635036194322347,1002
2023-01-06,3.017114212648005,5,0.10631993172347252,0.034814968403563594,1002
2023-01-07,3.133249039588451,13,0.15033445158323971,0.033603443789069334,1002
2023-01-08,3.227329109641547,13,0.08315033344500698,0.03296195785126541,1002
2023-01-09,3.1274059789924773,7,0.16837252284817356,0.033012526044187154,1002
2023-01-10,3.211882903868363,3,0.1469379681121855,0.03371221939383417,1002
2023-01-11,3.170040908046972,9,0.1485390619822044,0.03488592013050373,1002
2023-01-12,3.239088015314228,4,0.19443072663070987,0.03628323627894842,1002
2023-01-13,3.215151983457634,9,0.3,0.03763647417715554,1002
2023-01-14,3.0529739336585986,6,0.17510872739179412,0.038735065855497464,1002
2023-01-15,3.1516382812126813,12,0.14169783077683762,0.039478398057376574,1002
2023-01-16,3.1583198893182294,6,0.132946571482518,0.03990720674856652,1002
2023-01-17,3.1997389883798912,4,0.16598011458818734,0.040176579963677066,1002
2023-01-18,3.124633775018706,8,0.11044852426469962,0.04046982026337792,1002
2023-01-19,3.066559934802788,5,0.21552844551824693,0.040921412609182695,1002
2023-01-20,3.266783405931945,5,0.11139069895642945,0.04158253367652197,1002
2023-01-21,3.0995743700997678,19,0.1523029577349644,0.04245375968991626,1002
2023-01-22,3.2038464920792906,15,0.14487419364733328,0.043511832329579156,1002
2023-01-23,3.216430700198017,2,0.17833324666159076,0.044688397459035065,1002
2023-01-24,3.1176565513594316,6,0.10135950607601096,0.045808024458146024,1002
2023-01-25,3.1530584766074696,7,0.08242939278872007,0.04654643573360015,1002
2023-01-26,3.1923145818030587,5,0.11361253886499803,0.04651552189592653,1002
2023-01-27,3.2928507452457842,12,0.23589638631204987,0.04545242114395061,1002
2023-01-28,3.2504098493431344,16,0.11766858879813877,0.04343179809239751,1002
2023-01-29,3.106874717777975,13,0.26224334502618435,0.04093702913256461,1002
2023-01-30,3.2653286213486528,8,0.13067984508869687,0.038705762070081376,1002
2023-01-31,3.3822564999267475,6,0.0964423788904548,0.03741482177472574,1002
2023-02-01,3.1485999222229806,11,0.15387518247592172,0.03737372757213869,1002
2023-02-02,3.2371299209474182,12,0.3,0.038419915796130605,1002
2023-02-03,3.217632664596542,7,0.07296254237280993,0.0400469370643333,1002
2023-02-04,3.256508368649184,11,0.3,0.04168514419817543,1002
2023-02-05,3.1551100848073963,10,0.2515829148889724,0.04294609770003306,1002
2023-02-06,3.153039354190314,1,0.058884827962915144,0.04371189474539909,1002
2023-02-07,3.2609959525083285,7,0.1995598105189774,0.044067230840339165,1002
2023-02-08,3.167287331448757,7,0.18456857635910526,0.04415666113604443,1002
2023-02-09,3.246490389408708,10,0.05,0.04410029763958759,1002
2023-02-10,3.2454356772535453,10,0.1624616697459008,0.043991821850227535,1002
2023-02-11,3.1614110488497857,7,0.18756365146981419,0.043949971710657246,1002
2023-02-12,3.2867121923021663,15,0.09801683787881615,0.044149050340218786,1002
2023-02-13,3.208340416073888,12,0.2008116594635262,0.04477268801533659,1002
2023-02-14,3.380966618482527,12,0.14634674043388055,0.04592332849289231,1002
2023-02-15,3.168516600514094,9,0.16529678303079876,0.04752413147373567,1002
2023-02-16,3.320792326003886,13,0.17965766403411004,0.04930300591825202,1002
2023-02-17,3.144305059708114,9,0.05373750232597747,0.05086893515426712,1002
2023-02-18,3.0798983164756115,5,0.09825227220557632,0.05187478921279099,1002
2023-02-19,3.1993449118498125,14,0.3,0.0521807800436344,1002
2023-02-20,3.142005639166903,9,0.28366372314666133,0.0519397584794398,1002
2023-02-21,3.0421417812561327,18,0.0974111327407928,0.05155552418239903,1002
2023-02-22,3.162299537332137,14,0.1870953807085806,0.0515131878552351,1002
2023-02-23,3.2544248655844723,6,0.3,0.05216156768762994,1002
2023-02-24,3.217314571772855,11,0.29414537877276714,0.05355051335379238,1002
2023-02-25,3.152078797553796,14,0.26789041451175927,0.05540124554274576,1002
2023-02-26,3.23010388736793,9,0.3,0.05721445157269246,1002
2023-02-27,3.053166327681892,4,0.2025077899207952,0.05843268480538347,1002
2023-02-28,3.223422681093772,10,0.21877852751747395,0.05859339445051275,1002
2023-03-01,3.1207505648663636,5,0.29928201845849584,0.05741084822186219,1002
2023-03-02,3.271403277127438,12,0.20763269246021243,0.05482972818703502,1002
2023-03-03,3.1169733655105336,10,0.23793663673765464,0.05104287571860799,1002
2023-03-04,3.1396412823316227,9,0.3,0.04647684661317286,1002
2023-03-05,2.98361961054848,8,0.14517016580936148,0.04173167298162492,1002
2023-03-06,3.233287396122574,10,0.1304251394897368,0.03746298889511175,1002
2023-03-07,3.122633397585224,10,0.3,0.034248506976452035,1002
2023-03-08,3.121935585627741,11,0.17830930302814552,0.032477396280296306,1002
2023-03-09,3.170984520477268,5,0.11717265049097868,0.032286001997925744,1002
2023-03-10,3.1174783993631934,4,0.18832585512832312,0.03354505691811754,1002
2023-03-11,3.2173566468949297,13,0.23170149569945955,0.035884481628114584,1002
2023-03-12,3.1542427799502644,15,0.2826080686954877,0.038784053027455745,1002
2023-03-13,3.1962334778095975,8,0.29181502220123906,0.04168654740100268,1002
2023-03-14,3.1571668656973126,12,0.2731467858352062,0.04413562843726653,1002
2023-03-15,3.236191018067669,8,0.23201647953788912,0.04588508173264925,1002
2023-03-16,3.1059512224162766,5,0.19805756093812207,0.04694426386089369,1002
2023-03-17,3.130822209125771,12,0.3,0.0475380756155668,1002
2023-03-18,3.3055711083096893,13,0.26039361943051426,0.047995618817990346,1002
2023-03-19,3.2190878873355047,17,0.25840330042804677,0.04859767873661029,1002
2023-03-20,3.286107239361554,15,0.29819223199404243,0.049453603941725086,1002
2023-03-21,3.174655075967411,9,0.3,0.05045140388655244,1002
2023-03-22,3.2335843833056006,4,0.15868047391829648,0.0513136007992382,1002
2023-03-23,3.2533710905805013,11,0.06385904841837751,0.05172928383401379,1002
2023-03-24,3.2134307685436867,10,0.2379435199810838,0.0514998426629859,1002
2023-03-25,3.247735694003105,9,0.15115637557260275,0.05063973181090446,1002
2023-03-26,3.201061802140103,20,0.11114832818312297,0.04938342252177274,1002
2023-03-27,3.1217024666154063,8,0.2101875426170656,0.04811706159495939,1002
2023-03-28,3.1700855582792,10,0.170033169033468,0.04727196453435342,1002
2023-03-29,3.113645472236491,10,0.10032260350932964,0.047176838795745336,1002
2023-03-30,3.2048065806287522,7,0.3,0.04790838857150361,1002
2023-03-31,3.3881784601590548,7,0.23228487314127919,0.049213543272673216,1002
2023-04-01,3.3778479478828123,11,0.1096356849080873,0.050573362879701315,1002
2023-04-02,3.2055033000472473,10,0.280147850898226,0.051418972715962435,1002
2023-04-03,3.2551849987335726,5,0.05584081831627179,0.051391329523662835,1002
2023-04-04,3.2303409358486825,5,0.3,0.05050167457794313,1002
2023-04-05,3.171019497943375,9,0.05817806817497402,0.04911428845077674,1002
2023-04-06,3.2013897616853746,11,0.23266769599793194,0.047768620086659226,1002
2023-04-07,3.1911343861203703,11,0.09285338945518698,0.04696059231459385,1002
2023-04-08,3.000664178368703,18,0.1391426047716837,0.04695121874484269,1002
2023-04-09,3.2813895374323607,9,0.3,0.047658224279640365,1002
2023-04-10,3.27227693956511,3,0.2479648708262025,0.04868256480890878,1002
2023-04-11,3.320342479397309,4,0.13812314708537926,0.04946364495685553,1002
2023-04-12,3.110062619398841,5,0.08966656139031351,0.04953372483502993,1002
2023-04-13,3.1810501153898127,11,0.20153160208618104,0.04874693898479546,1002
2023-04-14,3.2855965732167003,7,0.09772995866182162,0.047348178768583465,1002
2023-04-15,3.2178304483095634,12,0.07346276741209148,0.0458485712908532,1002
2023-04-16,3.273118877675803,15,0.20242380621205155,0.04478875300445585,1002
2023-04-17,3.185692772523656,8,0.22961698441194325,0.04451278198533931,1002
2023-04-18,3.2929789550910438,16,0.20562829221333656,0.045060539893325834,1002
2023-04-19,3.1900148812533793,5,0.13128665001928302,0.04619233154848535,1002
2023-04-20,3.1885279020641506,11,0.13682311202087816,0.047535571038156185,1002
2023-04-21,3.083825071567866,9,0.20338166999732957,0.04877469129422228,1002
2023-04-22,3.2134879348778886,16,0.15150543567944583,0.04982184844887561,1002
2023-04-23,3.380165501994201,11,0.3,0.050902534260751316,1002
2023-04-24,3.1837508013002034,5,0.1387266570438596,0.05250891984676237,1002
2023-04-25,3.3487310422877474,7,0.07688410947597532,0.05524197906647745,1002
2023-04-26,3.1273699988765222,8,0.25368577448155394,0.05956953413940466,1002
2023-04-27,3.2333441318304437,7,0.27937589527623946,0.06558582346602701,1002
2023-04-28,3.1685995029503355,7,0.3,0.07285647509667803,1002
2023-04-29,3.3392244250788337,13,0.3,0.0804497474787045,1002
2023-04-30,3.254292375954405,8,0.24727196983489833,0.08721109448336808,1002
2023-05-01,3.2251204529733446,11,0.3,0.09222375269405178,1002
2023-05-02,3.1271690632128695,3,0.1923410082002842,0.09520499435307238,1002
2023-05-03,3.1957452713187418,8,0.22576564566825452,0.09658222595637406,1002
2023-05-04,3.2798537826272955,5,0.2100165529657812,0.09717082931237928,1002
2023-05-05,3.0576681074218497,5,0.10827932722773455,0.097656978354338,1002
2023-05-06,3.296360932265196,19,0.22576111453232373,0.09823070029187263,1002
2023-05-07,3.2363294614580984,13,0.05,0.0986314519863137,1002
2023-05-08,3.262202425075609,14,0.2759348503512379,0.09853288276991956,1002
2023-05-09,3.2662647808650034,10,0.1269572186780102,0.09795637048159805,1002
2023-05-10,3.2292996035795176,8,0.13061755667377692,0.09739092845506161,1002
2023-05-11,3.2083257993060084,2,0.3,0.09754362313919387,1002
2023-05-12,3.2650741985927505,9,0.2931264455654022,0.09893046085363731,1002
2023-05-13,3.2704427739778392,16,0.1458462560699732,0.10159281260970325,1002
2023-05-14,3.20133839395693,10,0.15795204905948249,0.1050875407807585,1002
2023-05-15,3.2608044366253606,10,0.3,0.10867991645794581,1002
2023-05-16,3.2154802124528654,5,0.1731846818215486,0.11160557582667244,1002
2023-05-17,3.232227769128658,4,0.2801613299719313,0.11326333477287566,1002
2023-05-18,3.405725449555546,9,0.0965037550149296,0.11334736471447589,1002
2023-05-19,3.0872876466450307,12,0.08612926353834885,0.11190604220279265,1002
2023-05-20,3.1710238695294874,10,0.3,0.10930725121299484,1002
2023-05-21,3.1655781648157766,18,0.22553256838869032,0.10609839094523318,1002
2023-05-22,3.081474547572916,7,0.15704538229737142,0.10277466196851576,1002
2023-05-23,3.358067070671744,12,0.15577709177060028,0.09960967153866322,1002
2023-05-24,3.1051110373895705,7,0.13182016714116637,0.09662886778994954,1002
2023-05-25,3.21018587757407,8,0.16476436878576525,0.09374514111395121,1002
2023-05-26,3.1218290284294183,16,0.20784707369945044,0.09095070200193321,1002
2023-05-27,3.210057732820355,20,0.14167247614906334,0.08841303717313918,1002
2023-05-28,3.3620921542463793,18,0.11997788675788006,0.08643434082242413,1002
2023-05-29,3.3259822869932636,4,0.2991255720676107,0.08530305330203486,1002
2023-05-30,3.2340240332370835,10,0.2785492232101863,0.08516356954918572,1002
2023-05-31,3.159725358999155,9,0.2744477478050125,0.08599476888840854,1002
2023-06-01,3.240028152499065,15,0.3,0.08764768563477053,1002
2023-06-02,3.113112004138896,14,0.3,0.08989861535116526,1002
2023-06-03,3.325581720138155,8,0.0960698393887377,0.09247333571937015,1002
2023-06-04,3.212959381114465,15,0.18272635502310064,0.09507692730867287,1002
2023-06-05,3.0841504072648767,12,0.14365246193008382,0.09745313753843644,1002
2023-06-06,3.19642390638904,8,0.16829914992424808,0.09946286608015105,1002
2023-06-07,3.272831904183155,10,0.2211920835149752,0.10109026671255517,1002
2023-06-08,3.211353911966044,4,0.1577257001946409,0.10238988268520817,1002
2023-06-09,3.2874194443333082,9,0.1645493827073498,0.10338869448732282,1002
2023-06-10,3.20489835581189,20,0.24739867506527335,0.10403658899300111,1002
2023-06-11,3.3494325041166118,8,0.18741244434323276,0.10426825387779222,1002
2023-06-12,3.1427975797747862,8,0.3,0.10409483434916644,1002
2023-06-13,3.1161715537519847,8,0.213587416895486,0.10366475090075089,1002
2023-06-14,3.1415949603257305,12,0.20337840002187335,0.10319885268053686,1002
2023-06-15,3.3126025358426356,15,0.1203757877027331,0.10284270522688918,1002
2023-06-16,3.27605222350674,12,0.1778330433669109,0.10255365053027717,1002
2023-06-17,3.2475762397682684,21,0.26376403031901297,0.10209613309069415,1002
2023-06-18,3.1639273310963425,10,0.09639319443653015,0.10117799883753126,1002
2023-06-19,3.249545873825091,13,0.27831043555437723,0.09962029792179175,1002
2023-06-20,3.1690449444791806,6,0.19007409817131932,0.0974744122290352,1002
2023-06-21,3.071527144744728,9,0.12183381298717662,0.09504182778981599,1002
2023-06-22,3.0819625800316137,9,0.2692721381037061,0.09278576065254071,1002
2023-06-23,3.239453921002308,9,0.2485770941580551,0.0912080730322968,1002
2023-06-24,3.1723467002852344,17,0.07712003814576977,0.09070207334930475,1002
2023-06-25,3.2597429705399414,15,0.17583449386844566,0.09143911790960259,1002
2023-06-26,3.097091865220613,7,0.3,0.0933188258886198,1002
2023-06-27,3.198585757178152,7,0.22566361372078847,0.096027757947001,1002
2023-06-28,3.156755334583794,10,0.22565805693524185,0.0991839044618742,1002
2023-06-29,3.1961202970270244,7,0.07990186496624192,0.10250518721985494,1002
2023-06-30,3.1849423520162925,10,0.22042281343555878,0.1058669184010983,1002
2023-07-01,3.3069759814233377,10,0.2641523940356657,0.10920023398249354,1002
2023-07-02,3.208165001814905,13,0.19866204286200506,0.11230732640284734,1002
2023-07-03,3.221421848844929,11,0.2979286483554761,0.11474036254535502,1002
2023-07-04,3.205317695392574,14,0.23510220696546766,0.11588817567060597,1002
2023-07-05,3.1706660056302036,8,0.0698315642846781,0.11522757350224432,1002
2023-07-06,3.273570120419196,17,0.16080754508878867,0.11257851671719873,1002
2023-07-07,3.178362498642778,8,0.15283002597263814,0.10822758222502643,1002
2023-07-08,3.2708477394193944,13,0.11799377126905525,0.10284566188628035,1002
2023-07-09,3.193085654202371,13,0.23218532855358534,0.09728941150315096,1002
2023-07-10,3.226970023112724,8,0.3,0.09236848191707041,1002
2023-07-11,3.143819618939908,8,0.29033194088678244,0.08866907322001787,1002
2023-07-12,3.261567518223106,13,0.18536294451712132,0.08648340999135323,1002
2023-07-13,3.190061422004051,8,0.11113305988922889,0.08582094898126427,1002
2023-07-14,3.1530250276343743,7,0.17654193453040584,0.08647028799487788,1002
2023-07-15,3.2566867911022626,12,0.2338282606666351,0.08804954086078844,1002
2023-07-16,3.1474837243100406,8,0.1967335751505086,0.09005864945437533,1002
2023-07-17,3.2689305416097865,8,0.26682147027400616,0.09196352298578363,1002
2023-07-18,3.2154248217882104,13,0.21897634721434348,0.09334342989026878,1002
2023-07-19,3.185871907082167,9,0.20177619830947663,0.09405205650355199,1002
2023-07-20,3.2367953311342466,15,0.18687244904587405,0.09427527405016568,1002
2023-07-21,3.0531079926156046,12,0.2133281255763762,0.09442839658579227,1002
2023-07-22,3.217709515099078,17,0.2853953397219939,0.09495319571261232,1002
2023-07-23,3.2760575839322246,23,0.18169434356848113,0.09611101545251488,1002
2023-07-24,3.098346717236907,14,0.19849877701046087,0.09788126212600934,1002
2023-07-25,3.175338524215183,8,0.16707240950157995,0.10001845642184547,1002
2023-07-26,3.2579113588160906,7,0.2540320783532303,0.10219548264690767,1002
2023-07-27,3.064008734274554,6,0.16083908822314674,0.10415539973280993,1002
2023-07-28,3.1585130884118597,11,0.23901562027469295,0.10575696596426452,1002
2023-07-29,3.2118090674824593,19,0.149286698767288,0.10691511216114727,1002
2023-07-30,3.220544096159274,11,0.19914927351713552,0.10749572971236734,1002
2023-07-31,3.1718365398033255,14,0.3,0.107283412752144,1002
2023-08-01,3.2211143958068313,4,0.19593045138087042,0.10605258444431725,1002
2023-08-02,3.1495972535984733,8,0.1558360037504821,0.10370832001287736,1002
2023-08-03,3.0804825537019216,9,0.29168753277428,0.10042003780356229,1002
2023-08-04,3.194119076947594,11,0.1954075448295208,0.0966634210477865,1002
2023-08-05,3.218426277333774,19,0.1316710010262473,0.09313340779518617,1002
2023-08-06,3.100972869478963,12,0.3,0.09054031335048854,1002
2023-08-07,3.1437774867910773,8,0.3,0.0893832736624344,1002
2023-08-08,3.279790905910635,11,0.2769982516770277,0.08976266630885144,1002
2023-08-09,3.2077642670581437,6,0.07761853258489618,0.09135027438434054,1002
2023-08-10,3.248888409328173,9,0.08427815326371658,0.09354371781646618,1002
2023-08-11,3.086640204718448,4,0.1759619860440322,0.09576123297839975,1002
2023-08-12,3.1394210119814305,16,0.10927845278010853,0.09769267590166363,1002
2023-08-13,3.195486128006514,14,0.13673340225342343,0.09938588460637073,1002
2023-08-14,3.194801685702208,12,0.2880837524195569,0.1011262075160077,1002
2023-08-15,3.1823739262598405,9,0.19292583101042438,0.10319125337242113,1002
2023-08-16,3.2526602899198567,11,0.3,0.10562137664148478,1002
2023-08-17,3.1171971400063403,8,0.1683698039677536,0.10812967672854165,1002
2023-08-18,3.2824455998116973,1,0.137823374530496,0.11020038538714566,1002
2023-08-19,2.9878989310120736,17,0.10043749079942091,0.11133409367524491,1002
2023-08-20,3.2321855287337318,13,0.09182273526265697,0.11132707228325173,1002
2023-08-21,3.2844793690188965,13,0.14405081172788062,0.1104058654183841,1002
2023-08-22,3.500769185088022,13,0.18902717584093043,0.10912018109213398,1002
2023-08-23,3.071169512396259,8,0.2366195547470886,0.10803807367897081,1002
2023-08-24,3.1129674082527323,7,0.10325904397942573,0.1074135930182268,1002
2023-08-25,3.1438559054988104,8,0.14082042762380328,0.10704124651805277,1002
2023-08-26,3.1927228791792555,13,0.14801281616834655,0.10640064506860372,1002
2023-08-27,3.235254402038002,17,0.08694410618926948,0.10497737130610854,1002
2023-08-28,3.2125300276537256,7,0.12365729355352377,0.10255485583812439,1002
2023-08-29,3.4261064596035413,7,0.3,0.09932460417961794,1002
2023-08-30,3.1466687089997754,6,0.09664160382120318,0.09577412604229163,1002
2023-08-31,3.237206784508197,11,0.24633841402501117,0.09245970394337646,1002
2023-09-01,3.1626060244419913,14,0.17228092873086576,0.08978986906135053,1002
2023-09-02,3.2919974748439387,21,0.2595120100441546,0.08792342797459486,1002
2023-09-03,3.2179347391231463,6,0.09612507349591244,0.0867817398821082,1002
2023-09-04,3.3455157322094964,6,0.0884091040566579,0.08614654783726083,1002
2023-09-05,3.130615832867035,14,0.287618101535871,0.0857896758439824,1002
2023-09-06,3.305448846375265,13,0.2427931864374093,0.08560933943426277,1002
2023-09-07,3.204289542996418,11,0.1665608150484177,0.08570196079562098,1002
2023-09-08,3.1490424068926783,11,0.26727073650723293,0.08632363379231267,1002
2023-09-09,3.0100661830450064,12,0.27737689879556204,0.0877198753993339,1002
2023-09-10,3.1110968683715132,14,0.22118315529114554,0.08989144373714235,1002
2023-09-11,3.3130221670839424,4,0.05,0.09245540941971396,1002
2023-09-12,3.1423305361087057,17,0.15293296000991138,0.09469839570510441,1002
2023-09-13,3.2038475091339387,13,0.26841446098329796,0.09584995312779487,1002
2023-09-14,3.165675010214643,11,0.3,0.09544334372827691,1002
2023-09-15,3.1160457877134915,18,0.17888253956475905,0.09354999678137599,1002
2023-09-16,3.3131029191476427,16,0.1726317240032113,0.09078590083722482,1002
2023-09-17,3.1645952506660073,12,0.17562717089948723,0.08806256313324856,1002
2023-09-18,3.3091189137966115,8,0.1680177113499066,0.08624886241091206,1002
2023-09-19,3.209639342942256,13,0.16349216683735607,0.08587396464926453,1002
2023-09-20,3.2610027596981674,3,0.19851901149728196,0.08702565535993985,1002
2023-09-21,3.2012401371929697,10,0.21390509397197535,0.0894324272466462,1002
2023-09-22,3.084289333360526,10,0.20108702787060934,0.09263553895528398,1002
2023-09-23,3.0987316258225763,16,0.25531492149632934,0.09615196935465017,1002
2023-09-24,3.270521493173007,13,0.1520010862318651,0.09957537886092613,1002
2023-09-25,3.2026800479313886,16,0.1945341564843569,0.10261780355707388,1002
2023-09-26,3.1820044365726328,12,0.1822646226217984,0.10511915413916592,1002
2023-09-27,3.160366880921266,13,0.3,0.10704374799773547,1002
2023-09-28,3.095507641930041,12,0.3,0.10845526108120467,1002
2023-09-29,3.161232552672848,12,0.25334861786295404,0.10948166779062302,1002
2023-09-30,3.19032977101929,18,0.09328180552217427,0.1102752148506374,1002
2023-10-01,3.243245798367449,15,0.14844502219361166,0.11098030594807598,1002
2023-10-02,3.211789590925765,8,0.09873450501382318,0.11172392866059168,1002
2023-10-03,3.0717904872984323,12,0.17317660553419328,0.11260070364236936,1002
2023-10-04,3.1738919740329967,10,0.237217328464107,0.11367387847836118,1002
2023-10-05,3.348160331182474,5,0.28277571308853566,0.11495906988444865,1002
2023-10-06,3.1653343486989254,7,0.07336395129439208,0.1163998397427317,1002
2023-10-07,3.146725013154064,16,0.06878851030113005,0.11785795670427635,1002
2023-10-08,3.107934217903022,12,0.13508870144299137,0.11912440303260852,1002
2023-10-09,3.206647246679982,10,0.15193796189577943,0.11996984995975087,1002
2023-10-10,3.2279615593178193,10,0.26178182471242256,0.12022429927394836,1002
2023-10-11,3.3372890563816795,5,0.19730751525246928,0.11982786800197678,1002
2023-10-12,3.2664336767890836,8,0.0928111698553077,0.11883519983347063,1002
2023-10-13,3.1679916672269557,13,0.18977113278195262,0.11734812634895478,1002
2023-10-14,3.1262479571160413,13,0.1092097137726757,0.11547125060774203,1002
2023-10-15,3.196569643495042,13,0.12284496344497399,0.11330458543701868,1002
2023-10-16,3.003505216006252,8,0.3,0.11101049444060392,1002
2023-10-17,3.3387760784327303,13,0.25602532185465576,0.10884433635770538,1002
2023-10-18,3.2665461650624987,8,0.3,0.10710170631970137,1002
2023-10-19,3.134376664321456,5,0.22198059931709482,0.10599784331766535,1002
2023-10-20,3.061275139204996,12,0.16904796841775577,0.1055600977634258,1002
2023-10-21,3.182736637698735,11,0.2340945331545449,0.10562594447257813,1002
2023-10-22,3.1729269010882803,15,0.1399159004145581,0.10594055611968478,1002
2023-10-23,3.199795902002702,13,0.2288506590514755,0.10628443381049205,1002
2023-10-24,3.2315242141504403,11,0.10038912307959674,0.10656545675557651,1002
2023-10-25,3.279794836063191,10,0.3,0.10688328768992372,1002
2023-10-26,3.341264987552238,17,0.1883768157695673,0.10756455074316734,1002
2023-10-27,3.2373824806426468,3,0.18613700391913782,0.10917683773348348,1002
2023-10-28,3.1333823899775854,27,0.14019558722383155,0.11247846908454147,1002
2023-10-29,3.1264198909319565,18,0.11134535203003991,0.1182336964047708,1002
2023-10-30,3.2184795203085796,11,0.21801061233210164,0.1269405940041725,1002
2023-10-31,3.125052243849979,6,0.15088325399971345,0.13854398387723363,1002
2023-11-01,3.204638008091781,6,0.1827125371034343,0.15229540138099262,1002
2023-11-02,3.2274719675230528,11,0.3,0.1668634045620809,1002
2023-11-03,3.2300018674536393,13,0.1490020938196844,0.18064823668537133,1002
2023-11-04,3.232756513661463,11,0.1570288931612097,0.19219960420524315,1002
2023-11-05,3.120746839625094,15,0.27413890554451437,0.20052432834436307,1002
2023-11-06,3.234467547111617,11,0.10549886142633912,0.2052627989922884,1002
2023-11-07,3.3114292327803487,10,0.3,0.2067224944099178,1002
2023-11-08,3.277938814037832,11,0.20053710115274412,0.2057641168687255,1002
2023-11-09,3.20181191944239,10,0.23328890401903318,0.2035754038189327,1002
2023-11-10,3.1507318095808983,6,0.2327777990735866,0.201325636651437,1002
2023-11-11,3.2825838825533014,13,0.13743166356625255,0.19984799048732027,1002
2023-11-12,3.023386297624753,8,0.19006233326691893,0.1994624872586499,1002
2023-11-13,3.115527768917995,16,0.3,0.20000010876740645,1002
2023-11-14,3.2403906727265515,5,0.14681149093936605,0.20094846614869122,1002
2023-11-15,2.9728669705711184,8,0.25989998317633306,0.2016004810088457,1002
2023-11-16,3.222155344761106,10,0.08898559374386228,0.20117320229635496,1002
2023-11-17,3.2018410485645323,12,0.24267631972095624,0.19897740989272344,1002
2023-11-18,3.1994215016688803,13,0.17255724524645846,0.194640992750819,1002
2023-11-19,3.189146008076933,17,0.07555207956871554,0.18831779964367906,1002
2023-11-20,3.139314207991128,10,0.09887216568553756,0.18075097729295625,1002
2023-11-21,3.258623188915859,7,0.3,0.17310273100828308,1002
2023-11-22,3.173617731558649,21,0.1013709272852493,0.16664839289771718,1002
2023-11-23,3.278373940316584,11,0.2482990381563504,0.16245939155871866,1002
2023-11-24,3.2100703491041283,8,0.25587555796084877,0.16119355692223267,1002
2023-11-25,3.2671431132573097,15,0.05,0.16301068398927565,1002
2023-11-26,3.1963085446998876,8,0.2503137171266664,0.1675640175229187,1002
2023-11-27,3.0442856411835533,7,0.3,0.17406485805449892,1002
2023-11-28,3.2475079601251537,6,0.221613099823056,0.18141051462354438,1002
2023-11-29,3.1374579152559288,16,0.18228109985006066,0.18834549518756388,1002
2023-11-30,3.1663586400069095,11,0.06832346648842405,0.19371364709449046,1002
2023-12-01,3.1372783399522373,10,0.29069392713648806,0.19673311790002881,1002
2023-12-02,3.1890669111183003,22,0.3,0.19728083153025713,1002
2023-12-03,3.066422469413276,12,0.08822683691491005,0.1960379813218899,1002
2023-12-04,3.223377425876442,6,0.20278151742377734,0.1943483017379574,1002
2023-12-05,3.172183577402152,12,0.16549125082007657,0.19375927854843641,1002
2023-12-06,3.1890562150106723,16,0.14846876741256176,0.19540229962441705,1002
2023-12-07,3.2688628184748287,17,0.2077203188665584,0.19951058293353463,1002
2023-12-08,3.2475130306312083,12,0.21211788007388852,0.20534285896786428,1002
2023-12-09,3.1346125854564835,8,0.18549258202068042,0.21150934104609578,1002
2023-12-10,3.2664513540203868,16,0.24568675183731198,0.21648343597256828,1002
2023-12-11,3.2237973134008455,10,0.13650036672845667,0.21907906198286906,1002
2023-12-12,3.05007295829899,16,0.15221925722741772,0.2187054126407518,1002
2023-12-13,3.1639101639793195,11,0.1382975110682071,0.2154356796010083,1002
2023-12-14,3.2974144735649404,11,0.05,0.20992014038978168,1002
2023-12-15,3.2466282447209487,10,0.1639222551790813,0.20319712536524306,1002
2023-12-16,3.1607999127955497,11,0.1257936552573423,0.1964319016653603,1002
2023-12-17,3.3043802877598463,19,0.1537454291532791,0.19063624308678617,1002
2023-12-18,3.175921545092668,13,0.1282795347750686,0.18647170414449604,1002
2023-12-19,3.1487509041272634,7,0.15409196843088163,0.184144458749275,1002
2023-12-20,3.35373054743431,13,0.2890195629268084,0.1833901975604073,1002
2023-12-21,3.198481615309759,8,0.17309744163809848,0.18353158590180568,1002
2023-12-22,3.338460864192366,8,0.26247847740870067,0.1835957014778794,1002
2023-12-23,3.315149459086407,27,0.23628548799857213,0.18258235793425132,1002
2023-12-24,3.0760824689711606,15,0.10942223832288119,0.17982219369348698,1002
2023-12-25,3.289605697802121,6,0.23012851669213896,0.1752737517488683,1002
2023-12-26,3.323738885248527,6,0.1849877647268543,0.16960486798344765,1002
2023-12-27,3.138169249939413,11,0.1856491585826015,0.1639703660400065,1002
2023-12-28,3.192359601784283,10,0.18821639646461993,0.1596220061454383,1002
2023-12-29,3.3064429226186447,7,0.09856235614229165,0.1575016427903182,1002
2023-12-30,3.1642510168678393,12,0.2408876665359461,0.15800029888579084,1002
2023-12-31,3.1995619788128766,21,0.20283928429749837,0.16086846242269906,1002
2024-01-01,3.1884203412525705,12,0.2918507667775192,0.16532662154716252,1002
2024-01-02,3.1322400268720196,13,0.1841693366295741,0.17031170675330579,1002
2024-01-03,3.253955143916864,15,0.058478568530641296,0.17482632518259428,1002
2024-01-04,3.222163572421788,12,0.3,0.17826697867196223,1002
2024-01-05,3.1304876380446713,13,0.23433299998787568,0.18056031440044157,1002
2024-01-06,3.224091079211606,10,0.3,0.18206207472526195,1002
2024-01-07,3.1598784030050857,15,0.052739967439092636,0.18327626691004015,1002
2024-01-08,3.1383370353876794,5,0.12313907285845485,0.184527000235224,1002
2024-01-09,3.0414788602959155,3,0.11959360248821505,0.1857866349172999,1002
2024-01-10,3.153564263095627,10,0.08118905574442203,0.1867182446107408,1002
2024-01-11,3.216903477713396,7,0.09132173288671004,0.1868907542231511,1002
2024-01-12,3.098447905995016,14,0.1587901933995892,0.1860451604368101,1002
2024-01-13,3.12483080420233,16,0.2915511131924332,0.18428920334069887,1002
2024-01-14,3.317166493184768,15,0.26386950358385186,0.18211170959887552,1002
2024-01-15,3.0852996131726407,10,0.22264468747415747,0.18018488889558437,1002
2024-01-16,3.229893095408866,6,0.22530858671185525,0.17905780800053794,1002
2024-01-17,3.2404415149426637,11,0.2046039017474854,0.178908382586634,1002
2024-01-18,3.255110750619713,8,0.1753500856370465,0.17952271673576672,1002
2024-01-19,3.248631097621362,6,0.28243569537056634,0.18049616439698168,1002
2024-01-20,3.1880648207212556,10,0.08140137804841677,0.18148831656015893,1002
2024-01-21,3.178086970585449,5,0.3,0.18236105648322448,1002
2024-01-22,3.125388484265331,1,0.18632627143625163,0.18312808490798743,1002
2024-01-23,3.1486085733873845,14,0.05,0.18385545403760273,1002
2024-01-24,3.2376847051214788,8,0.14094969845854516,0.1845906515937694,1002
2024-01-25,3.316260298548367,7,0.1547933708353974,0.18538001361113937,1002
2024-01-26,3.318548400984132,11,0.29069403308447533,0.18625076731612344,1002
2024-01-27,3.1859301628918355,16,0.17673276205136593,0.18715035712042155,1002
2024-01-28,3.25631349664389,17,0.09728221658684397,0.18789716654887728,1002
2024-01-29,3.1144785285935472,16,0.24583708049726286,0.18820731508014604,1002
2024-01-30,3.2035943053751104,12,0.19895075694501646,0.18780027830455054,1002
2024-01-31,3.2055761315325593,6,0.13478465210192486,0.18650832533016343,1002
2024-02-01,3.24012338186911,3,0.20467590951862116,0.18434089412300722,1002
2024-02-02,3.170177802418953,10,0.11338771386758173,0.1815683496285806,1002
2024-02-03,3.1010997142380914,17,0.17669396238306082,0.17876217662997163,1002
2024-02-04,3.1148826319030274,17,0.3,0.17673839424825546,1002
2024-02-05,3.2755211201550387,11,0.2607492640375557,0.17628860206223293,1002
2024-02-06,3.197382104677713,3,0.0719839442193616,0.1777600204625326,1002
2024-02-07,3.3604383907366815,11,0.2833161860270756,0.18072238168775454,1002
2024-02-08,3.2057481014845197,6,0.11134527932774516,0.18398743404094486,1002
2024-02-09,3.253088766120667,6,0.05854538520318007,0.18607458015140738,1002
2024-02-10,3.143348322475426,6,0.15022397672666127,0.185904430053134,1002
2024-02-11,3.1328242735388203,14,0.3,0.18331240324873876,1002
2024-02-12,3.176433763806733,11,0.2688151171739717,0.17912549791431318,1002
2024-02-13,3.280627054775338,6,0.1307076010156048,0.17476769321919713,1002
2024-02-14,3.278196501263088,7,0.13546736388949113,0.17164072323847746,1002
2024-02-15,3.061984086971723,11,0.3,0.1705980102573825,1002
2024-02-16,3.0928173012364484,11,0.07810744704818667,0.1717135616667253,1002
2024-02-17,3.1161987139191836,17,0.1662188913748166,0.17434238490812118,1002
2024-02-18,3.1688049261136855,14,0.28029956175655174,0.17740345155055887,1002
2024-02-19,3.2932835379569516,8,0.10684091705245698,0.1797317554759518,1002
2024-02-20,3.230496354928711,7,0.11079752075269331,0.18045596469731323,1002
2024-02-21,3.0882812880185635,8,0.16140043336652546,0.17931431395678374,1002
2024-02-22,3.0945333250756595,12,0.2698594306017785,0.17677451508948047,1002
2024-02-23,3.229825206303252,14,0.130008605356203,0.17384380429026325,1002
2024-02-24,3.309808346610872,14,0.1053186811291748,0.1716061039912011,1002
2024-02-25,3.301671634905238,7,0.11648786383805178,0.17071598026046805,1002
2024-02-26,3.1777222868125694,5,0.2093437846008767,0.17112527805917724,1002
2024-02-27,3.1822258268382138,14,0.21080315063957014,0.17222913547059007,1002
2024-02-28,3.176587112886092,5,0.24654416826214026,0.17332623729002675,1002
2024-02-29,3.1558060501445993,7,0.1460221891785746,0.17405243982499202,1002
2024-03-01,3.1433637468248827,6,0.1771692788066084,0.17453199401297992,1002
2024-03-02,3.2039764987997095,12,0.08320011338913866,0.1751624124878385,1002
2024-03-03,3.1042731061421187,19,0.11937230475469605,0.17624229803226332,1002
2024-03-04,3.162869561219147,8,0.3,0.1777558512344335,1002
2024-03-05,3.2126078627924928,12,0.22234725715057874,0.1794416119513995,1002
2024-03-06,3.3376216155388443,8,0.1397368043861575,0.18107317396185105,1002
2024-03-07,3.2093446376006463,11,0.3,0.1826843559546022,1002
2024-03-08,3.1424587153410317,14,0.16951279013142975,0.18454538103562393,1002
2024-03-09,3.20123988357922,7,0.18424860887905536,0.1869295345682757,1002
2024-03-10,3.2447958968950377,16,0.15176580441778412,0.18982589988323173,1002
2024-03-11,3.16635707445906,10,0.141861870881743,0.19283641994249814,1002
2024-03-12,3.114406833588588,11,0.26813880218388775,0.19528615155384235,1002
2024-03-13,3.2672211322002798,10,0.2284833942026672,0.19650392768798333,1002
2024-03-14,3.205552613786833,7,0.21181035115690497,0.19606999057134755,1002
2024-03-15,3.22055196172176,15,0.19785355902065582,0.1939896755160857,1002
2024-03-16,3.2329216753081895,15,0.3,0.19069596901197283,1002
2024-03-17,3.1022504245651334,11,0.05,0.18691353110881456,1002
2024-03-18,3.1033472111229026,7,0.17181502230188855,0.1833948724099318,1002
2024-03-19,3.2013298172729527,7,0.2643070685506984,0.1806381923708727,1002
2024-03-20,3.1997868144012975,10,0.19042829371192477,0.17869649998011436,1002
2024-03-21,3.0712671113479106,11,0.21755212630926166,0.17718789785099515,1002
2024-03-22,3.1376253550450457,12,0.2037529470968946,0.17553770527699808,1002
2024-03-23,3.1099492455360074,19,0.3,0.17329323864876545,1002
2024-03-24,3.3177338946554427,14,0.2963555300962641,0.17038885711438773,1002
2024-03-25,3.219067694970397,12,0.16610169005156428,0.16724409339010862,1002
2024-03-26,3.16342347063367,5,0.1576906998600085,0.16459607616787675,1002
2024-03-27,3.262560096144705,10,0.3,0.16318802303930463,1002
2024-03-28,3.0897500249500007,7,0.19843441455579583,0.16342494549544545,1002
2024-03-29,3.1099412517610983,7,0.18030217796746675,0.16519551390712386,1002
2024-03-30,3.217699046941373,17,0.11200021577399558,0.16794771370679584,1002
2024-03-31,3.193597368999351,16,0.2939937829243801,0.1709699259806859,1002
2024-04-01,3.1647150389432337,8,0.14335701687881489,0.17373619285481873,1002
2024-04-02,3.258550158084041,12,0.17002091384869766,0.1761020237879732,1002
2024-04-03,3.0871261239707666,5,0.14227218821199716,0.178253506506694,1002
2024-04-04,3.2923217085810945,8,0.09976573721811306,0.1804818278470154,1002
2024-04-05,3.23481497578726,16,0.11258654803510715,0.18291135071260015,1002
2024-04-06,3.3607387918287834,7,0.3,0.18538618525866757,1002
2024-04-07,3.1737804068236137,19,0.07969035760299571,0.1875042373331253,1002
2024-04-08,3.19750880718383,15,0.3,0.18881069935981137,1002
2024-04-09,3.3081272779836306,6,0.3,0.1889592313109101,1002
2024-04-10,3.1230937014004714,12,0.21467952242292962,0.18785748800379137,1002
2024-04-11,3.176640764643597,15,0.14139378542605524,0.18573234791605261,1002
2024-04-12,3.313861127039746,7,0.2947825366808516,0.18313067018808232,1002
2024-04-13,3.08756733330262,20,0.22709759589756287,0.18081233395836283,1002
2024-04-14,3.162693552847584,20,0.21396429776968484,0.17953520138980325,1002
2024-04-15,3.296570042115076,14,0.20580322573661286,0.17979701178575733,1002
2024-04-16,3.3353199968482548,7,0.16293695150198378,0.18164837722307872,1002
2024-04-17,3.1133471810438116,7,0.17087293293623193,0.18468138839100293,1002
2024-04-18,3.2162839096964757,11,0.27474658294729776,0.18814738627649832,1002
2024-04-19,3.126891268111261,14,0.3,0.19119047283473772,1002
2024-04-20,3.0605671556700202,14,0.28922401393080827,0.1931336515685716,1002
2024-04-21,3.144142514260618,16,0.29318826421870886,0.193725509121054,1002
2024-04-22,3.22545915614359,8,0.2547445510548493,0.19326584012931505,1002
2024-04-23,3.2656510203021982,11,0.2344233254185196,0.19245766642596585,1002
2024-04-24,3.1620770335111916,8,0.22938925440541244,0.19205316342728368,1002
2024-04-25,3.3376684005598696,11,0.19381603565484987,0.1924594128569881,1002
2024-04-26,3.2063073948395076,15,0.1857582807644544,0.19355175012037606,1002
2024-04-27,3.3607863285988917,12,0.16495203824098875,0.1947895759952064,1002
2024-04-28,3.138447716386346,10,0.06762945458415077,0.19551660175846092,1002
2024-04-29,3.180155319090552,6,0.3,0.1952680483922354,1002
2024-04-30,3.1356636239016176,12,0.27245864570560047,0.19391880027830244,1002
2024-05-01,3.2478891183196383,10,0.3,0.1917370349097747,1002
2024-05-02,3.0903945866946003,7,0.1986390081756493,0.18932079470909619,1002
2024-05-03,3.1923673604066067,9,0.1838666670731979,0.18743079721002265,1002
2024-05-04,3.1926925253341856,16,0.12551368868829393,0.18672993046487976,1002
2024-05-05,3.2292063067465464,19,0.15694437680331455,0.1874919240696079,1002
2024-05-06,3.2544192406624206,10,0.10236566029754358,0.18949514201757947,1002
2024-05-07,3.1110718016039325,11,0.09927009512482544,0.19215625715728757,1002
2024-05-08,3.1345209063145485,12,0.3,0.19485834968615637,1002
2024-05-09,3.1275950492695537,11,0.16644589375830895,0.19724524855911552,1002
2024-05-10,3.2564314702730734,12,0.15828574864229428,0.19927781051814678,1002
2024-05-11,3.1866015290706473,11,0.22690112863195852,0.20104217334266455,1002
2024-05-12,3.305896186535756,20,0.18243418067209807,0.2024723514584164,1002
2024-05-13,3.206217657925264,12,0.10382909507699548,0.20323450349512068,1002
2024-05-14,3.254683052730072,11,0.3,0.2028567479633844,1002
2024-05-15,3.215629291596789,10,0.15152130205130587,0.2010548396078274,1002
2024-05-16,3.3171860972652882,10,0.1287222221042809,0.19799770995702481,1002
2024-05-17,3.1497937660628037,11,0.15591820007690532,0.1943311139453578,1002
2024-05-18,3.1849616129764535,19,0.14534643492997235,0.1909263057317224,1002
2024-05-19,3.2296898888833803,12,0.23201605490128288,0.1885012323658732,1002
2024-05-20,3.327668138134115,18,0.1746383422305261,0.1873299940540149,1002
2024-05-21,3.150655950928136,16,0.2657410510510315,0.18722340169282292,1002
2024-05-22,3.1785662542050237,12,0.3,0.1877255937610399,1002
2024-05-23,3.0589111868483054,9,0.115136158272977,0.1884100354145708,1002
2024-05-24,3.113845860705998,9,0.1601251815804122,0.1890440051618258,1002
2024-05-25,3.2039849574818113,19,0.163017935067503,0.1895932202257865,1002
2024-05-26,3.11321351906923,12,0.15502774010972267,0.19007183035005007,1002
2024-05-27,3.184153557868935,14,0.3,0.19045245162584507,1002
2024-05-28,3.366198261914678,11,0.22962671487185352,0.19065603860406322,1002
2024-05-29,3.234399939112173,12,0.08471105380915493,0.1906111129560978,1002
2024-05-30,3.1575774096209677,12,0.21231004825810706,0.19026274995575687,1002
2024-05-31,3.1443148533343805,16,0.16681168549628883,0.18950231334015127,1002
2024-06-01,3.1949644904266745,18,0.12927778382601374,0.18816257796693636,1002
2024-06-02,3.225591851835709,16,0.3,0.18610449255624528,1002
2024-06-03,3.21885228655258,6,0.3,0.18343284159854192,1002
2024-06-04,3.1548729729570173,11,0.3,0.18063094770030097,1002
2024-06-05,3.1442818591058894,12,0.06798038072942421,0.17846551364960442,1002
2024-06-06,3.219470813823281,7,0.18598651817654496,0.17767223780099667,1002
2024-06-07,3.2838224067833743,10,0.3,0.17858490912406708,1002
2024-06-08,3.2993664582954034,20,0.09313155030194888,0.18096562652261708,1002
2024-06-09,3.0193959471184346,20,0.2887060603908012,0.18412102308095296,1002
2024-06-10,3.1442537120606286,7,0.2605371639471174,0.18722754304172656,1002
2024-06-11,3.263015305548065,10,0.18178303474681667,0.1896446754300984,1002
2024-06-12,3.2108512750455067,15,0.1673034899154768,0.19109685858335532,1002
2024-06-13,3.105896302635669,14,0.21853378430854076,0.19165798042495882,1002
2024-06-14,3.168854370933776,10,0.1634301055642947,0.1916515026235206,1002
2024-06-15,3.195033399551927,19,0.3,0.1914910012957032,1002
2024-06-16,3.253337192681385,20,0.2177187066496566,0.19154021696652418,1002
2024-06-17,3.2948900835425157,18,0.15571600700975508,0.19197096357660648,1002
2024-06-18,3.2172282233915026,10,0.23244681463059577,0.19268598631363942,1002
2024-06-19,3.243249586820765,3,0.11527575743515427,0.19332935689181063,1002
2024-06-20,3.0979057041029807,9,0.3,0.19340765089022688,1002
2024-06-21,3.074169374699483,10,0.1737837114045901,0.19249723270738173,1002
2024-06-22,3.2647080651096845,21,0.19021932479084097,0.19045857647188294,1002
2024-06-23,3.152615575165713,7,0.2128781541838811,0.18753711662722522,1002
2024-06-24,3.299161608456082,7,0.1575803187822848,0.18429760771124032,1002
2024-06-25,3.2650265143315966,14,0.25171377269910905,0.18142305829753352,1002
2024-06-26,3.1158427444969687,9,0.05,0.17945753964231564,1002
2024-06-27,3.2128656204702155,10,0.19124777770721677,0.17863037931040548,1002
2024-06-28,3.2438559080945515,10,0.3,0.1787672925593588,1002
2024-06-29,3.2536522652843134,15,0.12292370422963096,0.17937037157315272,1002
2024-06-30,3.0210861031786087,10,0.25220124951447576,0.17981824920566497,1002
2024-07-01,3.1527277538944847,11,0.17242488662983768,0.1796385266401131,1002
2024-07-02,3.2270558052926552,12,0.1440301806433596,0.17871662511877603,1002
2024-07-03,3.1550800160566714,6,0.1871922824931561,0.17728564406575845,1002
2024-07-04,3.158080660372537,6,0.10399233983286463,0.17571010221343694,1002
2024-07-05,3.38668663761344,14,0.23137977451000474,0.17419712712524504,1002
2024-07-06,3.3070546349015757,15,0.17864927515285073,0.17270370197945445,1002
2024-07-07,3.3171758361602115,14,0.13205004652800312,0.17108808117600108,1002
2024-07-08,3.1719868193444403,12,0.2781418957760435,0.16939194177664288,1002
2024-07-09,3.1804281430472425,7,0.23866159164055192,0.16792113076722365,1002
2024-07-10,3.0787756976680334,12,0.1286325522703633,0.1670738698768759,1002
2024-07-11,3.105979024702438,6,0.27693612935775425,0.1670190487893477,1002
2024-07-12,3.302043885845448,6,0.2615793118335144,0.16753369590190512,1002
2024-07-13,3.2062235953322684,18,0.1878573695379603,0.16815548517262324,1002
2024-07-14,3.2174200612700696,24,0.2961411815653858,0.1685578777291071,1002
2024-07-15,3.177645177823101,7,0.24078642839628658,0.16884651379752627,1002
2024-07-16,3.3545775095825374,6,0.2521128872623663,0.16952294824991468,1002
2024-07-17,3.3485297607025837,9,0.24210832355536988,0.1711209850685499,1002
2024-07-18,3.161775236462558,6,0.05,0.17378386373748822,1002
2024-07-19,3.084450986826208,14,0.28588699024574377,0.1770489550127744,1002
2024-07-20,3.1430655633176574,20,0.3,0.17999181235471678,1002
2024-07-21,3.278504855875873,15,0.3,0.18162316681238821,1002
2024-07-22,3.112043690176742,6,0.15426965839122714,0.18132438725189512,1002
2024-07-23,3.2892998170217993,12,0.3,0.17911456805076564,1002
2024-07-24,3.1023765514182924,7,0.21211394394128721,0.17567574972900074,1002
2024-07-25,3.1251840765298025,11,0.15042844439979575,0.17217054493847397,1002
2024-07-26,3.1566504630159526,10,0.2829243826904457,0.16993855242279035,1002
2024-07-27,3.1240155208037548,12,0.1917229666898478,0.17011291743682128,1002
2024-07-28,3.3049541098748696,14,0.24315773376402677,0.1732414022523125,1002
2024-07-29,3.099976772083504,16,0.11373780653929853,0.17901436578456956,1002
2024-07-30,3.3353786496743423,11,0.269733703931147,0.18627581858734493,1002
2024-07-31,3.2560232904575614,15,0.21597362055711483,0.1933599758113866,1002
2024-08-01,3.1769696983153195,9,0.23512197886628317,0.19868419749308208,1002
2024-08-02,3.251277317295143,15,0.15656714371289043,0.20129169394459834,1002
2024-08-03,3.3203822711748936,15,0.1593772971001544,0.20114572889657814,1002
2024-08-04,3.2506916380393633,18,0.3,0.19901228634910473,1002
2024-08-05,3.261487383880518,10,0.3,0.19605823508307094,1002
2024-08-06,3.089183952355996,3,0.21774592404223708,0.1933655379519221,1002
2024-08-07,3.199490294541106,2,0.1646094455058757,0.19154848587362303,1002
2024-08-08,3.1029638715375216,12,0.21800171426007606,0.19060863696945848,1002
2024-08-09,3.2459802340529555,7,0.3,0.19003138154751462,1002
2024-08-10,3.1687667504664603,15,0.19521654131876265,0.18906812686924798,1002
2024-08-11,3.1629655564665264,18,0.3,0.18709994604095437,1002
2024-08-12,3.175152355999061,5,0.3,0.1839311879053909,1002
2024-08-13,3.1484499403863517,10,0.22547727411327284,0.17993508882476142,1002
2024-08-14,3.053096434828396,15,0.13473574477987385,0.17597846658457608,1002
2024-08-15,3.295199585554287,2,0.1767513366655092,0.17314247534412436,1002
2024-08-16,3.0560182443974075,9,0.2528857892200188,0.17232587320876747,1002
2024-08-17,3.1710961286999964,18,0.145578360265608,0.17387733876782796,1002
2024-08-18,3.140401993045389,19,0.3,0.17739189565686472,1002
2024-08-19,3.0674933658207317,6,0.2300616482021329,0.18180557517247142,1002
2024-08-20,3.2775715439978175,12,0.12280056128839267,0.18573771931734068,1002
2024-08-21,3.132523811904921,9,0.13904527435152966,0.18801067423163967,1002
2024-08-22,3.120513660785499,12,0.15146592881466708,0.1881010317977479,1002
2024-08-23,3.2744906786125214,6,0.15518854612307964,0.18634705530152337,1002
2024-08-24,3.208484791107091,23,0.28002588082926866,0.18380713401108206,1002
2024-08-25,3.167854480348852,16,0.21833277105765608,0.18182966919675844,1002
2024-08-26,3.1122905928974087,12,0.23392684611040634,0.18154610775769184,1002
2024-08-27,3.062659031145002,7,0.17551742655066627,0.18350995246333016,1002
2024-08-28,3.114134811678408,14,0.1458386831063436,0.18756843133570808,1002
2024-08-29,3.248433117378358,7,0.05,0.1929929449974185,1002
2024-08-30,3.152741135884355,10,0.3,0.19874721289583264,1002
2024-08-31,3.0723051625879627,11,0.20018270861205723,0.2037758316435354,1002
2024-09-01,3.186963043710265,10,0.05369271820127345,0.20726557811102866,1002
2024-09-02,3.2676471905195443,11,0.24092508190032555,0.20881818635830335,1002
2024-09-03,3.063299929784026,11,0.09929905977525429,0.20850672489504624,1002
2024-09-04,3.1118458884603633,9,0.07386998558139186,0.20681519159572417,1002
2024-09-05,3.2233193517702516,14,0.16327972542274638,0.2044434558219126,1002
2024-09-06,3.2710696138559046,10,0.09195518575426519,0.20207131758879987,1002
2024-09-07,3.251351501550028,14,0.21971877494826458,0.20011967642822343,1002
2024-09-08,3.3594643813984293,16,0.11676120093428838,0.19864981061150372,1002
2024-09-09,3.110067441090337,15,0.2790002514716029,0.19745220810102942,1002
2024-09-10,3.2267658825527716,5,0.15352845490842792,0.19623817628193968,1002
2024-09-11,3.253373401920758,10,0.23758631692104296,0.19485238147622885,1002
2024-09-12,3.2157359696018166,7,0.24735361156451943,0.1933565087936644,1002
2024-09-13,3.3559252308649774,16,0.1704833828266507,0.19194256220815356,1002
2024-09-14,3.1648466569045093,15,0.144888885283893,0.1907943967977847,1002
2024-09-15,3.2489592457521916,21,0.3,0.18994528061418708,1002
2024-09-16,3.1988717712556336,6,0.3,0.18926387847846504,1002
2024-09-17,3.204635629872484,11,0.16736408161183583,0.1885116189968722,1002
2024-09-18,3.2466011457830484,5,0.2510782947545427,0.1874518249295457,1002
2024-09-19,3.224123089598446,9,0.14581531178333515,0.18596851141696855,1002
2024-09-20,3.3085375213332737,5,0.1797097186173793,0.18416801461455384,1002
2024-09-21,3.201238325655931,15,0.09696403559724644,0.18243927959934989,1002
2024-09-22,3.3607646821050015,15,0.26786370772015755,0.18140601862602318,1002
2024-09-23,3.2420300408153837,6,0.10697346592775157,0.18172274525795407,1002
2024-09-24,3.307841278714328,9,0.2340280079735206,0.1837653362331408,1002
2024-09-25,3.16006507653758,15,0.1230762571407641,0.1873623132912451,1002
2024-09-26,3.204518402269412,12,0.14190394124866285,0.191729044602245,1002
2024-09-27,3.105976123718713,15,0.1998428514193989,0.1956620188001481,1002
2024-09-28,3.1524165740286247,15,0.2112815273587646,0.19798378117965726,1002
2024-09-29,3.1170252764010034,25,0.2859282944891852,0.19799758274084417,1002
2024-09-30,3.2305678092348047,5,0.23658375774881601,0.1957907323716833,1002
2024-10-01,3.158797055369369,18,0.18517200660864536,0.1921581999151592,1002
2024-10-02,3.1825487461243194,11,0.14352999648519746,0.1882192537433972,1002
2024-10-03,3.1831238720578328,15,0.1346377361388947,0.18486856711601973,1002
2024-10-04,3.3545320127523928,10,0.2097955588919723,0.1824245320737612,1002
2024-10-05,3.110242911544176,16,0.10281280150468286,0.18071558916833363,1002
2024-10-06,3.093032084312127,21,0.20788852237478497,0.17945762553152675,1002
2024-10-07,3.153089121863172,11,0.2060282469001127,0.17865046534498766,1002
2024-10-08,3.3573673423886903,9,0.15830325104365894,0.17863123144274662,1002
2024-10-09,2.984472549621012,10,0.12214385587245677,0.17976007849710587,1002
2024-10-10,3.2052600309840167,3,0.17883633976027657,0.18207000918731114,1002
2024-10-11,3.203330408884295,10,0.09640478781400987,0.1851484470724164,1002
2024-10-12,3.245320747618817,12,0.22158803819944348,0.18839170756911655,1002
2024-10-13,3.265094789548607,10,0.15082335532834276,0.19139029609546857,1002
2024-10-14,3.1636220717387182,6,0.3,0.19416615936954845,1002
2024-10-15,3.2592025444108335,9,0.2633445459120044,0.19708499976122745,1002
2024-10-16,3.2419402626171236,5,0.1156434244268427,0.20053090247951244,1002
2024-10-17,3.1523366957726,15,0.3,0.20456264835694213,1002
2024-10-18,3.309694890777273,7,0.11716686880807094,0.20879325220850994,1002
2024-10-19,3.039768782455413,25,0.19394003797655784,0.21250828894393547,1002
2024-10-20,3.2289935957160814,15,0.07264602135455933,0.21494027498309812,1002
2024-10-21,3.127720822876045,9,0.18552879307216213,0.21553271859839387,1002
2024-10-22,3.1425324447290106,9,0.13941260191406607,0.21414003462585807,1002
2024-10-23,3.172545781065885,10,0.14333363510190347,0.2111429828876933,1002
2024-10-24,3.2244298518213528,11,0.3,0.2075071644814665,1002
2024-10-25,3.173995943097033,5,0.10450169781189249,0.20473568912661788,1002
2024-10-26,3.1831228275514314,19,0.21354644953980298,0.2046025273483209,1002
2024-10-27,3.2923919510450315,15,0.08338750715738567,0.20865508589981419,1002
2024-10-28,3.1785109344467983,10,0.27170822004262757,0.2176778768045909,1002
2024-10-29,3.25775929368231,10,0.1515903451929463,0.231332429527694,1002
2024-10-30,3.160988682866706,12,0.3,0.2481841283552114,1002
2024-10-31,3.2943244744058253,7,0.24120105036187375,0.2661523467596475,1002
2024-11-01,3.2846661670729396,7,0.211170097060352,0.2831302046534119,1002
2024-11-02,3.204300628975023,6,0.3,0.2974922855314682,1002
2024-11-03,3.156603848400285,16,0.1349868137406567,0.3082546707869388,1002
2024-11-04,3.3044820304062523,7,0.22645005869456505,0.31497105201783837,1002
2024-11-05,3.1734436149162266,5,0.20313411125049594,0.3176366701625239,1002
2024-11-06,3.2392137773132488,12,0.1608860818746616,0.3167286697311946,1002
2024-11-07,3.0648361190347555,12,0.13210349040705166,0.31330920188033884,1002
2024-11-08,3.1671678060125967,14,0.21023006725762966,0.30894292210756136,1002
2024-11-09,3.171243506464049,19,0.14033867339408773,0.30522583452626484,1002
2024-11-10,3.2468561854476117,14,0.20907510288707978,0.30317197580916233,1002
2024-11-11,3.168431914603526,7,0.16098701619353048,0.3028211715899351,1002
2024-11-12,3.2206555971727937,10,0.05403647350462161,0.30337344192321214,1002
2024-11-13,3.074296533917508,10,0.1873906217011721,0.30380223101267,1002
2024-11-14,3.268311606918081,9,0.27295849989802323,0.3035131572882684,1002
2024-11-15,3.227394615278563,3,0.3,0.30267695052179655,1002
2024-11-16,3.281069255599789,12,0.1374795170630008,0.3020918505375509,1002
2024-11-17,3.1721900608194846,16,0.05540646888221312,0.3027418472017526,1002
2024-11-18,3.1857149717586055,9,0.2194704833048011,0.305338694550361,1002
2024-11-19,3.261473592798886,6,0.1571300259315567,0.3100108159189586,1002
2024-11-20,3.1772508744323478,14,0.3,0.3161879042689733,1002
2024-11-21,3.1523164710852534,19,0.1115986961970399,0.3226897758718249,1002
2024-11-22,3.1109509959224217,7,0.1440445446374182,0.32802542773770593,1002
2024-11-23,3.294466185558842,12,0.3,0.3308847837663641,1002
2024-11-24,3.284965447070898,11,0.21795146353314593,0.33066403915744197,1002
2024-11-25,3.1728983919326708,15,0.13875795655335854,0.3277628523570878,1002
2024-11-26,3.1772648597619413,19,0.12726201367582113,0.3234360695174428,1002
2024-11-27,3.1372869528229104,12,0.3,0.3192751768098142,1002
2024-11-28,3.1568858575365466,5,0.14764958058785035,0.3165581242242075,1002
2024-11-29,3.22548230113527,9,0.18879633715648558,0.315811887309228,1002
2024-11-30,3.2786765993491542,14,0.1406652561514502,0.3166653019768533,1002
2024-12-01,3.08046337774764,16,0.1420926599684467,0.31804616689637094,1002
2024-12-02,3.0887655336477247,6,0.3,0.3185488089708929,1002
2024-12-03,3.3063142861933748,7,0.12541801183261342,0.3169346247346935,1002
2024-12-04,3.262242786809817,2,0.1946872684483999,0.31264809882829026,1002
2024-12-05,3.2755590880960592,12,0.05295978147364024,0.3060716462713901,1002
2024-12-06,3.259617428889768,5,0.3,0.29840650592220275,1002
2024-12-07,3.083434631404667,12,0.3,0.2911511134218279,1002
2024-12-08,3.1015484517220293,14,0.2241733185903839,0.2854725833302585,1002
2024-12-09,3.1447887981276783,12,0.11230178373444429,0.2818771863848876,1002
2024-12-10,3.120232781935532,9,0.05,0.28027723934640547,1002
2024-12-11,3.203405133184531,10,0.15204835123365792,0.28035128452923824,1002
2024-12-12,3.19219900593193,14,0.05023936456297784,0.2818742134829566,1002
2024-12-13,3.216947682344528,9,0.1695060731576641,0.28479194066294705,1002
2024-12-14,3.1828095939373147,19,0.18273052807770748,0.2891031395025895,1002
2024-12-15,3.214259572140954,16,0.12567626545204208,0.29466970860128594,1002
2024-12-16,3.1489015725575507,11,0.1357821199430156,0.3010702089805049,1002
2024-12-17,3.237306128890486,6,0.19963173454274863,0.30755425105123013,1002
2024-12-18,3.2080403659762173,10,0.20202039829364393,0.3131165464602783,1002
2024-12-19,3.128908989568347,10,0.1624628057452495,0.3167029104133365,1002
2024-12-20,3.132238269881562,11,0.3,0.317524414870226,1002
2024-12-21,3.239916283359401,14,0.1874701603540719,0.3154098479550124,1002
2024-12-22,3.00451322328163,11,0.2016739316275167,0.3109846406655597,1002
2024-12-23,3.062174800355243,14,0.14952979333985675,0.3055855623639571,1002
2024-12-24,3.0098890067805657,11,0.24545315480250313,0.30084096203822774,1002
2024-12-25,3.1014902310339645,7,0.10149455363576797,0.2981717215927245,1002
2024-12-26,3.400581478807287,9,0.20394918909700918,0.2983655842517934,1002
2024-12-27,3.2309927093964452,18,0.2040183697468129,0.30143155485653594,1002
2024-12-28,3.010095348135971,9,0.08336520866022429,0.30669911862281046,1002
2024-12-29,3.112027919259784,7,0.0584407293233975,0.3130948275702041,1002
2024-12-30,3.165482800804795,7,0.0847532285536794,0.31948903733201717,1002
2024-12-31,3.211232079426186,10,0.14108221483562183,0.3249755331903806,1002
2025-01-01,3.1394167210654436,15,0.19918290752035797,0.3290241076563069,1002
2025-01-02,3.284273340949836,10,0.20958420909363923,0.33144127059745454,1002
2025-01-03,3.214847769871082,7,0.06613771370985107,0.33226029424867204,1002
2025-01-04,3.1346349632682737,22,0.053333438832300684,0.3316843298937043,1002
2025-01-05,3.3266356581678163,12,0.05,0.33008010198412074,1002
2025-01-06,3.199355463537931,15,0.23029472122606087,0.32791710748615777,1002
2025-01-07,3.213933754108883,3,0.21785974478786838,0.32561222124528943,1002
2025-01-08,3.2634437032347914,15,0.185220103172558,0.32328561265953853,1002
2025-01-09,3.238178080063423,10,0.09313006550861493,0.3207273697217616,1002
2025-01-10,3.2057018166549676,3,0.1288484419892216,0.3176385120863112,1002
2025-01-11,3.1653255045117406,27,0.07391674804902564,0.31403230224955275,1002
2025-01-12,3.1602220607323575,15,0.19635799870080678,0.310421086475286,1002
2025-01-13,3.1971851791517936,9,0.149095503179109,0.3076027449773048,1002
2025-01-14,3.214951151973248,12,0.24797909032550378,0.3061680570665791,1002
2025-01-15,3.1389805300501523,16,0.13311042231297554,0.30617197541210406,1002
2025-01-16,3.1894798218875824,14,0.10764272051108893,0.30721372459496527,1002
2025-01-17,3.265126672806539,11,0.19529402760235046,0.3088092667038252,1002
2025-01-18,3.3073655723407502,15,0.20302563234677035,0.31070485251891844,1002
2025-01-19,3.0034436176935526,20,0.15472980216573362,0.31289503163345744,1002
2025-01-20,3.1925579329076443,11,0.24165066536932162,0.3153855669329813,1002
2025-01-21,3.2332553203938654,14,0.16031238593412722,0.31799773794046493,1002
2025-01-22,3.2766059798588976,15,0.08516098092210223,0.3203089927199844,1002
2025-01-23,3.2011152345258354,11,0.2193737313465218,0.32176565273993996,1002
2025-01-24,3.2152388234586824,5,0.23181949027433896,0.3218380064266366,1002
2025-01-25,3.260609066403815,14,0.14847394375713568,0.32020706165658613,1002
2025-01-26,3.1398585868795816,15,0.20790844845091855,0.3169867703400679,1002
2025-01-27,3.2630079779305605,9,0.3,0.31290318208471013,1002
2025-01-28,3.119035966057017,9,0.22508481657118684,0.30914903334478533,1002
2025-01-29,3.2393668439695644,11,0.17669583272522632,0.30689060852380656,1002
2025-01-30,3.1537711117633815,7,0.24163779582114606,0.30658096363170084,1002
2025-01-31,3.174491171643049,15,0.16652895220053557,0.307610356563509,1002
2025-02-01,3.254442314888905,15,0.1473755650464143,0.3085656341568841,1002
2025-02-02,3.185360031168112,14,0.26642979196013467,0.3080059851172629,1002
2025-02-03,3.265716303061255,6,0.14608348752939104,0.3052328040019529,1002
2025-02-04,3.2377782200157617,16,0.10378729229747681,0.3006362074090633,1002
2025-02-05,3.1416355858968243,12,0.1899190622777702,0.2954510328310291,1002
2025-02-06,3.184281338271125,9,0.21208185429336482,0.29112969014453716,1002
2025-02-07,3.175524939804419,14,0.24222808104112817,0.28873462690550383,1002
2025-02-08,3.3159224860494905,10,0.2091824644172856,0.288616213676406,1002
2025-02-09,3.0139934348249393,12,0.2837351689923449,0.2903739665141273,1002
2025-02-10,3.1582119448527153,15,0.08814585202216997,0.29308163028734924,1002
2025-02-11,3.178655988485096,10,0.21274397747278195,0.29557335155506365,1002
2025-02-12,3.255874385575489,6,0.17336104941071342,0.2967617950306488,1002
2025-02-13,3.0707762961767857,11,0.12594876900614418,0.2958868751001009,1002
2025-02-14,3.2308275236042188,3,0.2862388347985609,0.29275099746530675,1002
2025-02-15,3.162833724513733,15,0.11162378742269266,0.2877916379551877,1002
2025-02-16,3.262175231767875,20,0.28767705286561446,0.28200602740694014,1002
2025-02-17,3.250573293906708,16,0.27421590015568903,0.2766049984124701,1002
2025-02-18,3.1683832575164694,10,0.2637640012762884,0.27260780905382764,1002
2025-02-19,3.303298857403337,14,0.24089162332476632,0.2705657668396809,1002
2025-02-20,3.1342488169718337,9,0.07957278900749505,0.2705609842738104,1002
2025-02-21,3.058665375062868,10,0.07913624526758128,0.272409301611318,1002
2025-02-22,3.1640365710810148,10,0.175138146086035,0.2759130281699169,1002
2025-02-23,3.177325492172674,11,0.1562102946760706,0.28097248165761846,1002
2025-02-24,3.214642383080469,11,0.11891837270613535,0.2876015049032329,1002
2025-02-25,3.236755131203064,6,0.14282317459388486,0.2958336121589398,1002
2025-02-26,3.219537813589132,11,0.27717013158236703,0.3055585471845358,1002
2025-02-27,3.3008750805334093,10,0.059929033108333266,0.31633232148455676,1002
2025-02-28,3.1705979217738993,14,0.05,0.32726285453835374,1002
2025-03-01,3.1296335220835485,19,0.2271198930679717,0.3370982662728099,1002
2025-03-02,3.098863211193785,12,0.19880987347906542,0.3445286753391925,1002
2025-03-03,3.245366956374323,11,0.060366891559618184,0.34858492338851843,1002
2025-03-04,3.2464267137830345,10,0.11014264114269731,0.3489000578695883,1002
2025-03-05,3.3569376993363127,12,0.26755518821878504,0.34579296302611373,1002
2025-03-06,3.3108488003601186,2,0.19454655196922593,0.3401615935033053,1002
2025-03-07,3.3177756034235006,11,0.19402004160304143,0.3332215562619354,1002
2025-03-08,3.205035739231831,10,0.3,0.32614652770875596,1002
2025-03-09,3.2075267325751886,11,0.27287460193248775,0.31964291843449477,1002
2025-03-10,3.213488323697733,10,0.11869930607815861,0.3137357883304909,1002
2025-03-11,3.185857171319014,11,0.19809172795099544,0.3079040014129371,1002
2025-03-12,3.2392828486066008,6,0.24973700476865018,0.3016034108211519,1002
2025-03-13,3.3115021449177253,11,0.2506161287609846,0.29482941736963,1002
2025-03-14,3.0912611803365833,16,0.06141607228944171,0.28834627159868487,1002
2025-03-15,3.1571481625448694,15,0.2966603673097377,0.2833644144032639,1002
2025-03-16,3.0809190936911257,14,0.2985120131005417,0.28088324123730407,1002
2025-03-17,3.0796827614181463,12,0.17688679090776188,0.28106004573741183,1002
2025-03-18,3.26954127724147,11,0.20617408596552556,0.2830137305391286,1002
2025-03-19,3.120280444288647,12,0.26081703034147713,0.2851162350444144,1002
2025-03-20,3.1966726989078516,9,0.07717997683250474,0.2857062659150521,1002
2025-03-21,3.0333613306520144,12,0.10543970867272016,0.2838620076157903,1002
2025-03-22,3.138127923148456,20,0.11851162344157452,0.27987512320879027,1002
2025-03-23,3.258576499727015,12,0.10039761594751213,0.2751733013014875,1002
2025-03-24,3.0780524214321114,9,0.09979761060668496,0.2717354501594963,1002
2025-03-25,3.120461948303984,12,0.14127444600253378,0.27128642030147293,1002
2025-03-26,3.2075817611526642,9,0.243075867457729,0.2746595695156959,1002
2025-03-27,3.225914878272845,7,0.18859963029630025,0.2815329521848024,1002
2025-03-28,3.244526396363551,12,0.22665162880838444,0.29061227849863464,1002
2025-03-29,3.243362397949557,16,0.22968096771544508,0.3001374395606188,1002
2025-03-30,3.1650754626108486,19,0.1679971050570009,0.3085118306031552,1002
2025-03-31,3.1256795204049994,7,0.16414051716748712,0.31477880236788736,1002
2025-04-01,3.2196278461443097,9,0.23316257412181512,0.31873743279430317,1002
2025-04-02,3.130176015171617,6,0.051171541989823564,0.32069918215699456,1002
2025-04-03,3.2055330445388406,5,0.178187932645356,0.3210696398492613,1002
2025-04-04,3.0897775730321313,10,0.12523222272779774,0.3200940823257322,1002
2025-04-05,3.1465551184068596,11,0.2233900793378626,0.31789360507181436,1002
2025-04-06,3.257263239724237,16,0.1011247216198433,0.31467098153739426,1002
2025-04-07,3.2656117420567528,18,0.21053344766115686,0.31087685610792626,1002
2025-04-08,3.1809927653850103,20,0.2662987746025083,0.30713783185798277,1002
2025-04-09,3.154797716138631,14,0.18738205276356248,0.30399689235955063,1002
2025-04-10,3.4003625807449236,5,0.3,0.30160925929557514,1002
2025-04-11,3.080259215345534,7,0.25426483118009385,0.29961800271122374,1002
2025-04-12,3.1910882162782497,18,0.19219335073279611,0.29732344854788934,1002
2025-04-13,3.123137410842788,20,0.17051755322013007,0.2941344892696264,1002
2025-04-14,3.2124597789617275,10,0.24271578257177,0.28999619681007405,1002
2025-04-15,3.2385673474403127,16,0.1825979255956625,0.2855045465117985,1002
2025-04-16,3.2163424198918116,14,0.08077314112969677,0.2815890969983811,1002
2025-04-17,3.283978291126108,7,0.3,0.27898069434702966,1002
2025-04-18,3.340804572672203,12,0.24429675646711302,0.277830690029086,1002
2025-04-19,3.180697711104953,18,0.14237892148123069,0.2777608847462979,1002
2025-04-20,3.302033891258271,15,0.2465104161556565,0.2782711403387204,1002
2025-04-21,3.2486839728364507,14,0.11232721507941884,0.27916524083203786,1002
2025-04-22,3.1811221110236154,9,0.06200866731796115,0.2806147271069157,1002
2025-04-23,3.2173120875797983,9,0.12637472241864284,0.2828498615554105,1002
2025-04-24,3.3245461307412496,7,0.05,0.2857108579867772,1002
2025-04-25,3.0665692164377454,7,0.23377014661270143,0.28849033761446485,1002
2025-04-26,3.1162902604150013,18,0.1834932792731788,0.2902232338257921,1002
2025-04-27,3.315751913091444,16,0.155712845822067,0.29027353054359684,1002
2025-04-28,3.1765531813589742,12,0.24712771142575377,0.28875844804942286,1002
2025-04-29,3.1797047912092684,9,0.15243248064609327,0.2864823528394679,1002
2025-04-30,3.214760588943816,11,0.3,0.2844604165917425,1002
2025-05-01,3.0937675257643966,10,0.24759478545669955,0.28343658061504345,1002
2025-05-02,3.1674441080001623,11,0.23024036284230046,0.28371555799407905,1002
2025-05-03,3.082206046089958,9,0.1337544522262871,0.2853799353213225,1002
2025-05-04,3.283794767451514,12,0.19566349086729534,0.28852005355773014,1002
2025-05-05,3.2716275622937516,7,0.3,0.2932398070740835,1002
2025-05-06,3.322934741408529,12,0.2863385519555187,0.29942887355557124,1002
2025-05-07,3.229591492436414,11,0.07396940648652452,0.30651898818757695,1002
2025-05-08,3.223442889899181,6,0.3,0.31352356104353,1002
2025-05-09,3.2978813689060598,14,0.258205377503228,0.31932457347422916,1002
2025-05-10,3.221175083815956,12,0.16931010412572883,0.3230641744170464,1002
2025-05-11,3.30892852393115,24,0.11260963931894978,0.3244094809244209,1002
2025-05-12,3.198121789171424,10,0.2037535774556644,0.3236318002035756,1002
2025-05-13,3.1220516046565843,9,0.19790387412861848,0.3214572036832681,1002
2025-05-14,3.199848328973876,5,0.3,0.31873649259316655,1002
2025-05-15,3.1223207759081433,11,0.1041844534148421,0.31607326811563097,1002
2025-05-16,3.2635911741217454,14,0.19476261847937645,0.3136240258013715,1002
2025-05-17,3.2893399335426237,9,0.2539526755411136,0.31123608974661887,1002
2025-05-18,3.2743717615082564,19,0.07964503095110845,0.30879015051281616,1002
2025-05-19,3.085271551758952,11,0.20372488448904472,0.30652097128680833,1002
2025-05-20,3.229850254738331,14,0.3,0.3050122769937576,1002
2025-05-21,3.074893102263985,10,0.05646235079852879,0.3049204530746907,1002
2025-05-22,3.288767934055043,18,0.10351259073725921,0.3065440929634239,1002
2025-05-23,3.1444308649055,12,0.08746955994714072,0.3095814131432084,1002
2025-05-24,3.148784436144039,23,0.16333236700216583,0.3131487656993992,1002
2025-05-25,3.1895531506194192,16,0.2949100955517585,0.3161806420110657,1002
2025-05-26,3.213598177725484,14,0.3,0.31794551101527185,1002
2025-05-27,3.1048350462710106,10,0.3,0.3184128160958063,1002
2025-05-28,3.1819190059971474,11,0.23628814404487294,0.3181918788531082,1002
2025-05-29,3.169272629821362,12,0.19983078399654058,0.31805480663781843,1002
2025-05-30,3.2032068119776853,6,0.20585334819134163,0.3183783149208477,1002
2025-05-31,3.1544645768009008,11,0.2767195870261933,0.318886925674346,1002
2025-06-01,3.2773174896670625,16,0.10285997321519881,0.3188759187984377,1002
2025-06-02,3.167633612055453,5,0.1408053936368987,0.31763491991882176,1002
2025-06-03,3.128297234953868,18,0.3,0.3147913588973742,1002
2025-06-04,3.3928487171026047,15,0.21524827664367052,0.31038699644861767,1002
2025-06-05,3.2004782658432736,9,0.10522810448520262,0.30483295955439904,1002
2025-06-06,3.1619072454305406,11,0.10339501591260192,0.2988837854500511,1002
2025-06-07,3.1844994235997266,15,0.119265625400528,0.29367208472863093,1002
2025-06-08,3.0874087663083,11,0.1286588699705013,0.2905621338434945,1002
2025-06-09,3.196693640409554,14,0.08367779365815449,0.2907179107019706,1002
2025-06-10,3.2003352457138057,9,0.2814616960079568,0.2944993334041602,1002
2025-06-11,3.142611032630534,6,0.1276991571755332,0.3010619415919314,1002
2025-06-12,3.305759023347911,3,0.06554533817092659,0.30855712036798355,1002
2025-06-13,3.2357906232397746,11,0.23418023699246762,0.3148660964506579,1002
2025-06-14,3.27364397923386,7,0.097490339359925,0.31851923421805367,1002
2025-06-15,3.2227538538312817,14,0.18060869463375512,0.3192447259682678,1002
2025-06-16,3.2304014193786834,7,0.23167649333443835,0.31791908795427043,1002
2025-06-17,3.2599086890622897,9,0.3,0.3160157670236431,1002
2025-06-18,3.248622726499591,11,0.13173618563334663,0.314954533771464,1002
2025-06-19,3.0740721377313203,6,0.14146522899952432,0.3155871079987816,1002
2025-06-20,3.251097684138066,11,0.1664659023630858,0.31800462245195527,1002
2025-06-21,3.344890425741528,10,0.12296415547218367,0.32158803255404295,1002
2025-06-22,3.069716799930018,28,0.18502729006164687,0.3252682072373389,1002
2025-06-23,3.1165833905637066,7,0.14555611687294567,0.3279111621028246,1002
2025-06-24,3.2639927517719856,3,0.1837371078350438,0.3286878582331305,1002
2025-06-25,3.2508930590263008,9,0.1929259621060869,0.32725848732195456,1002
2025-06-26,3.1538269086842035,6,0.11592778265209942,0.3237413973503916,1002
2025-06-27,3.24639116440452,10,0.11817374832954815,0.31857983535266265,1002
2025-06-28,3.261417206325303,14,0.24964913106415304,0.3124366637428227,1002
2025-06-29,3.1891950077405156,12,0.21261813535754448,0.30614044416692154,1002
2025-06-30,3.234315844764963,9,0.07906355118660534,0.30061558471575983,1002
2025-07-01,3.2393090840262913,7,0.1992089064751827,0.2966987301524716,1002
2025-07-02,3.1545201939826337,15,0.3,0.2949505135513605,1002
2025-07-03,3.233898384579742,16,0.23651957732483506,0.2955615291860208,1002
2025-07-04,3.26367058447547,7,0.16714807966578288,0.2983631705371161,1002
2025-07-05,3.2116558427434487,7,0.3,0.3028996998981209,1002
2025-07-06,3.2958941575712717,12,0.06685321315383956,0.30847775732219496,1002
2025-07-07,3.336034648604896,7,0.26466505182352973,0.31417801870518214,1002
2025-07-08,3.195762348877327,7,0.24098495351123378,0.31899636904065154,1002
2025-07-09,3.2116204905111796,9,0.05055105908185856,0.3221035816454117,1002
2025-07-10,3.213519808528611,5,0.2301108219333035,0.3231453851028836,1002
2025-07-11,3.3017724358553133,10,0.07993408699222657,0.32241529533468427,1002
2025-07-12,3.2517461901380633,20,0.27413266456472696,0.32075565986508303,1002
2025-07-13,3.217069997033605,22,0.25953156818564505,0.31914070797470667,1002
2025-07-14,3.128262968446328,10,0.15194735309111856,0.3181665979202525,1002
2025-07-15,3.1256210475071646,9,0.13873431231960073,0.3177360447952299,1002
2025-07-16,3.166583311595187,10,0.3,0.317157430372453,1002
2025-07-17,3.1800534715775224,3,0.1921815451858269,0.31561569655268545,1002
2025-07-18,3.300601482295094,3,0.2529789943805952,0.3127439685089055,1002
2025-07-19,3.1096701492501664,19,0.0533177859523783,0.30894929108931923,1002
2025-07-20,3.214907797947328,16,0.1994401534813381,0.30533589222133456,1002
2025-07-21,3.141125728656291,6,0.1552907232361494,0.3032243805222493,1002
2025-07-22,3.176618930922168,7,0.14252331777067456,0.3035561494963751,1002
2025-07-23,3.25019426858392,3,0.25100468631244627,0.3064430116627534,1002
2025-07-24,3.215073320550916,9,0.2043189417071621,0.3111074153207024,1002
2025-07-25,3.2504450392937625,10,0.22586454577938425,0.31620260245978143,1002
2025-07-26,3.1214775603554745,15,0.28645219679313083,0.32036719220502324,1002
2025-07-27,3.0602511152538554,19,0.3,0.32267956741530646,1002
2025-07-28,3.19844177948863,12,0.09631367897904597,0.32285215712249254,1002
2025-07-29,3.356201597263717,14,0.23050051986665487,0.32117681955737,1002
2025-07-30,3.2565721648137416,16,0.16961631974875052,0.3183107520414211,1002
2025-07-31,3.1744706376971394,16,0.1977070157390755,0.31507964491711826,1002
2025-08-01,2.944098014247481,6,0.09229699107721503,0.3123212388727692,1002
2025-08-02,3.026466487527374,14,0.05137360743282933,0.3106690035769525,1002
2025-08-03,3.158272470825612,23,0.10978588735229684,0.3102971930104118,1002
2025-08-04,3.1683095335975375,5,0.2519786095156606,0.3107604184020897,1002
2025-08-05,3.213698704100547,12,0.10990770871087381,0.31111183279558,1002
2025-08-06,3.1610430247656307,5,0.3,0.31027449369530136,1002
2025-08-07,3.2354301123598397,14,0.05,0.30753622796962315,1002
2025-08-08,3.4025290534944808,9,0.20858504084944413,0.3028403007608751,1002
2025-08-09,3.212136389444825,20,0.23539414051152088,0.2967476564193443,1002
2025-08-10,3.0410163745979557,11,0.15853874072052584,0.29018346786621474,1002
2025-08-11,3.1764381143410905,5,0.12424524046424872,0.2840747462509743,1002
2025-08-12,3.251255879030682,14,0.21085633455255362,0.279095773554717,1002
2025-08-13,3.0811283345753737,10,0.3,0.27558371847041285,1002
2025-08-14,3.242113647958893,2,0.17009860260667212,0.27359581940521743,1002
2025-08-15,3.1391182207691433,19,0.08514129563301154,0.2730579907642249,1002
2025-08-16,3.120117451264515,20,0.3,0.27384447105399334,1002
2025-08-17,3.263350081208366,16,0.12521206780731892,0.275791304342856,1002
2025-08-18,3.2090850622889455,7,0.20540705958524622,0.2785807852355671,1002
2025-08-19,3.158710143670739,15,0.2292446344281925,0.28167840861702403,1002
2025-08-20,3.2391559015681395,11,0.13382845150957617,0.28441717608651423,1002
2025-08-21,3.171036355536328,14,0.23048761375397925,0.2862675783061742,1002
2025-08-22,3.1720315340833802,9,0.2677518394327306,0.2871401915039525,1002
2025-08-23,3.2650709086569525,12,0.2298157440899348,0.28752239610533714,1002
2025-08-24,3.0752538954032316,22,0.23997083503073302,0.28837107906070425,1002
2025-08-25,3.2697677259046243,14,0.24181684846471954,0.29076802794468587,1002
2025-08-26,3.2618663799153995,11,0.13183522744613566,0.2954544429557546,1002
2025-08-27,3.149162881954482,10,0.1527748329407277,0.30240170827297774,1002
2025-08-28,3.140218261485868,9,0.09756441308602166,0.310586036255131,1002
2025-08-29,3.384538440374945,11,0.2026918894342982,0.31810152533552466,1002
2025-08-30,3.156253770405862,16,0.16007342526967405,0.3227407077209786,1002
2025-08-31,3.255007956434867,18,0.24698562870887178,0.32287747909442244,1002
2025-09-01,3.35314428388958,11,0.06601754602277252,0.31827215648630514,1002
2025-09-02,3.2323734174263263,10,0.2594543509545395,0.31026802233337714,1002
2025-09-03,3.058464967216788,9,0.25252335156931716,0.3012320397562099,1002
2025-09-04,3.2154137770555056,7,0.26516819972883543,0.2934714116588271,1002
2025-09-05,3.1598867210413975,6,0.14414390407818456,0.2883441711313624,1002
2025-09-06,3.2372244490260607,11,0.3,0.2860510838787981,1002
2025-09-07,3.1692671710917346,20,0.28597613958200124,0.2861234309784362,1002
2025-09-08,3.1785510345795105,6,0.13222469151834,0.288095631633998,1002
2025-09-09,3.119953982329306,9,0.3,0.29179574917094625,1002
2025-09-10,3.3440620879849052,10,0.2371405329419026,0.29710189684590327,1002
2025-09-11,3.2122660693600373,9,0.12297423794469638,0.3034844084986802,1002
2025-09-12,3.1861645283287374,7,0.15380118566067852,0.3098529081192922,1002
2025-09-13,3.2520160200142105,11,0.23896421574942514,0.3148617225052706,1002
2025-09-14,3.0710198500563033,19,0.19577094050504584,0.3175288908466702,1002
2025-09-15,3.1834385809971653,10,0.09367856570457057,0.317735118344996,1002
2025-09-16,3.3986003981595845,10,0.21886007383275052,0.31625103064493554,1002
2025-09-17,3.096288389054871,6,0.18757199315706466,0.31428365059381025,1002
2025-09-18,3.1016817377364823,22,0.27433358754420434,0.3128118667183954,1002
2025-09-19,3.209811821257852,19,0.09236468917016595,0.31214349820020715,1002
2025-09-20,3.1249694800026058,14,0.14471871831977856,0.31190183445518477,1002
2025-09-21,3.1530211442375404,18,0.11027006869060968,0.31136822326024893,1002
2025-09-22,3.1091482273156577,6,0.20658149010997948,0.3098939933119375,1002
2025-09-23,3.170445731209601,12,0.24323697929784338,0.3072142690547504,1002
2025-09-24,3.13953688381462,15,0.2614595108677221,0.30354449582822807,1002
2025-09-25,3.214430564054548,3,0.19404937613934456,0.29955153448219446,1002
2025-09-26,3.17115317932643,10,0.27068880120315103,0.29607480884768334,1002
2025-09-27,3.306165141589836,16,0.27080754269671636,0.29373901575013633,1002
2025-09-28,3.229559040712974,24,0.1565209031007662,0.29257818116133727,1002
2025-09-29,3.2444696659005743,9,0.1917050394384519,0.2920215311043338,1002
2025-09-30,3.1897369842175163,12,0.09470512665105042,0.2913348064398523,1002
2025-10-01,3.069125601664255,10,0.3,0.2902230869925644,1002
2025-10-02,3.225244951910418,6,0.3,0.289087936825202,1002
2025-10-03,3.355075333413675,10,0.2266592658391353,0.2886916166657235,1002
2025-10-04,3.1139459878839375,12,0.3,0.28945357016417694,1002
2025-10-05,3.277310710126591,16,0.18166784957171028,0.29097471588952073,1002
2025-10-06,3.328668828895224,11,0.19617776507478413,0.2922029436282874,1002
2025-10-07,3.1943587062334866,7,0.19253553144010258,0.2921682842601099,1002
2025-10-08,3.048049270628348,10,0.0868997297655299,0.2907499559273957,1002
2025-10-09,3.1584971209195096,10,0.27027611170643884,0.2888501159938775,1002
2025-10-10,3.3566227186359874,5,0.25770629911908316,0.2878042789219137,1002
2025-10-11,3.2035584217989523,25,0.3,0.2884282898558549,1002
2025-10-12,3.272348375732461,11,0.3,0.2903925685474691,1002
2025-10-13,3.248392631778786,12,0.3,0.2924161440138518,1002
2025-10-14,3.135018427525754,15,0.1636354915930166,0.29306361439307793,1002
2025-10-15,3.267631143920537,6,0.3,0.2915969096520808,1002
2025-10-16,3.208293854945666,10,0.21218082120258214,0.2882400264377769,1002
2025-10-17,3.274449209311141,11,0.16511444786078566,0.28384726479720285,1002
2025-10-18,3.113642217403429,10,0.3,0.27934195940472256,1002
2025-10-19,3.1832177840087477,22,0.13097657004858232,0.2753890259796845,1002
2025-10-20,3.197673835524399,12,0.3,0.2724006813609775,1002
2025-10-21,3.074402021864494,6,0.20486469115553643,0.27070615620184957,1002
2025-10-22,3.214897584864761,15,0.3,0.2706003881126719,1002
2025-10-23,3.0939084689284027,6,0.23587122527749568,0.2722786922711964,1002
2025-10-24,3.0737544296006565,6,0.15258471092116807,0.27570350986811565,1002
2025-10-25,3.201576241427975,10,0.17153259663741424,0.2804884133479153,1002
2025-10-26,3.231486670490896,15,0.22029625126019434,0.2858248490859734,1002
2025-10-27,3.187004809766499,5,0.1255835129380031,0.2905280786020321,1002
2025-10-28,3.0588812460208246,5,0.3,0.29325272790501294,1002
2025-10-29,3.201296965192153,7,0.21184492423059864,0.29292366810857107,1002
2025-10-30,3.3716902978960848,11,0.3,0.28921415638132586,1002
2025-10-31,3.237185537728477,12,0.21094645711238563,0.28280202617892664,1002
2025-11-01,3.1683224049756062,15,0.3,0.27520511550819265,1002
2025-11-02,3.0606166774264603,9,0.3,0.2682604858059665,1002
2025-11-03,3.110404322016002,11,0.1721756379653692,0.2635476800623644,1002
2025-11-04,3.3032227489001342,7,0.19497550998476607,0.261948909933037,1002
2025-11-05,3.2302235543902706,6,0.2997693605906684,0.26353876463576,1002
2025-11-06,3.210778677600088,9,0.19667717456301462,0.26773742827447883,1002
2025-11-07,3.22894786472552,9,0.15840033253239472,0.2736044768358716,1002
2025-11-08,3.1967234253885493,11,0.2901546216257058,0.28017235916534805,1002
2025-11-09,3.2051671932436805,19,0.2555444872957542,0.2866537403790759,1002
2025-11-10,3.080274998859046,6,0.15050891006747172,0.29255310583878646,1002
2025-11-11,3.1479196779747283,7,0.3,0.2976458914303989,1002
2025-11-12,3.106131891299679,9,0.1248643360789258,0.3019272723045236,1002
2025-11-13,3.1641728615244475,3,0.10666583615145131,0.3055333147131492,1002
2025-11-14,3.0164004465943552,11,0.22974453014794077,0.308588787836558,1002
2025-11-15,3.2333596818979884,10,0.3,0.31104026743210156,1002
2025-11-16,3.223109203067629,18,0.29218288909197765,0.31252509949555585,1002
2025-11-17,3.173823667712252,7,0.3,0.31237227092963465,1002
2025-11-18,3.1995429739569676,6,0.11299921240624171,0.3098555992104901,1002
2025-11-19,3.1036066951837467,12,0.3,0.3045801118495825,1002
2025-11-20,3.160768234612095,6,0.1416113584124773,0.296820667336184,1002
2025-11-21,3.1120455772413194,10,0.3,0.28761040895277107,1002
2025-11-22,3.2688063777611744,5,0.28907845706392105,0.27854294399290425,1002
2025-11-23,3.1753466211188495,5,0.3,0.2713212692963549,1002
2025-11-24,3.2013072291341196,11,0.20044583041309735,0.2672219099223023,1002
2025-11-25,3.218564136944214,7,0.07248080260468795,0.26664750318354047,1002
2025-11-26,3.2507987820299866,11,0.20665212270162303,0.2689326902580049,1002
2025-11-27,3.2250283646480216,5,0.1985302882436197,0.27254622213465524,1002
2025-11-28,3.1768025951003023,7,0.12195305554426386,0.2757117267744559,1002
2025-11-29,3.1956177739780123,5,0.3,0.27721929736239426,1002
2025-11-30,3.109360330062913,23,0.26824742389011963,0.2770012420872399,1002
2025-12-01,3.1067295209078325,11,0.14252289013315794,0.2760903680982475,1002
2025-12-02,3.2392921246432995,11,0.3,0.27599201131152884,1002
2025-12-03,3.0956507795401538,2,0.14972517218767045,0.2777748453309785,1002
2025-12-04,3.1515035164036225,12,0.14003102803129747,0.2814676076805567,1002
2025-12-05,3.2601215527146974,6,0.10192213133437122,0.28600860091763397,1002
2025-12-06,3.218687121698659,15,0.1891446214090665,0.2897934327229424,1002
2025-12-07,3.3074206430684967,11,0.2029073959010395,0.2914283643571374,1002
2025-12-08,3.338924530143004,14,0.1124650306774329,0.29037314272923276,1002
2025-12-09,3.1375950107936488,5,0.26495146649261253,0.2871548792372091,1002
2025-12-10,3.3105620574409556,7,0.20166313987880233,0.283065362307432,1002
2025-12-11,3.246349593165062,6,0.3,0.27951985803327983,1002
2025-12-12,3.2483192261926597,6,0.1492866981785165,0.2774050636613172,1002
2025-12-13,3.306268723399942,20,0.07664638658887526,0.2767103959573157,1002
2025-12-14,3.2027326904038467,14,0.3,0.27668263314063707,1002
2025-12-15,3.183822060474762,11,0.20795797438417715,0.27644210098248656,1002
2025-12-16,3.2107373936097945,15,0.19104261622893143,0.275685375692516,1002
2025-12-17,3.2327022798814498,14,0.08449511982384614,0.2750565692345393,1002
2025-12-18,3.300077607117186,10,0.3,0.2758920198259523,1002
2025-12-19,3.2470961381041255,10,0.3,0.27941240426523084,1002
2025-12-20,3.218036457455562,15,0.15150605016265756,0.28589148772443834,1002
2025-12-21,3.1876130435425263,19,0.2383158281181234,0.29437738547591835,1002
2025-12-22,3.184059454819498,10,0.15975209384662314,0.3031277437801668,1002
2025-12-23,3.1172613767710424,11,0.1939083101101915,0.31043343380588717,1002
2025-12-24,3.2699334097584805,16,0.2355692352524243,0.31529943607273503,1002
2025-12-25,3.2567041912037493,14,0.13418200804262384,0.317589417655609,1002
2025-12-26,3.3082158800099286,10,0.1283563465565207,0.31776733404485685,1002
2025-12-27,3.3484705518394944,14,0.2341343418653676,0.31653255856906837,1002
2025-12-28,3.188793188344078,16,0.11949656490758724,0.3146050477275171,1002
2025-12-29,3.3097499995908746,14,0.3,0.31262608874334935,1002
2025-12-30,3.29586840467832,14,0.1742887710206495,0.31107473701100424,1002
2025-12-31,3.241304485485723,11,0.14896495121262682,0.31017293483952263,1002
2026-01-01,3.189491848158034,9,0.2041683578176351,0.30993276860822727,1002
2026-01-02,3.1274661366958667,5,0.19483001367764663,0.3102644076448615,1002
2026-01-03,3.294488304901258,18,0.10727035764759228,0.31103160935394625,1002
2026-01-04,3.206335152385426,12,0.3,0.3119622782866629,1002
2026-01-05,3.2862135840988156,7,0.12734494706171462,0.3125079766068632,1002
2026-01-06,3.1296524832192176,9,0.23460746261268012,0.31192078804781653,1002
2026-01-07,3.1370437023948248,12,0.3,0.309641192974594,1002
2026-01-08,3.1734997413034542,9,0.3,0.3057122824186551,1002
2026-01-09,3.3673331988614956,10,0.3,0.3009169518306751,1002
2026-01-10,3.1360936954858665,16,0.272328079367368,0.29644548949349797,1002
2026-01-11,3.073738171330247,14,0.15039079860173046,0.2932974227581184,1002
2026-01-12,3.0719217421801157,14,0.15010060152242727,0.2918104141754506,1002
2026-01-13,3.2386450098327337,9,0.13991840325338303,0.2915829561160123,1002
2026-01-14,3.157019769106437,10,0.16394583174515773,0.2918160688524205,1002
2026-01-15,3.142213872816466,7,0.10681921245442973,0.2918182864597763,1002
2026-01-16,3.061341242911477,10,0.12470665935296804,0.29137603741853946,1002
2026-01-17,3.156479103980234,14,0.24626197589220297,0.2908015053395683,1002
2026-01-18,3.230956678905716,23,0.18105420505354197,0.29060626648562954,1002
2026-01-19,3.1879266721954442,9,0.15444181290708547,0.291102439038549,1002
2026-01-20,3.1123775505650784,6,0.11126373729634244,0.29215067614170803,1002
2026-01-21,3.1082416629163623,2,0.20573066929966638,0.2932332319605094,1002
2026-01-22,3.0874108789425665,6,0.2830103213649229,0.29376078602840705,1002
2026-01-23,3.1383852148253824,2,0.12472987538374714,0.29342649347462585,1002
2026-01-24,3.258733888020465,10,0.13767994729022626,0.2923850288218068,1002
2026-01-25,3.033887760796147,10,0.11362127066909151,0.29112187427906916,1002
2026-01-26,3.387496103834194,7,0.05,0.2901132888184509,1002
2026-01-27,3.182473912467717,9,0.22903312378079357,0.28951769506918024,1002
2026-01-28,3.330459819033875,5,0.18228332480522427,0.28910683005254434,1002
2026-01-29,3.1307072839687504,14,0.12695436666491486,0.2885394763162001,1002
2026-01-30,3.2176041798272217,6,0.11308629100643684,0.28778513410688933,1002
2026-01-31,3.2201777031176517,14,0.06052021560150598,0.28735564196085456,1002
2026-02-01,3.2691402639103604,9,0.3,0.28816987775294295,1002
2026-02-02,3.07897025513406,7,0.1584491009103255,0.29101886468060667,1002
2026-02-03,3.182482935198465,12,0.3,0.29595807364523224,1002
2026-02-04,3.268879159354463,12,0.25305681537562585,0.30203559023367976,1002
2026-02-05,3.148081443749067,10,0.19654890182540263,0.3075306705923202,1002
2026-02-06,3.286046486554122,7,0.18738819578329735,0.3106743336151043,1002
2026-02-07,3.1968828418614317,9,0.12611539403509983,0.3104739479852576,1002
2026-02-08,3.185014492220287,10,0.22470792362699493,0.307148205575252,1002
2026-02-09,3.3020288187474134,7,0.10785308447217004,0.30200220768705965,1002
2026-02-10,3.0973636386326238,9,0.2929991777119624,0.29676173824042384,1002
2026-02-11,3.1682204353617607,7,0.11431144617955158,0.2927850175293018,1002
2026-02-12,3.20876536345331,12,0.06817721537439729,0.2906207543884757,1002
2026-02-13,3.1218437304664906,2,0.05,0.2900102014882876,1002
2026-02-14,3.0755620984912126,10,0.29006114604788835,0.2902771186503263,1002
2026-02-15,3.07659582936365,7,0.3,0.29074415826830374,1002
2026-02-16,3.193794093236902,6,0.22774048204809072,0.2910153195591065,1002
2026-02-17,3.2811671383126146,7,0.08998390397130185,0.2909836680892129,1002
2026-02-18,3.0639116479789097,5,0.21398347509452653,0.29075942217208856,1002
2026-02-19,3.114216930375277,9,0.22908642898375306,0.290550069728221,1002
2026-02-20,3.2578381011178372,12,0.16706016919761543,0.29056289770632204,1002
2026-02-21,3.1211757925999595,12,0.3,0.2909201707429385,1002
2026-02-22,3.192431944176973,14,0.3,0.2916260368963403,1002
2026-02-23,3.183992573362493,12,0.12812394919623843,0.2925073628889571,1002
2026-02-24,3.202782728830153,11,0.14932276960369945,0.29326301606883753,1002
2026-02-25,3.26106529610288,23,0.13244309341950536,0.29352637334536397,1002
2026-02-26,3.328084107972485,7,0.10704707211167588,0.29298058333267196,1002
2026-02-27,3.3466487951824857,7,0.07924129446176068,0.29153471986277113,1002
2026-02-28,3.104824801947908,16,0.26372023306340026,0.2894172503851533,1002
2026-03-01,3.2041604678519806,11,0.14735535993545396,0.2871800586300355,1002
2026-03-02,3.2346676145315367,3,0.17303316703768062,0.2855247634289955,1002
2026-03-03,3.025305075594227,11,0.19736112948155593,0.2850374378014857,1002
2026-03-04,3.241205426965752,9,0.22161423113431744,0.28592508902863784,1002
2026-03-05,3.0652444630342965,11,0.05352503700088116,0.2879235068331868,1002
2026-03-06,3.2799996939725937,11,0.2121751602014645,0.29037050531969283,1002
2026-03-07,3.0646530197428548,16,0.237105180987128,0.29250975075472496,1002
2026-03-08,3.211202837951663,16,0.13462656104391588,0.2939190483854192,1002
2026-03-09,3.2386162929607902,19,0.22457256245191,0.2948415059387901,1002
2026-03-10,3.193326610184789,6,0.3,0.29618551473108645,1002
2026-03-11,3.2657926488176945,11,0.3,0.29904381136127184,1002
2026-03-12,3.158477478110738,9,0.07548449312036577,0.30394623993427605,1002
2026-03-13,3.1923331221848197,6,0.16755655067097036,0.3103141016601114,1002
2026-03-14,3.189775476161664,14,0.3,0.31654966381156596,1002
2026-03-15,3.292958243336996,12,0.24228902132079444,0.32072296441709647,1002
2026-03-16,3.1323485366414077,14,0.2307055960953064,0.32149187192699424,1002
2026-03-17,3.2238801937256842,12,0.1190441605867692,0.31877609615320984,1002
2026-03-18,3.2983088097979407,11,0.09142489136428836,0.3138790191558241,1002
2026-03-19,3.356274721208098,6,0.185657835933139,0.308942128023733,1002
2026-03-20,3.1019000605384512,12,0.11025431473725875,0.3060712311603243,1002
2026-03-21,3.2906762320849996,18,0.21408681571966606,0.3064072137225854,1002
2026-03-22,3.22794207972393,18,0.3,0.3097045225812512,1002
2026-03-23,3.2578886692610762,12,0.19988106347305204,0.31457950442174853,1002
2026-03-24,3.2191453562187333,18,0.11430843767900323,0.31924861440221514,1002
2026-03-25,3.2933982270717888,9,0.3,0.32232475008746253,1002
2026-03-26,3.14017832390587,12,0.09607754457258905,0.32320768925566823,1002
2026-03-27,3.165964559083032,16,0.22110574961739823,0.3220182001459407,1002
2026-03-28,3.1967867640684045,18,0.19532164561694135,0.3192804277490366,1002
2026-03-29,3.2340147357939606,18,0.3,0.31564246252811906,1002
2026-03-30,3.2098590172892383,14,0.26888693175407874,0.3117032272210247,1002
2026-03-31,3.1100199790723733,10,0.11406419289356415,0.3079321166618279,1002
2026-04-01,3.209392157651092,9,0.1303725470510451,0.3045686102482378,1002
2026-04-02,3.1956476631684336,10,0.06337082656325144,0.30152531689125095,1002
2026-04-03,3.3771331273803993,15,0.3,0.2983913557808905,1002
2026-04-04,3.265352816652337,16,0.3,0.29455766394565475,1002
2026-04-05,3.3381579782861115,14,0.20953039827816367,0.2895148535321081,1002
2026-04-06,3.295030564015665,9,0.2632508938837154,0.28322283603418574,1002
2026-04-07,3.1485195373472314,10,0.2012356049583805,0.27633877514441474,1002
2026-04-08,3.17658890032067,11,0.22177950032730348,0.27012913570262215,1002
2026-04-09,3.183834538557854,10,0.11234310123619239,0.266019007896268,1002
2026-04-10,3.1126505219201204,9,0.1240821941323675,0.26500718376158844,1002
2026-04-11,3.1898765103535873,12,0.27512953628057,0.26718427882417,1002
2026-04-12,3.1892377988644847,14,0.19212081443580037,0.27164624741922927,1002
2026-04-13,3.094332938862082,5,0.24734333103229322,0.27685596717615013,1002
2026-04-14,3.2650147636994737,15,0.3,0.28122337673575537,1002
2026-04-15,3.1312096039716213,7,0.07848433717580289,0.28370644264507694,1002
2026-04-16,3.215108379430506,12,0.2132911709385163,0.28417075727119906,1002
2026-04-17,3.250952748577399,10,0.18659158127387904,0.2833426377088427,1002
2026-04-18,3.249331149190295,27,0.09521669814870795,0.28242835561153606,1002
2026-04-19,3.2480886380542167,11,0.3,0.2825487111042406,1002
2026-04-20,3.2706597327349596,9,0.1887974399946863,0.28427882870862786,1002
2026-04-21,3.0861954842456227,11,0.11572863522104852,0.28752811849119125,1002
2026-04-22,3.2970290893174505,10,0.18239519625529033,0.29176851576378326,1002
2026-04-23,3.1807018330850934,5,0.08853492073893378,0.29642594577138504,1002
2026-04-24,3.379078532072351,5,0.23462116648187942,0.30119711643036806,1002
2026-04-25,3.335981027452843,15,0.17605420884501957,0.3060647431441756,1002
2026-04-26,3.2529021938526204,22,0.1874830049182243,0.3110240901710744,1002
2026-04-27,3.0507791600931786,6,0.14518958943476445,0.31577677563434636,1002
2026-04-28,3.151614381431666,6,0.12553558481315158,0.31960311062486235,1002
2026-04-29,3.116318445431807,11,0.20987947905173274,0.3215955915947333,1002
2026-04-30,3.0703362804262686,14,0.08706271341615227,0.32104928781712677,1002
2026-05-01,3.1165278117715345,10,0.25151305543111074,0.3178308233858754,1002
2026-05-02,3.311944096720475,16,0.18660129948903756,0.31254980973482127,1002
2026-05-03,3.256499875410498,23,0.10663121545699163,0.3064695222291959,1002
2026-05-04,3.0751635626363316,22,0.22291973306677815,0.3011776129242094,1002
2026-05-05,3.310390817461956,12,0.1476016488411002,0.29808113209664855,1002
2026-05-06,3.1896772892129386,15,0.07694051352489935,0.2979418110008619,1002
2026-05-07,3.197733865593597,12,0.09781196391300548,0.300577843452688,1002
2026-05-08,3.365481069186365,7,0.25385388903359446,0.30493895313510133,1002
2026-05-09,3.061246796153794,18,0.12064235462927418,0.30949434330684034,1002
2026-05-10,3.289802860607578,24,0.27208065704405404,0.3127943102037319,1002
2026-05-11,3.1740996519714355,6,0.11712445857243294,0.31390138173676096,1002
2026-05-12,3.2640926487688833,6,0.06128974114083167,0.3126215659605065,1002
2026-05-13,3.2183625184504026,15,0.07541111939360093,0.3094354318865552,1002
2026-05-14,3.1989279671117687,9,0.15718636916420944,0.3052271350154041,1002
2026-05-15,3.3372472916865434,9,0.1449111968878509,0.30094867795016256,1002
2026-05-16,3.19787726944265,28,0.2087354871128969,0.2973545114247832,1002
2026-05-17,3.1192394480870833,20,0.3,0.29489904613443013,1002
2026-05-18,3.2503243506559762,9,0.3,0.29375283585527884,1002
2026-05-19,3.224536871792222,15,0.29388600975567886,0.29376108401447976,1002
2026-05-20,3.3037756546868633,12,0.11386542300376518,0.29436693220090643,1002
2026-05-21,3.2544122473820765,7,0.11463724148784707,0.2946391457924301,1002
2026-05-22,3.264294255324401,15,0.28198996123472814,0.2935513405044785,1002
2026-05-23,3.168579332746347,12,0.13416573775568655,0.2905273762272025,1002
2026-05-24,3.137233019956852,10,0.17260396234437875,0.2859357943566564,1002
2026-05-25,3.22999498917363,9,0.05,0.28117648573998255,1002
2026-05-26,3.176519091184587,11,0.18029314961698936,0.2781920838628438,1002
2026-05-27,3.2056450274638126,5,0.18652721378391188,0.27858732871609226,1002
2026-05-28,3.08071500634379,6,0.3,0.2828397919245734,1002
2026-05-29,3.4276321165481103,7,0.27505097975628584,0.28999568429248146,1002
2026-05-30,3.194120165637232,7,0.1227693135745478,0.2980083232412821,1002
2026-05-31,3.0172225283132104,15,0.27170965589214036,0.3045124622330769,1002
2026-06-01,3.274108515734267,3,0.2085495564226886,0.30771174487600117,1002
2026-06-02,3.2364350605302774,14,0.1873349701150279,0.30695145302804383,1002
2026-06-03,3.287538747905322,15,0.1596404280663461,0.30282953790661904,1002
2026-06-04,3.2501804180707,16,0.18189511277277245,0.2968708476718094,1002
2026-06-05,3.171879953100529,12,0.12765378621255175,0.2909983046618548,1002
2026-06-06,3.2332589054368155,16,0.2745911455090248,0.28698848270453453,1002
2026-06-07,3.118458981032332,12,0.18808759127093258,0.28609590452729555,1002
2026-06-08,3.2217530038917936,10,0.11827002126389582,0.28881997861984554,1002
2026-06-09,3.1244550892531326,10,0.18618505813030595,0.29483717502142215,1002
2026-06-10,3.095526351238691,7,0.22333564037045373,0.30304329758643483,1002
2026-06-11,3.1892134890082384,18,0.16472564590143396,0.311836908977252,1002
2026-06-12,3.1906367366713786,9,0.2152437522846924,0.31953691761716063,1002
2026-06-13,3.114103780156902,15,0.12295738329858086,0.32483041556241365,1002
2026-06-14,3.0864944449850187,12,0.16939606466241475,0.3270555032448243,1002
2026-06-15,3.2943837559836755,7,0.12182034465636433,0.3262018643418738,1002
2026-06-16,3.194024398671375,2,0.17134304812503856,0.32277030482035113,1002
2026-06-17,3.275987428658838,6,0.3,0.3176273452631495,1002
2026-06-18,3.3404821681042374,9,0.278366417235277,0.31190887646745974,1002
2026-06-19,3.3949903291384116,10,0.15678276347937328,0.3069011601245607,1002
2026-06-20,3.119597253778747,12,0.05623201952151016,0.30378405026883454,1002
2026-06-21,3.2124194158161625,16,0.22557418460415374,0.3033095850452865,1002
2026-06-22,3.2836265088788203,9,0.3,0.3055171776894365,1002
2026-06-23,3.2149138093736647,11,0.3,0.309674965826762,1002
2026-06-24,3.1933630244357336,10,0.252893584828572,0.31446581193766354,1002
2026-06-25,3.1722181623807444,11,0.21250734334674976,0.3184215206108144,1002
2026-06-26,3.2067254029686523,7,0.11303745544982666,0.32042926332898736,1002
2026-06-27,3.313891681712021,14,0.29318398145097807,0.32013032498617877,1002
2026-06-28,3.2027041533326925,14,0.1715894958112695,0.3180000641157633,1002
2026-06-29,3.1223434628381685,18,0.3,0.31505911402368386,1002
2026-06-30,3.299213886448246,7,0.14834637554574517,0.31241981165170085,1002
2026-07-01,3.209751357440236,9,0.12281278476473637,0.3108985461064129,1002
2020-01-01,3.358837898363333,10,0.21935128482529848,0.0,1003
2020-01-02,3.337094015980506,5,0.3608036314333943,0.0,1003
2020-01-03,3.2838493065326575,15,0.165509197769353,0.0,1003
2020-01-04,3.29493128962771,8,0.31435771654213285,0.0,1003
2020-01-05,3.305521751003937,10,0.34213652824584034,0.0,1003
2020-01-06,3.3237595343513453,5,0.15949410797706992,0.0,1003
2020-01-07,3.2382134685137407,7,0.2625695409804349,0.0,1003
2020-01-08,3.289564918850225,5,0.2307621982446805,0.0,1003
2020-01-09,3.3058592879222974,8,0.4,0.0,1003
2020-01-10,3.3295120391378266,6,0.294965454833014,0.0,1003
2020-01-11,3.3230187594813203,9,0.21921210358013057,0.0,1003
2020-01-12,3.2327694446805135,7,0.12922005651711782,0.0,1003
2020-01-13,3.2987210738451602,5,0.34519618203426883,0.0,1003
2020-01-14,3.294154236212311,2,0.36800206410677344,0.0,1003
2020-01-15,3.27398539331668,9,0.4,0.0,1003
2020-01-16,3.323247642119829,5,0.17142094372757577,0.0,1003
2020-01-17,3.328940077216167,5,0.32996804749865033,0.0,1003
2020-01-18,3.3189423476057365,8,0.3929891558698972,0.0,1003
2020-01-19,3.2262846028015453,22,0.26529765862120874,0.0,1003
2020-01-20,3.313553194177913,20,0.3066213533217193,0.0,1003
2020-01-21,3.3030278281240224,14,0.37786872041278685,0.0,1003
2020-01-22,3.3192911197344115,5,0.4,0.0,1003
2020-01-23,3.2523893885555766,9,0.39806011741789565,0.0,1003
2020-01-24,3.2968413176552396,18,0.2822435646076143,0.0,1003
2020-01-25,3.2457959348059937,10,0.2768379394435453,0.0,1003
2020-01-26,3.2315798473977684,17,0.28594991530545993,0.0,1003
2020-01-27,3.350129645756379,12,0.3593494967806683,0.0,1003
2020-01-28,3.2803301211545333,10,0.21801882620085997,0.0,1003
2020-01-29,3.2977828263008195,8,0.21944610668108233,0.0,1003
2020-01-30,3.3087056838533497,4,0.2625836970355491,0.0,1003
2020-01-31,3.3343092768491713,8,0.4,0.0,1003
2020-02-01,3.297789419230759,14,0.1397341012406087,0.0,1003
2020-02-02,3.2433258296086365,7,0.14055720040656222,0.0,1003
2020-02-03,3.2563258921940696,5,0.22183743904164735,0.0,1003
2020-02-04,3.348084842331972,8,0.13991768619096553,0.0,1003
2020-02-05,3.2482541586144573,6,0.20660924989494434,0.0,1003
2020-02-06,3.371975828509135,12,0.3004227252247452,0.0,1003
2020-02-07,3.2598253632134226,5,0.2157945492305619,0.0,1003
2020-02-08,3.3319334334261876,8,0.1691452562932161,0.0,1003
2020-02-09,3.3133322953064805,12,0.34253645081912953,0.0,1003
2020-02-10,3.280844177044672,1,0.4,0.0,1003
2020-02-11,3.3323063895076257,4,0.1610412860931325,0.0,1003
2020-02-12,3.3441958586900498,13,0.35528060787703225,0.0,1003
2020-02-13,3.250583833620406,12,0.4,0.0,1003
2020-02-14,3.236525057662068,5,0.18076109956781974,0.0,1003
2020-02-15,3.241695755774516,13,0.20244258865380335,0.0,1003
2020-02-16,3.361334779755288,11,0.32669108366922667,0.0,1003
2020-02-17,3.2925790564512023,8,0.35499513511850517,0.0,1003
2020-02-18,3.3587657546186067,5,0.3235083835931407,0.0,1003
2020-02-19,3.2534137826677925,11,0.24388183926933463,0.0,1003
2020-02-20,3.189605737025387,5,0.2725826358289925,0.0,1003
2020-02-21,3.361349317445202,5,0.2843609004328851,0.0,1003
2020-02-22,3.30737072579591,5,0.21213393969023153,0.0,1003
2020-02-23,3.3180125907551163,13,0.27068948388910724,0.0,1003
2020-02-24,3.3231373346529463,13,0.2957154092906253,0.0,1003
2020-02-25,3.3374492669465323,7,0.2146125377229405,0.0,1003
2020-02-26,3.2897369959273264,7,0.2456798091060511,0.0,1003
2020-02-27,3.3240636581777876,2,0.3470427844680904,0.0,1003
2020-02-28,3.3747603831199355,11,0.19913132940751563,0.0,1003
2020-02-29,3.3391423527977184,14,0.21526411308430896,0.0,1003
2020-03-01,3.3703617102940293,9,0.28371794293553065,0.0,1003
2020-03-02,3.3109163021907375,5,0.23864856010530563,0.0,1003
2020-03-03,3.3389084487126865,8,0.29445218220394387,0.0,1003
2020-03-04,3.2535683407046685,7,0.225469081069315,0.0,1003
2020-03-05,3.3065104431422743,4,0.13977419515078676,0.0,1003
2020-03-06,3.3298466935491784,5,0.24677415659168794,0.0,1003
2020-03-07,3.3350443227789492,18,0.3010630434893989,0.0,1003
2020-03-08,3.2574303594164298,11,0.28464339677053846,0.0,1003
2020-03-09,3.218119974236498,8,0.2916955621014569,0.0,1003
2020-03-10,3.304666490696612,4,0.23003110234739932,0.0,1003
2020-03-11,3.3428995030825104,5,0.3635682259780711,0.0,1003
2020-03-12,3.2447417169681048,6,0.2071504151958897,0.0,1003
2020-03-13,3.4077252788499317,5,0.29895827241919537,0.0,1003
2020-03-14,3.3733940346503597,9,0.2749569280833141,0.0,1003
2020-03-15,3.283343240208814,9,0.301660266134586,0.0,1003
2020-03-16,3.317233343390759,9,0.30500370898858525,0.0,1003
2020-03-17,3.347348647649881,9,0.2544706013518673,0.0,1003
2020-03-18,3.340503596854382,9,0.37799058384523476,0.0,1003
2020-03-19,3.172954158630553,5,0.16127075489650552,0.0,1003
2020-03-20,3.258863978342425,7,0.198074975601798,0.0,1003
2020-03-21,3.3417728753004803,15,0.25840036613713724,0.0,1003
2020-03-22,3.3020761930860525,14,0.1287361427333766,0.0,1003
2020-03-23,3.3670318372657375,4,0.18966460061578633,0.0,1003
2020-03-24,3.2242445031906315,6,0.29795606263054375,0.0,1003
2020-03-25,3.240871288553505,9,0.32747911938540764,0.0,1003
2020-03-26,3.3021642826901116,7,0.3867780396028397,0.0,1003
2020-03-27,3.242612986113923,4,0.4,0.0,1003
2020-03-28,3.2327023791262017,12,0.3207137228894982,0.0,1003
2020-03-29,3.263610410128736,17,0.24209298488498107,0.0,1003
2020-03-30,3.210531492292002,1,0.3468494755335011,0.0,1003
2020-03-31,3.2684089776086713,16,0.20359028800117224,0.0,1003
2020-04-01,3.3932821829226745,10,0.24771554526689296,0.0,1003
2020-04-02,3.2692387290294747,11,0.24995844664148476,0.0,1003
2020-04-03,3.265268882977314,5,0.24907816098331803,0.0,1003
2020-04-04,3.2620828032882594,15,0.3882555647424584,0.0,1003
2020-04-05,3.29078639129297,24,0.4,0.0,1003
2020-04-06,3.3071503899671564,11,0.4,0.0,1003
2020-04-07,3.310891075682143,6,0.21282198551231066,0.0,1003
2020-04-08,3.346004282340856,10,0.4,0.0,1003
2020-04-09,3.359488187978506,4,0.34406150241273026,0.0,1003
2020-04-10,3.3639607878665774,12,0.3545492581907973,0.0,1003
2020-04-11,3.237936752336911,7,0.32651827201651057,0.0,1003
2020-04-12,3.37996914962072,21,0.23345053782128455,0.0,1003
2020-04-13,3.262179562471141,8,0.4,0.0,1003
2020-04-14,3.2624405295010432,9,0.2436794774378119,0.0,1003
2020-04-15,3.2185854144138033,11,0.14143195337953773,0.0,1003
2020-04-16,3.2260849777118574,15,0.20456618995014592,0.0,1003
2020-04-17,3.3110592164647272,12,0.1347866994748076,0.0,1003
2020-04-18,3.3073595859106053,15,0.4,0.0,1003
2020-04-19,3.2920269801818858,6,0.35770972994543676,0.0,1003
2020-04-20,3.305539654663597,11,0.2508607842913734,0.0,1003
2020-04-21,3.3124160755736365,9,0.1999528569653792,0.0,1003
2020-04-22,3.3610124740387985,5,0.11776589509405812,0.0,1003
2020-04-23,3.2477002172469245,9,0.18341533799862536,0.0,1003
2020-04-24,3.2414607402214397,10,0.2219981441106654,0.0,1003
2020-04-25,3.309039977851812,16,0.25276639876831336,0.0,1003
2020-04-26,3.240832403586542,10,0.24425641659291986,0.0,1003
2020-04-27,3.303364958611646,10,0.11964791482271964,0.0,1003
2020-04-28,3.2917302845620005,6,0.4,0.0,1003
2020-04-29,3.377677504710945,10,0.37325219700815954,0.0,1003
2020-04-30,3.2933036271861806,6,0.32418462273907805,0.0,1003
2020-05-01,3.3260371706673233,5,0.2239052800314059,0.0,1003
2020-05-02,3.209434930355115,15,0.1643533492658733,0.0,1003
2020-05-03,3.247165225695242,12,0.26912054016503345,0.0,1003
2020-05-04,3.2796450331289213,10,0.24985586449446995,0.0,1003
2020-05-05,3.28498381465985,9,0.21339508122541542,0.0,1003
2020-05-06,3.339885049288648,13,0.25032185644561117,0.0,1003
2020-05-07,3.237333253232276,12,0.3122298549166771,0.0,1003
2020-05-08,3.2604829011702257,6,0.28048820407443753,0.0,1003
2020-05-09,3.273429221467234,15,0.28651912686286396,0.0,1003
2020-05-10,3.3607289008588075,7,0.15633257302605338,0.0,1003
2020-05-11,3.3287874086748435,9,0.25325174960417085,0.0,1003
2020-05-12,3.318861060061858,12,0.16074855342339708,0.0,1003
2020-05-13,3.3228762478415392,7,0.1890725480238722,0.0,1003
2020-05-14,3.1984053747349126,8,0.1624384953131565,0.0,1003
2020-05-15,3.3256339929513046,9,0.4,0.0,1003
2020-05-16,3.2941555140736285,15,0.2603717797984775,0.0,1003
2020-05-17,3.3338911914550016,17,0.39797820327588884,0.0,1003
2020-05-18,3.2504222749892295,9,0.3041487901467009,0.0,1003
2020-05-19,3.3119362741505474,7,0.36902070528356745,0.0,1003
2020-05-20,3.3761611450275386,7,0.3788222708522602,0.0,1003
2020-05-21,3.2790569300295336,5,0.35887791349201004,0.0,1003
2020-05-22,3.3552434795812185,8,0.4,0.0,1003
2020-05-23,3.1890733588921942,11,0.29821042748537596,0.0,1003
2020-05-24,3.318639194580678,12,0.4,0.0,1003
2020-05-25,3.354163976294314,10,0.3288355922614441,0.0,1003
2020-05-26,3.2840488849862237,8,0.30891553359873936,0.0,1003
2020-05-27,3.3052324408469205,11,0.1725261740327315,0.0,1003
2020-05-28,3.2990868339186865,9,0.3720461097911116,0.0,1003
2020-05-29,3.3367852703756484,9,0.32995723700406543,0.0,1003
2020-05-30,3.3339333310674175,11,0.14044843762156328,0.0,1003
2020-05-31,3.2313500503971166,15,0.3898958785406086,0.0,1003
2020-06-01,3.2715661107863543,5,0.1845808882815346,0.0,1003
2020-06-02,3.300701166835612,9,0.14341734377359133,0.0,1003
2020-06-03,3.3184801768640257,10,0.12280687935227445,0.0,1003
2020-06-04,3.355376843185974,12,0.23759037679647438,0.0,1003
2020-06-05,3.330835109742595,13,0.4,0.0,1003
2020-06-06,3.34179793750423,17,0.31571184199995905,0.0,1003
2020-06-07,3.2124924551878626,16,0.4,0.0,1003
2020-06-08,3.2676986122491436,11,0.4,0.0,1003
2020-06-09,3.2907803973530982,7,0.12275318736100807,0.0,1003
2020-06-10,3.3235253943594256,9,0.25816174161006405,0.0,1003
2020-06-11,3.277324974414692,6,0.3097209350978758,0.0,1003
2020-06-12,3.2062168495873853,5,0.1,0.0,1003
2020-06-13,3.2661916722344846,8,0.18329648822448397,0.0,1003
2020-06-14,3.2267290515473337,9,0.24823104283923797,0.0,1003
2020-06-15,3.250479847236461,10,0.16564453962505818,0.0,1003
2020-06-16,3.289951283629256,11,0.4,0.0,1003
2020-06-17,3.326084446848238,8,0.2847034922146893,0.0,1003
2020-06-18,3.3118767853167914,5,0.27368164482984103,0.0,1003
2020-06-19,3.3194201766672466,8,0.4,0.0,1003
2020-06-20,3.254445800663154,15,0.32000859884708827,0.0,1003
2020-06-21,3.335758335652784,12,0.4,0.0,1003
2020-06-22,3.2766805772178134,14,0.3436259589397075,0.0,1003
2020-06-23,3.333357854461056,6,0.2573292754658389,0.0,1003
2020-06-24,3.3512006337364935,6,0.1671356276417079,0.0,1003
2020-06-25,3.2406358035195604,5,0.2609316714639464,0.0,1003
2020-06-26,3.284523636042261,8,0.3454640494096906,0.0,1003
2020-06-27,3.360978526065456,16,0.2541037946335775,0.0,1003
2020-06-28,3.289024473169185,11,0.27811254629263665,0.0,1003
2020-06-29,3.2121622509402483,14,0.28451193689431464,0.0,1003
2020-06-30,3.391260099773649,7,0.3701915287900611,0.0,1003
2020-07-01,3.394210826037232,10,0.20980987768488338,0.0,1003
2020-07-02,3.3783965545621997,14,0.34229351555103743,0.0,1003
2020-07-03,3.2232036402305515,8,0.37556034550553924,0.0,1003
2020-07-04,3.2689394660484687,11,0.19845712006338756,0.0,1003
2020-07-05,3.2599698545503375,20,0.14176133089807966,0.0,1003
2020-07-06,3.340689253849954,13,0.2946234067094947,0.0,1003
2020-07-07,3.29076076228694,15,0.4,0.0,1003
2020-07-08,3.2667428585591174,7,0.25529529241810767,0.0,1003
2020-07-09,3.3035983038941654,8,0.337464499642469,0.0,1003
2020-07-10,3.3421048970515845,8,0.23276805564017178,0.0,1003
2020-07-11,3.22557841174051,11,0.2259813787746677,0.0,1003
2020-07-12,3.3068070756849797,13,0.1821778492010526,0.0,1003
2020-07-13,3.3173978552943826,6,0.331243707268285,0.0,1003
2020-07-14,3.278886372592846,7,0.4,0.0,1003
2020-07-15,3.277093501049475,4,0.38200913517907337,0.0,1003
2020-07-16,3.282538162994385,13,0.2781179955465162,0.0,1003
2020-07-17,3.2183161401306446,6,0.4,0.0,1003
2020-07-18,3.2838901435150145,15,0.1180736299834521,0.0,1003
2020-07-19,3.2713062764561496,11,0.1381667242752449,0.0,1003
2020-07-20,3.290299158194145,10,0.31542768712959973,0.0,1003
2020-07-21,3.2839171237392337,7,0.27692688489902706,0.0,1003
2020-07-22,3.339586464590778,12,0.267769369547573,0.0,1003
2020-07-23,3.3373873280886728,9,0.38161560030086145,0.0,1003
2020-07-24,3.2777604932135485,15,0.2683955194889812,0.0,1003
2020-07-25,3.290421998078725,17,0.12890697984246444,0.0,1003
2020-07-26,3.3190961658998184,9,0.4,0.0,1003
2020-07-27,3.262050460663155,12,0.22476422290374876,0.0,1003
2020-07-28,3.3287932709735166,9,0.3912919113732259,0.0,1003
2020-07-29,3.3161650429471474,10,0.37068251241638855,0.0,1003
2020-07-30,3.3530605046847155,10,0.23778819741831386,0.0,1003
2020-07-31,3.18933137207815,9,0.32756145536820896,0.0,1003
2020-08-01,3.2679717506768613,17,0.284363069157144,0.0,1003
2020-08-02,3.2772135971251997,11,0.27671893865002933,0.0,1003
2020-08-03,3.2848808934235927,12,0.3141660577640945,0.0,1003
2020-08-04,3.346115707916072,6,0.4,0.0,1003
2020-08-05,3.258445859452151,6,0.4,0.0,1003
2020-08-06,3.318144692356895,9,0.3611293087797602,0.0,1003
2020-08-07,3.2514584543614538,9,0.35870980503009586,0.0,1003
2020-08-08,3.222399212533849,14,0.2410910510293876,0.0,1003
2020-08-09,3.367779009456046,4,0.10650387718649588,0.0,1003
2020-08-10,3.1928823337105467,10,0.4,0.0,1003
2020-08-11,3.2565607994634664,8,0.20964820345802868,0.0,1003
2020-08-12,3.2322243833120576,4,0.23395620914877194,0.0,1003
2020-08-13,3.348592382978901,9,0.34803580757573116,0.0,1003
2020-08-14,3.239374553472966,14,0.16568851369846274,0.0,1003
2020-08-15,3.2713809438747496,8,0.20525755416776367,0.0,1003
2020-08-16,3.274666028945757,12,0.15687791840978466,0.0,1003
2020-08-17,3.218889117916134,6,0.4,0.0,1003
2020-08-18,3.3372039530597,8,0.2596774739458211,0.0,1003
2020-08-19,3.3968998822201852,13,0.17255985245570904,0.0,1003
2020-08-20,3.279416611373956,10,0.15221394860043186,0.0,1003
2020-08-21,3.314016333732676,9,0.3512834080283564,0.0,1003
2020-08-22,3.348023480516234,15,0.37033452904843783,0.0,1003
2020-08-23,3.314637749300953,8,0.4,0.0,1003
2020-08-24,3.3192716658843895,8,0.3094850198245163,0.0,1003
2020-08-25,3.2757136528183683,7,0.35227238281191786,0.0,1003
2020-08-26,3.2584486678935325,13,0.37733969761511155,0.0,1003
2020-08-27,3.3511167567784486,9,0.4,0.0,1003
2020-08-28,3.3728079649116616,3,0.2031856669953405,0.0,1003
2020-08-29,3.267936362416859,4,0.1935414377742338,0.0,1003
2020-08-30,3.3236227949332453,10,0.12829770105833055,0.0,1003
2020-08-31,3.3603991788109306,7,0.3785877270100377,0.0,1003
2020-09-01,3.282014161691956,8,0.4,0.0,1003
2020-09-02,3.2862587739944122,8,0.4,0.0,1003
2020-09-03,3.3389918797993277,10,0.296205940642314,0.0,1003
2020-09-04,3.235617946646919,13,0.39843100091745837,0.0,1003
2020-09-05,3.319302455457838,9,0.3152912750791871,0.0,1003
2020-09-06,3.322745471074344,16,0.13780963497310109,0.0,1003
2020-09-07,3.2786421582020067,9,0.21258149202440105,0.0,1003
2020-09-08,3.3077365101168734,6,0.2832324542521352,0.0,1003
2020-09-09,3.298412975622249,8,0.1955505903471882,0.0,1003
2020-09-10,3.3656191618919697,8,0.3069021848649801,0.0,1003
2020-09-11,3.224583931910498,2,0.3048831809105408,0.0,1003
2020-09-12,3.2404385683243633,16,0.2906822637837801,0.0,1003
2020-09-13,3.231311672345754,10,0.3655725663834714,0.0,1003
2020-09-14,3.2973665529876457,8,0.29095143345246294,0.0,1003
2020-09-15,3.321249865423749,13,0.2910043654602721,0.0,1003
2020-09-16,3.2456482640519484,5,0.334389575207,0.0,1003
2020-09-17,3.3405856623862853,9,0.24985535385992602,0.0,1003
2020-09-18,3.324932711558489,7,0.21236887493210013,0.0,1003
2020-09-19,3.2998646878085673,9,0.31558913810712497,0.0,1003
2020-09-20,3.3044123827590663,10,0.1512486589028706,0.0,1003
2020-09-21,3.300762689955451,8,0.32083211562581887,0.0,1003
2020-09-22,3.399134221575488,7,0.1681851470901129,0.0,1003
2020-09-23,3.327770967103984,8,0.31706283603731594,0.0,1003
2020-09-24,3.3583397259924888,4,0.24706033227097327,0.0,1003
2020-09-25,3.3375197570744195,6,0.2499027401521465,0.0,1003
2020-09-26,3.359191756184492,8,0.2809552736952292,0.0,1003
2020-09-27,3.2744653343432395,12,0.3426883877190146,0.0,1003
2020-09-28,3.2049074228054666,7,0.30071492975739195,0.0,1003
2020-09-29,3.2578950694950226,3,0.18807372864864183,0.0,1003
2020-09-30,3.305672811822446,9,0.3273104150139739,0.0,1003
2020-10-01,3.336379823176183,10,0.4,0.0,1003
2020-10-02,3.3039253904860493,7,0.24546224763763488,0.0,1003
2020-10-03,3.2432778121924835,14,0.18047164409046634,0.0,1003
2020-10-04,3.2666716212949507,11,0.27289610116986246,0.0,1003
2020-10-05,3.312514308198976,6,0.2958364311585482,0.0,1003
2020-10-06,3.3265092919208836,7,0.29245241431345703,0.0,1003
2020-10-07,3.3111545443898422,7,0.1809790715173708,0.0,1003
2020-10-08,3.3501244323407695,9,0.37139904285763214,0.0,1003
2020-10-09,3.295124466160145,4,0.337526561756952,0.0,1003
2020-10-10,3.2851950020291034,7,0.4,0.0,1003
2020-10-11,3.320120787349502,7,0.32748387112139354,0.0,1003
2020-10-12,3.210384156602242,13,0.21903794172317162,0.0,1003
2020-10-13,3.27472095074689,8,0.31581814677504316,0.0,1003
2020-10-14,3.35320619318075,4,0.24609938853894398,0.0,1003
2020-10-15,3.285300240997251,11,0.2462706915519708,0.0,1003
2020-10-16,3.3465256032883537,2,0.3511351080606938,0.0,1003
2020-10-17,3.29011453074706,14,0.4,0.0,1003
2020-10-18,3.333730772040869,10,0.3631662046565474,0.0,1003
2020-10-19,3.2543416972467036,5,0.2551628410160519,0.0,1003
2020-10-20,3.2801228472205493,8,0.4,0.0,1003
2020-10-21,3.3219035930286522,10,0.3053057646647049,0.0,1003
2020-10-22,3.3180219677840537,13,0.2072439716280636,0.0,1003
2020-10-23,3.3245816893882436,6,0.4,0.0,1003
2020-10-24,3.296435387099472,15,0.14566000286332945,0.0,1003
2020-10-25,3.3233366122092103,12,0.22065244026263256,0.0,1003
2020-10-26,3.3360086888496543,5,0.2989307993998495,0.0,1003
2020-10-27,3.3189592876351655,7,0.3748466986730647,0.0,1003
2020-10-28,3.274006272071074,11,0.32696082673542365,0.0,1003
2020-10-29,3.2915310497776633,5,0.21117960147040613,0.0,1003
2020-10-30,3.3038471607287696,10,0.32155971400644423,0.0,1003
2020-10-31,3.2192292088151597,9,0.30152889322668913,0.0,1003
2020-11-01,3.32174243004034,21,0.4,0.0,1003
2020-11-02,3.2808230363227717,3,0.4,0.0,1003
2020-11-03,3.2545446291857707,6,0.36204042793887825,0.0,1003
2020-11-04,3.380034552524808,7,0.3997474845383159,0.0,1003
2020-11-05,3.2660831402951267,2,0.16288306943260275,0.0,1003
2020-11-06,3.28780507685593,6,0.2136367907940291,0.0,1003
2020-11-07,3.2966557996557575,19,0.32392978790316673,0.0,1003
2020-11-08,3.267390921952851,12,0.4,0.0,1003
2020-11-09,3.255411373888055,7,0.4,0.0,1003
2020-11-10,3.3478920966797996,16,0.4,0.0,1003
2020-11-11,3.3038827156293067,5,0.23340480982421952,0.0,1003
2020-11-12,3.246947952447746,6,0.39949574242260505,0.0,1003
2020-11-13,3.3256702801935143,8,0.4,0.0,1003
2020-11-14,3.356334053468268,12,0.2841952294638248,0.0,1003
2020-11-15,3.18731140242315,12,0.31272808044686334,0.0,1003
2020-11-16,3.284789046938547,8,0.4,0.0,1003
2020-11-17,3.3419534278744463,8,0.2824762206078781,0.0,1003
2020-11-18,3.377475913992766,8,0.4,0.0,1003
2020-11-19,3.297368657861922,7,0.4,0.0,1003
2020-11-20,3.369825042291757,11,0.2703174259064779,0.0,1003
2020-11-21,3.342839507822826,16,0.4,0.0,1003
2020-11-22,3.300941130165323,9,0.4,0.0,1003
2020-11-23,3.310956908450087,5,0.20348885855197715,0.0,1003
2020-11-24,3.382442063927717,7,0.29974814971819713,0.0,1003
2020-11-25,3.342792087385753,7,0.24347203888997718,0.0,1003
2020-11-26,3.253522387143945,8,0.14055793785638093,0.0,1003
2020-11-27,3.3573885000249577,6,0.25892483566261726,0.0,1003
2020-11-28,3.353779768100303,13,0.27225451361444897,0.0,1003
2020-11-29,3.3792145986523776,9,0.28239791448877954,0.0,1003
2020-11-30,3.2984503659661386,6,0.2528382855721177,0.0,1003
2020-12-01,3.2130538755581535,9,0.3053123741768956,0.0,1003
2020-12-02,3.291734945936275,11,0.19118161945744483,0.0,1003
2020-12-03,3.2440139461418704,12,0.2712062222501016,0.0,1003
2020-12-04,3.2885431240646468,7,0.29033054446227846,0.0,1003
2020-12-05,3.3373571700199753,17,0.34773481992993444,0.0,1003
2020-12-06,3.313854757092891,11,0.2967075076510009,0.0,1003
2020-12-07,3.42096635794117,10,0.2040853533709289,0.0,1003
2020-12-08,3.2951368138579786,7,0.4,0.0,1003
2020-12-09,3.2392397676500924,10,0.31062307925803734,0.0,1003
2020-12-10,3.251727974017941,8,0.28016638156447127,0.0,1003
2020-12-11,3.3941779014717217,5,0.33825697074182237,0.0,1003
2020-12-12,3.2706608773021597,13,0.18019105667333377,0.0,1003
2020-12-13,3.3733879534117586,11,0.24991432235904862,0.0,1003
2020-12-14,3.3363956460141835,6,0.288258280679792,0.0,1003
2020-12-15,3.342747460691747,2,0.31815908586866576,0.0,1003
2020-12-16,3.3291491875571353,10,0.34004452591210266,0.0,1003
2020-12-17,3.3165487193376553,8,0.13810931247073965,0.0,1003
2020-12-18,3.2671547697649173,9,0.145834753185755,0.0,1003
2020-12-19,3.3357924986131784,17,0.4,0.0,1003
2020-12-20,3.2549559975901454,9,0.16600585032033321,0.0,1003
2020-12-21,3.343378943038857,6,0.18054677036336378,0.0,1003
2020-12-22,3.2516280897980283,5,0.4,0.0,1003
2020-12-23,3.3424722136154976,8,0.19058836966986456,0.0,1003
2020-12-24,3.3636444257165343,8,0.2497233567233944,0.0,1003
2020-12-25,3.222411326468773,7,0.3541938435233097,0.0,1003
2020-12-26,3.3653719793718673,14,0.38369938478913235,0.0,1003
2020-12-27,3.2949545506415348,12,0.17684247529003247,0.0,1003
2020-12-28,3.308080730981022,9,0.28373594348899356,0.0,1003
2020-12-29,3.3377390156433675,7,0.26338830026943033,0.0,1003
2020-12-30,3.2879047022813124,3,0.3326652675440827,0.0,1003
2020-12-31,3.319364267915848,8,0.21061557181157053,0.0,1003
2021-01-01,3.320429823199189,6,0.19101885342430516,0.0,1003
2021-01-02,3.23222349082092,16,0.16535888369196602,0.0,1003
2021-01-03,3.29907825920878,12,0.3252026740652339,0.0,1003
2021-01-04,3.316664147671736,10,0.3668016648859763,0.0,1003
2021-01-05,3.260693544823611,8,0.3703732726682369,0.0,1003
2021-01-06,3.35800570422417,10,0.26843342640357315,0.0,1003
2021-01-07,3.3047625608527644,11,0.27703128586787407,0.0,1003
2021-01-08,3.3306446831801684,10,0.2627776962022781,0.0,1003
2021-01-09,3.36230143150065,12,0.4,0.0,1003
2021-01-10,3.239673270310791,9,0.2498373080975629,0.0,1003
2021-01-11,3.3317393444289443,4,0.200364700340609,0.0,1003
2021-01-12,3.360968112654893,5,0.3495562190727031,0.0,1003
2021-01-13,3.3117244107871895,7,0.3228559695717411,0.0,1003
2021-01-14,3.300963519643881,5,0.4,0.0,1003
2021-01-15,3.2297119928017084,15,0.340244791613594,0.0,1003
2021-01-16,3.2655326068349964,12,0.4,0.0,1003
2021-01-17,3.2773270309145883,14,0.4,0.0,1003
2021-01-18,3.2682147367732055,7,0.1,0.0,1003
2021-01-19,3.2432436740609827,9,0.2615689283413576,0.0,1003
2021-01-20,3.34654201869705,10,0.27937202387361776,0.0,1003
2021-01-21,3.2782082008110978,8,0.3454694240148009,0.0,1003
2021-01-22,3.274926841502938,10,0.32220666693830835,0.0,1003
2021-01-23,3.355689305341919,11,0.4,0.0,1003
2021-01-24,3.292067639444093,10,0.4,0.0,1003
2021-01-25,3.234108703726293,9,0.18964680943389245,0.0,1003
2021-01-26,3.2578437887192484,5,0.18902232733582833,0.0,1003
2021-01-27,3.3054268172171373,6,0.3019427914264672,0.0,1003
2021-01-28,3.387939617221423,8,0.20966077846681622,0.0,1003
2021-01-29,3.2471185183371745,4,0.25225224192580165,0.0,1003
2021-01-30,3.307828641538605,11,0.4,0.0,1003
2021-01-31,3.2329953077752505,15,0.4,0.0,1003
2021-02-01,3.344451165936779,16,0.2038939899515427,0.0,1003
2021-02-02,3.335156176184979,7,0.4,0.0,1003
2021-02-03,3.2814129080004575,9,0.14591778635520575,0.0,1003
2021-02-04,3.385823158366767,6,0.1695674954853374,0.0,1003
2021-02-05,3.2411839127608313,8,0.39891815065822417,0.0,1003
2021-02-06,3.3223287509359904,12,0.33802353436354843,0.0,1003
2021-02-07,3.286626412850258,18,0.37748300618917274,0.0,1003
2021-02-08,3.2722199733599124,6,0.3126040942922316,0.0,1003
2021-02-09,3.4180641503834988,9,0.11574146672916971,0.0,1003
2021-02-10,3.2873933080353814,10,0.31783784774682633,0.0,1003
2021-02-11,3.3319196767084924,8,0.36686504158252903,0.0,1003
2021-02-12,3.291033983990603,5,0.38520250768340747,0.0,1003
2021-02-13,3.353802011081455,8,0.27776937505025084,0.0,1003
2021-02-14,3.243382696903927,13,0.4,0.0,1003
2021-02-15,3.334871747868374,5,0.29613299059098486,0.0,1003
2021-02-16,3.3417939768504454,6,0.1562847732627062,0.0,1003
2021-02-17,3.269295527788361,4,0.21599157076385087,0.0,1003
2021-02-18,3.2958218496434784,13,0.268163681749928,0.0,1003
2021-02-19,3.3270147416384446,10,0.26687283046768867,0.0,1003
2021-02-20,3.2821291972812396,15,0.29931477430007764,0.0,1003
2021-02-21,3.2670043432253104,13,0.2780062288086062,0.0,1003
2021-02-22,3.2569972742064484,8,0.18074492307320184,0.0,1003
2021-02-23,3.3422117516678447,7,0.204957182736114,0.0,1003
2021-02-24,3.2753016755637376,8,0.23888243666193507,0.0,1003
2021-02-25,3.2608232341287686,12,0.1576091848476646,0.0,1003
2021-02-26,3.254605957065323,8,0.301814291075569,0.0,1003
2021-02-27,3.29917299737087,9,0.4,0.0,1003
2021-02-28,3.3495583162659286,12,0.12056906936379404,0.0,1003
2021-03-01,3.3237133668061154,8,0.2648954241357369,0.0,1003
2021-03-02,3.302730041275149,6,0.4,0.0,1003
2021-03-03,3.2919442289107397,11,0.2751409988679923,0.0,1003
2021-03-04,3.33937205897107,11,0.27655607755763645,0.0,1003
2021-03-05,3.241252031770025,11,0.3573838918249677,0.0,1003
2021-03-06,3.345572533584587,5,0.3614092465191986,0.0,1003
2021-03-07,3.2871127104860025,11,0.4,0.0,1003
2021-03-08,3.291832089945373,8,0.11900792485892871,0.0,1003
2021-03-09,3.3012619189488976,8,0.3395541042880769,0.0,1003
2021-03-10,3.2352595867869227,10,0.12530153825474316,0.0,1003
2021-03-11,3.294518076084973,10,0.1,0.0,1003
2021-03-12,3.368279476306013,9,0.26358639249695665,0.0,1003
2021-03-13,3.312130242246542,5,0.1,0.0,1003
2021-03-14,3.264913954219979,10,0.37948241754029305,0.0,1003
2021-03-15,3.273724704659764,9,0.236072532290985,0.0,1003
2021-03-16,3.221823885326323,7,0.3263087887956879,0.0,1003
2021-03-17,3.3599161459432825,12,0.20125150102694805,0.0,1003
2021-03-18,3.2161560372753946,4,0.15506462544383878,0.0,1003
2021-03-19,3.2538630316849604,4,0.19041314623359096,0.0,1003
2021-03-20,3.3575729665564684,11,0.24954176280644783,0.0,1003
2021-03-21,3.288147356364942,15,0.3951579569805876,0.0,1003
2021-03-22,3.2628823282253516,3,0.4,0.0,1003
2021-03-23,3.302422498698982,7,0.22012525732461224,0.0,1003
2021-03-24,3.2745272926318374,9,0.21055667545230783,0.0,1003
2021-03-25,3.2962031601852364,11,0.38460898146114403,0.0,1003
2021-03-26,3.3570734621503644,11,0.28837167867120117,0.0,1003
2021-03-27,3.227126222523435,19,0.3727342536122655,0.0,1003
2021-03-28,3.272671670873493,10,0.39163054458989704,0.0,1003
2021-03-29,3.3299934619158305,9,0.4,0.0,1003
2021-03-30,3.3248139264302514,10,0.28602201905009217,0.0,1003
2021-03-31,3.328765976339663,11,0.35563556199822044,0.0,1003
2021-04-01,3.4135297202886186,11,0.34387437935724624,0.0,1003
2021-04-02,3.3254876039264905,10,0.3092198348658241,0.0,1003
2021-04-03,3.3352584057355323,14,0.2780079931350832,0.0,1003
2021-04-04,3.306239952673705,13,0.34246196952647695,0.0,1003
2021-04-05,3.360511356825059,10,0.27420304315703065,0.0,1003
2021-04-06,3.2629189094021087,8,0.3983647723338911,0.0,1003
2021-04-07,3.2861419065803052,9,0.31428504692727127,0.0,1003
2021-04-08,3.248106286587903,11,0.16374491893262508,0.0,1003
2021-04-09,3.315574031405157,5,0.2920647885772748,0.0,1003
2021-04-10,3.2931415717907213,16,0.1,0.0,1003
2021-04-11,3.330749623002828,12,0.3778755334783365,0.0,1003
2021-04-12,3.219342753877156,7,0.2821741985990801,0.0,1003
2021-04-13,3.3137263498387752,6,0.3101211530635559,0.0,1003
2021-04-14,3.2766314615356946,11,0.13452192054750278,0.0,1003
2021-04-15,3.283735251748606,10,0.4,0.0,1003
2021-04-16,3.282757886531292,7,0.239874997008974,0.0,1003
2021-04-17,3.2827749588270194,10,0.1454036382394886,0.0,1003
2021-04-18,3.378320015941336,12,0.16872795302823546,0.0,1003
2021-04-19,3.322929473305939,6,0.36528530615877086,0.0,1003
2021-04-20,3.296979393858929,15,0.24522453570580974,0.0,1003
2021-04-21,3.3209013473346354,6,0.24406991378446866,0.0,1003
2021-04-22,3.310045451746371,8,0.14518104802405765,0.0,1003
2021-04-23,3.3057654050193346,9,0.24030013896398178,0.0,1003
2021-04-24,3.2359314289721546,16,0.19538983501335594,0.0,1003
2021-04-25,3.2601273119961953,15,0.3971234377543052,0.0,1003
2021-04-26,3.31910517192886,11,0.39797597085025294,0.0,1003
2021-04-27,3.3508739596350674,8,0.1,0.0,1003
2021-04-28,3.3200481788700977,9,0.4,0.0,1003
2021-04-29,3.3509000626522036,5,0.19134351890596193,0.0,1003
2021-04-30,3.3921545776187703,11,0.2516500695231499,0.0,1003
2021-05-01,3.350026357324835,14,0.4,0.0,1003
2021-05-02,3.2575278945027066,12,0.3727594909321112,0.0,1003
2021-05-03,3.2708341973934663,8,0.3680546569237107,0.0,1003
2021-05-04,3.3601217452165466,12,0.20299465641491363,0.0,1003
2021-05-05,3.3064725724157022,5,0.2600410590677384,0.0,1003
2021-05-06,3.325478926378191,11,0.27599891697834367,0.0,1003
2021-05-07,3.3175616819821543,11,0.2732415524665911,0.0,1003
2021-05-08,3.361023028960607,10,0.32766034833563323,0.0,1003
2021-05-09,3.274934961781523,14,0.16443895750930565,0.0,1003
2021-05-10,3.369547109669835,7,0.1,0.0,1003
2021-05-11,3.3038316484931793,6,0.325101007412411,0.0,1003
2021-05-12,3.2740335507874136,3,0.14618206015853888,0.0,1003
2021-05-13,3.3178668471788235,2,0.18978242456171704,0.0,1003
2021-05-14,3.298581147325378,7,0.37738119382783525,0.0,1003
2021-05-15,3.224081044385721,11,0.32676375981525907,0.0,1003
2021-05-16,3.3735713939380387,7,0.3030957176342601,0.0,1003
2021-05-17,3.2770062898876775,4,0.233500317677044,0.0,1003
2021-05-18,3.3249465496233404,6,0.3211161041588196,0.0,1003
2021-05-19,3.3044084853915683,5,0.4,0.0,1003
2021-05-20,3.3550148589191666,12,0.2796181592057556,0.0,1003
2021-05-21,3.2366543022171865,13,0.25812724043989843,0.0,1003
2021-05-22,3.3061165614963306,10,0.2587978439552875,0.0,1003
2021-05-23,3.2358387062343943,14,0.2268553254516494,0.0,1003
2021-05-24,3.3286453841654198,7,0.2729428880123254,0.0,1003
2021-05-25,3.2982881823997836,7,0.2994603010155965,0.0,1003
2021-05-26,3.3007584841626536,9,0.204611778881124,0.0,1003
2021-05-27,3.3022268462110183,7,0.4,0.0,1003
2021-05-28,3.2695546689221735,9,0.4,0.0,1003
2021-05-29,3.283091720650491,10,0.15436457539294363,0.0,1003
2021-05-30,3.2186541998873697,12,0.18584862601454583,0.0,1003
2021-05-31,3.2302622942424364,8,0.18066345149106847,0.0,1003
2021-06-01,3.245289994043063,6,0.3291279205207256,0.0,1003
2021-06-02,3.29696518127621,16,0.3440975458630112,0.0,1003
2021-06-03,3.2708367972252588,4,0.28060313205066423,0.0,1003
2021-06-04,3.2361983849388856,12,0.31221366678118256,0.0,1003
2021-06-05,3.285874232591703,13,0.2686895428864246,0.0,1003
2021-06-06,3.298188776925949,14,0.16595951403771397,0.0,1003
2021-06-07,3.3343048908043746,12,0.2545774695135177,0.0,1003
2021-06-08,3.361215205788477,11,0.19837316513890693,0.0,1003
2021-06-09,3.3442701598092524,7,0.16998399162879402,0.0,1003
2021-06-10,3.279693436895924,5,0.32410812272477346,0.0,1003
2021-06-11,3.343913475690189,8,0.26069245826277254,0.0,1003
2021-06-12,3.3688421540958915,11,0.4,0.0,1003
2021-06-13,3.286805605171638,12,0.3119984337085505,0.0,1003
2021-06-14,3.199658427310483,8,0.2956316106590908,0.0,1003
2021-06-15,3.362511456102951,11,0.22416113448581595,0.0,1003
2021-06-16,3.284010118070989,11,0.22517175389620805,0.0,1003
2021-06-17,3.259149557370474,9,0.13889333113387747,0.0,1003
2021-06-18,3.277767881318758,7,0.1379852305874299,0.0,1003
2021-06-19,3.2502006530550385,11,0.28185860548124747,0.0,1003
2021-06-20,3.2663844090111143,12,0.2263431814722173,0.0,1003
2021-06-21,3.2610604398308363,9,0.4,0.0,1003
2021-06-22,3.375924917906194,7,0.22069666319552855,0.0,1003
2021-06-23,3.300964590405796,7,0.4,0.0,1003
2021-06-24,3.192900519774226,12,0.3045780534596095,0.0,1003
2021-06-25,3.3544963512569055,5,0.28645449031721687,0.0,1003
2021-06-26,3.316233660644839,9,0.19277364464493812,0.0,1003
2021-06-27,3.2821120148835736,11,0.2561298476067304,0.0,1003
2021-06-28,3.323344068330895,3,0.18556399121200967,0.0,1003
2021-06-29,3.2506948584867135,11,0.12570618498966538,0.0,1003
2021-06-30,3.2722129512982394,7,0.4,0.0,1003
2021-07-01,3.372358873277335,3,0.26087131622739956,0.0,1003
2021-07-02,3.3622591052278503,13,0.3445186668073369,0.0,1003
2021-07-03,3.3113930633546613,11,0.15721295103247215,0.0,1003
2021-07-04,3.3657314726838083,16,0.3751295815956429,0.0,1003
2021-07-05,3.3263948210788095,8,0.19846771967397966,0.0,1003
2021-07-06,3.417246707191182,9,0.4,0.0,1003
2021-07-07,3.2473396791593934,9,0.22023658085839812,0.0,1003
2021-07-08,3.2590829775954737,5,0.24765575233477943,0.0,1003
2021-07-09,3.2608169267145883,6,0.1304249616252589,0.0,1003
2021-07-10,3.3773562233270966,11,0.26734063075075576,0.0,1003
2021-07-11,3.3278108013915086,18,0.35534039910439996,0.0,1003
2021-07-12,3.3197930152224875,9,0.3522373673858013,0.0,1003
2021-07-13,3.239603487785239,9,0.38977025969153045,0.0,1003
2021-07-14,3.321333400747489,6,0.19404454115729353,0.0,1003
2021-07-15,3.2199126482885787,4,0.4,0.0,1003
2021-07-16,3.3581660588868805,10,0.3606515716236538,0.0,1003
2021-07-17,3.3574501765852616,13,0.20630928303474422,0.0,1003
2021-07-18,3.30857902332116,13,0.23869192839662254,0.0,1003
2021-07-19,3.3455717775941283,7,0.16057691425359213,0.0,1003
2021-07-20,3.2551811922492173,5,0.4,0.0,1003
2021-07-21,3.3608312609398334,6,0.18148606245113563,0.0,1003
2021-07-22,3.214379184568737,10,0.2664129221205077,0.0,1003
2021-07-23,3.3456213398062506,7,0.28045748679067006,0.0,1003
2021-07-24,3.302824354484871,12,0.258117406589315,0.0,1003
2021-07-25,3.3309306725782672,14,0.4,0.0,1003
2021-07-26,3.292403320620625,9,0.3480309512960708,0.0,1003
2021-07-27,3.324469707381282,2,0.3367297023717253,0.0,1003
2021-07-28,3.39380152087636,7,0.4,0.0,1003
2021-07-29,3.2836922456064706,7,0.30576077383333666,0.0,1003
2021-07-30,3.3222693940251933,10,0.1594774857850253,0.0,1003
2021-07-31,3.256644780507002,15,0.2070222785716314,0.0,1003
2021-08-01,3.316312404223599,16,0.2954567043296928,0.0,1003
2021-08-02,3.323442190635706,4,0.3307770768563682,0.0,1003
2021-08-03,3.2687745177599234,6,0.21897844635160277,0.0,1003
2021-08-04,3.3255944797552437,7,0.15032831386308643,0.0,1003
2021-08-05,3.3726497644599256,12,0.31581871096286485,0.0,1003
2021-08-06,3.2789372308897127,7,0.4,0.0,1003
2021-08-07,3.293368279138121,13,0.37209455672477054,0.0,1003
2021-08-08,3.3258943687557045,15,0.21982350402578238,0.0,1003
2021-08-09,3.184224978515475,9,0.2120001780749776,0.0,1003
2021-08-10,3.387180868223139,10,0.34560321971622215,0.0,1003
2021-08-11,3.338110662993047,11,0.27323064219843607,0.0,1003
2021-08-12,3.2782411287016844,10,0.3196663402850862,0.0,1003
2021-08-13,3.261653284422234,9,0.3571372850347877,0.0,1003
2021-08-14,3.305699507752074,13,0.359403539841139,0.0,1003
2021-08-15,3.2912243719878274,11,0.3233717904561308,0.0,1003
2021-08-16,3.2661686938763212,6,0.2587072440643727,0.0,1003
2021-08-17,3.29712250089623,6,0.339179678612487,0.0,1003
2021-08-18,3.2809096609403254,14,0.22035916344739387,0.0,1003
2021-08-19,3.2542019019881114,8,0.25426228009146506,0.0,1003
2021-08-20,3.389626113837251,8,0.28850449414364643,0.0,1003
2021-08-21,3.3964326401087415,11,0.2824468495099522,0.0,1003
2021-08-22,3.2323496419526148,15,0.4,0.0,1003
2021-08-23,3.3038665592233203,11,0.2517206978843754,0.0,1003
2021-08-24,3.234383463949447,5,0.21399660557323988,0.0,1003
2021-08-25,3.3118433658509714,8,0.15396514281093265,0.0,1003
2021-08-26,3.2974953714611677,10,0.19292772688097862,0.0,1003
2021-08-27,3.2661117406997118,8,0.4,0.0,1003
2021-08-28,3.3034992990449226,11,0.2926116415037001,0.0,1003
2021-08-29,3.338446555144359,5,0.352462725719144,0.0,1003
2021-08-30,3.2443977137843043,11,0.12363176368276572,0.0,1003
2021-08-31,3.2631822376467894,6,0.14566890265965587,0.0,1003
2021-09-01,3.2408083895378867,10,0.4,0.0,1003
2021-09-02,3.2809929954641275,10,0.31664059363455066,0.0,1003
2021-09-03,3.1825346048525165,8,0.39232654322828026,0.0,1003
2021-09-04,3.2789086888975763,15,0.30279518488706747,0.0,1003
2021-09-05,3.317938804757061,10,0.2972326545753821,0.0,1003
2021-09-06,3.238180861920575,7,0.4,0.0,1003
2021-09-07,3.3602324395773384,6,0.2669178274227865,0.0,1003
2021-09-08,3.3107118866978413,3,0.3636617296200408,0.0,1003
2021-09-09,3.361412594317146,5,0.13597251988150513,0.0,1003
2021-09-10,3.3559064788572552,14,0.3277423572633207,0.0,1003
2021-09-11,3.378563588493927,9,0.2859397592672559,0.0,1003
2021-09-12,3.178431782314944,17,0.2641640234790223,0.0,1003
2021-09-13,3.3223756064355334,6,0.4,0.0,1003
2021-09-14,3.3251528399573633,9,0.29062643823448625,0.0,1003
2021-09-15,3.2860023116694377,5,0.11882381096761929,0.0,1003
2021-09-16,3.3140767908955655,6,0.23198323561422082,0.0,1003
2021-09-17,3.2450821214608196,6,0.33031505531412064,0.0,1003
2021-09-18,3.3680970433167015,12,0.10936022314438203,0.0,1003
2021-09-19,3.29187199443816,12,0.20256037450925207,0.0,1003
2021-09-20,3.3100214503110816,9,0.24849347376129832,0.0,1003
2021-09-21,3.2715330376317966,3,0.2433766570918711,0.0,1003
2021-09-22,3.3631106359339427,7,0.3658707128669728,0.0,1003
2021-09-23,3.253921624326101,14,0.31646095389601264,0.0,1003
2021-09-24,3.2216413275847233,8,0.3183249831097067,0.0,1003
2021-09-25,3.2796179799470404,15,0.14974459132233653,0.0,1003
2021-09-26,3.293125450644615,11,0.1209988596954435,0.0,1003
2021-09-27,3.2588915033104127,10,0.16600465297229447,0.0,1003
2021-09-28,3.2564073133027094,7,0.14831852149825334,0.0,1003
2021-09-29,3.220190749083345,13,0.3488885062432788,0.0,1003
2021-09-30,3.3599840832627144,12,0.3446328514411553,0.0,1003
2021-10-01,3.3102976288946513,12,0.30954839887561447,0.0,1003
2021-10-02,3.274748812041923,9,0.2166032473415599,0.0,1003
2021-10-03,3.2774702963107005,9,0.2652792102394255,0.0,1003
2021-10-04,3.265282140163529,8,0.31405088547710786,0.0,1003
2021-10-05,3.3061839470782486,14,0.17303747666919644,0.0,1003
2021-10-06,3.2095150021957313,11,0.4,0.0,1003
2021-10-07,3.24379404093211,7,0.2417695846548042,0.0,1003
2021-10-08,3.2393401301437437,8,0.3312227371296611,0.0,1003
2021-10-09,3.259703366009977,11,0.4,0.0,1003
2021-10-10,3.308402886274776,5,0.30578380865311633,0.0,1003
2021-10-11,3.2442568827081457,8,0.34305053714189715,0.0,1003
2021-10-12,3.3128736931097906,8,0.18006451462946996,0.0,1003
2021-10-13,3.257259013438207,6,0.2581181609207406,0.0,1003
2021-10-14,3.299001505704744,10,0.1931171369161859,0.0,1003
2021-10-15,3.2002692438189615,12,0.1037984323884822,0.0,1003
2021-10-16,3.301632683496411,11,0.33507328515232415,0.0,1003
2021-10-17,3.328058392891889,9,0.35308246591801246,0.0,1003
2021-10-18,3.293786249030691,3,0.4,0.0,1003
2021-10-19,3.30896317756269,9,0.4,0.0,1003
2021-10-20,3.2500967468637674,7,0.23119313375077835,0.0,1003
2021-10-21,3.2571702452760154,6,0.26616054392714483,0.0,1003
2021-10-22,3.274548458615888,9,0.17999544531954006,0.0,1003
2021-10-23,3.3619246190390215,9,0.2970971564517048,0.0,1003
2021-10-24,3.2039820293226597,6,0.4,0.0,1003
2021-10-25,3.259331504007364,5,0.234383264857809,0.0,1003
2021-10-26,3.274099418442508,12,0.21819281412291067,0.0,1003
2021-10-27,3.3231044099503046,5,0.1,0.0,1003
2021-10-28,3.29583145280495,8,0.4,0.0,1003
2021-10-29,3.257891830433299,14,0.15613896478595907,0.0,1003
2021-10-30,3.310335209517918,18,0.2856975641676574,0.0,1003
2021-10-31,3.2439926960249315,17,0.3520200103431511,0.0,1003
2021-11-01,3.251124517267867,6,0.11037083661357078,0.0,1003
2021-11-02,3.324404218752135,6,0.33205829150959465,0.0,1003
2021-11-03,3.2326960599552454,7,0.32072843974346193,0.0,1003
2021-11-04,3.2833978873952887,8,0.32209032558515976,0.0,1003
2021-11-05,3.345206929446605,4,0.2511268074154543,0.0,1003
2021-11-06,3.3516513953498763,19,0.23318319569480328,0.0,1003
2021-11-07,3.2459027176543573,14,0.3760176961801061,0.0,1003
2021-11-08,3.4134199206390328,18,0.33772282074118204,0.0,1003
2021-11-09,3.2779217162293848,7,0.2726483035252098,0.0,1003
2021-11-10,3.336126686504944,12,0.17263634488291346,0.0,1003
2021-11-11,3.3600750350800412,10,0.4,0.0,1003
2021-11-12,3.3747648164136117,8,0.36064708671036233,0.0,1003
2021-11-13,3.2694148540405332,12,0.3299668482921697,0.0,1003
2021-11-14,3.290507021214923,11,0.3100610177580472,0.0,1003
2021-11-15,3.294509829916137,12,0.22694598703965962,0.0,1003
2021-11-16,3.2543212525402514,14,0.3672297763463453,0.0,1003
2021-11-17,3.3094324288652843,13,0.29532452345093124,0.0,1003
2021-11-18,3.269115554929951,3,0.4,0.0,1003
2021-11-19,3.292632794557605,3,0.1649677311880104,0.0,1003
2021-11-20,3.315736870823402,8,0.2740879786987692,0.0,1003
2021-11-21,3.232424156389128,8,0.4,0.0,1003
2021-11-22,3.2078075076129435,6,0.30115468834705417,0.0,1003
2021-11-23,3.1740742322714177,13,0.4,0.0,1003
2021-11-24,3.2998101537005735,9,0.3766270918347742,0.0,1003
2021-11-25,3.2911198405193223,5,0.29448691213858336,0.0,1003
2021-11-26,3.3603788352358523,6,0.30491541845757625,0.0,1003
2021-11-27,3.2793579544627147,11,0.4,0.0,1003
2021-11-28,3.2596969615034683,10,0.21094656864107666,0.0,1003
2021-11-29,3.266426580154473,6,0.27466692044507407,0.0,1003
2021-11-30,3.2680777219792625,8,0.24852662193832456,0.0,1003
2021-12-01,3.3240039899476024,9,0.30644324876645157,0.0,1003
2021-12-02,3.3158509007136625,10,0.35240105487176693,0.0,1003
2021-12-03,3.2790387406390304,11,0.35121678329681455,0.0,1003
2021-12-04,3.2578390109909297,7,0.17041034246144815,0.0,1003
2021-12-05,3.2852635334369733,16,0.29732636008885177,0.0,1003
2021-12-06,3.250213847705502,7,0.4,0.0,1003
2021-12-07,3.2891890080477646,7,0.18245745110516268,0.0,1003
2021-12-08,3.3534994920221703,11,0.3666296326336378,0.0,1003
2021-12-09,3.2448605148576175,8,0.3031805918567521,0.0,1003
2021-12-10,3.302384532561238,4,0.36157843973811454,0.0,1003
2021-12-11,3.21080532007219,12,0.17261644039016524,0.0,1003
2021-12-12,3.2423272892238684,15,0.18210085940478182,0.0,1003
2021-12-13,3.2981538100989947,12,0.3936507220360131,0.0,1003
2021-12-14,3.1279323226674562,8,0.19894330079134817,0.0,1003
2021-12-15,3.277046044429953,7,0.2774256439295616,0.0,1003
2021-12-16,3.2928175294952946,4,0.24420936586078895,0.0,1003
2021-12-17,3.2949407021797636,6,0.19867074369609422,0.0,1003
2021-12-18,3.3936626389004974,8,0.270449130004254,0.0,1003
2021-12-19,3.2035393582723906,19,0.17839496754580214,0.0,1003
2021-12-20,3.2936964879168262,8,0.2705187166300096,0.0,1003
2021-12-21,3.3009246954566605,9,0.1537091262796815,0.0,1003
2021-12-22,3.3285853217316546,5,0.3926994210622112,0.0,1003
2021-12-23,3.3923599876348747,7,0.25417487613589423,0.0,1003
2021-12-24,3.1841576068392254,9,0.15903141334358614,0.0,1003
2021-12-25,3.274303018983052,14,0.21338581811765014,0.0,1003
2021-12-26,3.3832774285149174,14,0.3572313602243526,0.0,1003
2021-12-27,3.2562805420161345,7,0.21917314137067556,0.0,1003
2021-12-28,3.267679307375284,9,0.33378535859297515,0.0,1003
2021-12-29,3.339985217261631,5,0.25521228016749903,0.0,1003
2021-12-30,3.328764197753158,8,0.4,0.0,1003
2021-12-31,3.281589123249691,5,0.1372170583998492,0.0,1003
2022-01-01,3.2623179046169866,18,0.3073271622173951,0.0,1003
2022-01-02,3.3280908747346487,12,0.24401951999215135,0.0,1003
2022-01-03,3.3083055027158386,8,0.2835107011341082,0.0,1003
2022-01-04,3.288933200508042,6,0.3262844597381289,0.0,1003
2022-01-05,3.2821203731192505,6,0.16923285508645236,0.0,1003
2022-01-06,3.337189629403037,9,0.1849115196422347,0.0,1003
2022-01-07,3.344503327026245,2,0.2222643613007661,0.0,1003
2022-01-08,3.25682383679022,13,0.2838834579334533,0.0,1003
2022-01-09,3.2933596340782776,12,0.2543991861943518,0.0,1003
2022-01-10,3.2221856421406248,11,0.18799581763662515,0.0,1003
2022-01-11,3.2459076703904093,8,0.33123294997603697,0.0,1003
2022-01-12,3.281172418030834,8,0.24977158053451204,0.0,1003
2022-01-13,3.228950224322367,11,0.2549747862211224,0.0,1003
2022-01-14,3.383288157903051,5,0.3507795552139602,0.0,1003
2022-01-15,3.327682281884318,22,0.36487230803361353,0.0,1003
2022-01-16,3.398922071234171,7,0.3908016330172213,0.0,1003
2022-01-17,3.2551063409932746,6,0.36436347158006865,0.0,1003
2022-01-18,3.2401332099628672,11,0.29992754991892123,0.0,1003
2022-01-19,3.2982234648857474,5,0.3506756717866639,0.0,1003
2022-01-20,3.3302457522804083,6,0.17284978599157635,0.0,1003
2022-01-21,3.2854060810779124,5,0.20319418822697646,0.0,1003
2022-01-22,3.3510212019847487,14,0.2090757299545478,0.0,1003
2022-01-23,3.2693043963090713,17,0.3073405855731326,0.0,1003
2022-01-24,3.2663488762466293,5,0.15543731821337267,0.0,1003
2022-01-25,3.299909034474607,4,0.23268724316538555,0.0,1003
2022-01-26,3.276736643769318,11,0.329588970527769,0.0,1003
2022-01-27,3.2662569880214987,9,0.23806793370094032,0.0,1003
2022-01-28,3.2272296226445953,12,0.3795704706477042,0.0,1003
2022-01-29,3.358555464159763,6,0.3561358025903281,0.0,1003
2022-01-30,3.216690353422548,8,0.2752953523821172,0.0,1003
2022-01-31,3.278076643000755,7,0.20877887811918688,0.0,1003
2022-02-01,3.340162786818228,6,0.24442529180339861,0.0,1003
2022-02-02,3.2483986658426125,11,0.4,0.0,1003
2022-02-03,3.255681209872926,11,0.3373431452837439,0.0,1003
2022-02-04,3.3377023874959115,2,0.3813296354547696,0.0,1003
2022-02-05,3.4262474434115817,17,0.4,0.0,1003
2022-02-06,3.421864176745782,10,0.1665526358685038,0.0,1003
2022-02-07,3.295173876519262,7,0.20995298379192975,0.0,1003
2022-02-08,3.268531137723322,7,0.23896853328424827,0.0,1003
2022-02-09,3.2428372305521758,10,0.28535607544288943,0.0,1003
2022-02-10,3.3455618849868713,7,0.3497102721972739,0.0,1003
2022-02-11,3.214619644371245,10,0.1764421676888419,0.0,1003
2022-02-12,3.2820552705763704,9,0.311869926705759,0.0,1003
2022-02-13,3.3382834343284773,18,0.3183657010841939,0.0,1003
2022-02-14,3.3251111755272587,8,0.21807909291872873,0.0,1003
2022-02-15,3.2715372488943557,7,0.24533248978101,0.0,1003
2022-02-16,3.2856577318455287,7,0.3213371232168491,0.0,1003
2022-02-17,3.260778407172519,13,0.2632872826236119,0.0,1003
2022-02-18,3.2943051123248726,8,0.31750842843232197,0.0,1003
2022-02-19,3.2615878802025544,12,0.3732121899756102,0.0,1003
2022-02-20,3.2593528857840277,21,0.21350516242780837,0.0,1003
2022-02-21,3.2665247640561335,12,0.2372031892403484,0.0,1003
2022-02-22,3.338898103672471,5,0.2870759783700703,0.0,1003
2022-02-23,3.348335991206778,5,0.23164943474696525,0.0,1003
2022-02-24,3.2852798512027794,6,0.4,0.0,1003
2022-02-25,3.311691110123787,6,0.24419953452460033,0.0,1003
2022-02-26,3.3534866592039396,17,0.10429614030566794,0.0,1003
2022-02-27,3.4328676639202187,17,0.2505494506268522,0.0,1003
2022-02-28,3.338685222670349,7,0.3909943544525675,0.0,1003
2022-03-01,3.349738783513041,5,0.2568720411319727,0.0,1003
2022-03-02,3.255321731801848,13,0.35913422043274035,0.0,1003
2022-03-03,3.3269676305637477,8,0.4,0.0,1003
2022-03-04,3.3044165528128806,9,0.28456216338170603,0.0,1003
2022-03-05,3.243297730431465,10,0.4,0.0,1003
2022-03-06,3.257704185893194,10,0.12414219948052516,0.0,1003
2022-03-07,3.2909865251114163,5,0.4,0.0,1003
2022-03-08,3.327319616529084,6,0.2975299669858429,0.0,1003
2022-03-09,3.3242914375853716,9,0.39773314646416985,0.0,1003
2022-03-10,3.2812780085621727,7,0.17370810835771222,0.0,1003
2022-03-11,3.2891978824710755,12,0.19492581442747292,0.0,1003
2022-03-12,3.3936278964494937,12,0.3004500104110081,0.0,1003
2022-03-13,3.2632678608968204,14,0.19657397164298096,0.0,1003
2022-03-14,3.2777594904602947,6,0.23039163326869877,0.0,1003
2022-03-15,3.2292617553320344,11,0.3069920632878298,0.0,1003
2022-03-16,3.3444787354330825,4,0.27930093096205527,0.0,1003
2022-03-17,3.210988329290516,11,0.2283597930291694,0.0,1003
2022-03-18,3.416486038329897,8,0.4,0.0,1003
2022-03-19,3.3672878905267187,12,0.39501291483779516,0.0,1003
2022-03-20,3.170931628658983,24,0.37256286731335475,0.0,1003
2022-03-21,3.37999593102685,8,0.2841621287638177,0.0,1003
2022-03-22,3.341267910532247,6,0.1975251652482212,0.0,1003
2022-03-23,3.2922559025569846,10,0.36692836216655483,0.0,1003
2022-03-24,3.3414493548421063,12,0.4,0.0,1003
2022-03-25,3.4060067049267557,7,0.3872089399577499,0.0,1003
2022-03-26,3.2682377783733534,7,0.24807434364673817,0.0,1003
2022-03-27,3.2825084406134106,13,0.22016918494121338,0.0,1003
2022-03-28,3.398464819369228,7,0.4,0.0,1003
2022-03-29,3.3454429921229445,4,0.18603341658094494,0.0,1003
2022-03-30,3.2593298803694983,8,0.2716813138499585,0.0,1003
2022-03-31,3.348111208054808,4,0.14584166991114186,0.0,1003
2022-04-01,3.394837145411198,10,0.2061550724583579,0.0,1003
2022-04-02,3.3931708701422685,17,0.34761424309674477,0.0,1003
2022-04-03,3.3419746174907274,15,0.2012107854940929,0.0,1003
2022-04-04,3.300145341866852,6,0.4,0.0,1003
2022-04-05,3.304735884171829,9,0.32692208003714884,0.0,1003
2022-04-06,3.4163309987594053,8,0.16619162200286733,0.0,1003
2022-04-07,3.2078712327309313,6,0.4,0.0,1003
2022-04-08,3.259968047900595,4,0.29143501205561384,0.0,1003
2022-04-09,3.2923047181053082,14,0.38885993046652306,0.0,1003
2022-04-10,3.3332999221423543,13,0.2681429438965113,0.0,1003
2022-04-11,3.3158419041861023,6,0.1,0.0,1003
2022-04-12,3.3250380981814125,7,0.25413999596427045,0.0,1003
2022-04-13,3.2974841748108616,8,0.4,0.0,1003
2022-04-14,3.269271011102211,21,0.35818358132504435,0.0,1003
2022-04-15,3.2871565384122516,8,0.3125640373427998,0.0,1003
2022-04-16,3.287050153339722,11,0.4,0.0,1003
2022-04-17,3.327789483255197,9,0.24456960801376368,0.0,1003
2022-04-18,3.1686737494563686,4,0.19505115088563985,0.0,1003
2022-04-19,3.3494377211190085,1,0.24343506547564656,0.0,1003
2022-04-20,3.376832920150854,12,0.22315735424358168,0.0,1003
2022-04-21,3.271025738564868,8,0.4,0.0,1003
2022-04-22,3.3309373384192584,6,0.39466006565375034,0.0,1003
2022-04-23,3.1999377129465376,11,0.2933392185980602,0.0,1003
2022-04-24,3.308186903841234,10,0.2734202494850543,0.0,1003
2022-04-25,3.4224180127186634,11,0.28307403558813027,0.0,1003
2022-04-26,3.4109052264968187,7,0.3794435930708618,0.0,1003
2022-04-27,3.3032574547774534,9,0.31377686704346075,0.0,1003
2022-04-28,3.264732164567012,3,0.20160324564547008,0.0,1003
2022-04-29,3.244811694266244,6,0.255924001910782,0.0,1003
2022-04-30,3.3698246193332966,8,0.27120217345463815,0.0,1003
2022-05-01,3.2389029746708617,11,0.13051996584259634,0.0,1003
2022-05-02,3.2043978418287438,9,0.26623571683333075,0.0,1003
2022-05-03,3.2131516532523414,10,0.4,0.0,1003
2022-05-04,3.2756936952132776,12,0.2983157568671141,0.0,1003
2022-05-05,3.34471832055954,5,0.4,0.0,1003
2022-05-06,3.304588521095891,11,0.4,0.0,1003
2022-05-07,3.3341924606341564,16,0.19474084071911058,0.0,1003
2022-05-08,3.2874941751909756,14,0.2845579028852887,0.0,1003
2022-05-09,3.294483108378627,8,0.4,0.0,1003
2022-05-10,3.24690094612706,11,0.3878329301454128,0.0,1003
2022-05-11,3.230882294718948,7,0.27349469313779234,0.0,1003
2022-05-12,3.3175361932911502,16,0.27356296048140255,0.0,1003
2022-05-13,3.2851645371317613,9,0.2686748291346029,0.0,1003
2022-05-14,3.3457011022068968,6,0.3096418792390351,0.0,1003
2022-05-15,3.308510177385847,10,0.4,0.0,1003
2022-05-16,3.175646458576931,9,0.3090366523616167,0.0,1003
2022-05-17,3.335982743146736,5,0.2242680492424985,0.0,1003
2022-05-18,3.3139757906983296,7,0.3094307086075552,0.0,1003
2022-05-19,3.379008712662364,9,0.2193607805160018,0.0,1003
2022-05-20,3.25940560552601,6,0.18543907170556273,0.0,1003
2022-05-21,3.2825954211339963,15,0.24199117176409596,0.0,1003
2022-05-22,3.3130982977243044,8,0.4,0.0,1003
2022-05-23,3.25326482283673,12,0.1104245112359793,0.0,1003
2022-05-24,3.231581986533216,10,0.26308284121897835,0.0,1003
2022-05-25,3.233757987482719,6,0.2954612995411282,0.0,1003
2022-05-26,3.3177648956964143,12,0.4,0.0,1003
2022-05-27,3.238180098139814,4,0.4,0.0,1003
2022-05-28,3.308445239460502,12,0.23194164565652997,0.0,1003
2022-05-29,3.322956883431123,10,0.3741563755700523,0.0,1003
2022-05-30,3.3141775823475026,14,0.3922942928985094,0.0,1003
2022-05-31,3.2126894862714828,9,0.21606346853160388,0.0,1003
2022-06-01,3.2191091888912875,5,0.16631191194384712,0.0,1003
2022-06-02,3.269170799122639,7,0.4,0.0,1003
2022-06-03,3.245002413520927,5,0.28969955276308074,0.0,1003
2022-06-04,3.383473115410223,10,0.35067624213560933,0.0,1003
2022-06-05,3.2809902527610997,9,0.25468691015921363,0.0,1003
2022-06-06,3.2912800117694223,12,0.37001267356975603,0.0,1003
2022-06-07,3.318071663313744,4,0.3596928760321662,0.0,1003
2022-06-08,3.3269788946270205,8,0.2679431058805552,0.0,1003
2022-06-09,3.3096340552389028,6,0.19605230396649365,0.0,1003
2022-06-10,3.2608674059076876,3,0.3169852621066183,0.0,1003
2022-06-11,3.2459150839645465,6,0.4,0.0,1003
2022-06-12,3.2966045758888787,9,0.29750450910451354,0.0,1003
2022-06-13,3.3101330002746234,7,0.24442983498853801,0.0,1003
2022-06-14,3.3097510307789437,2,0.18492048607110959,0.0,1003
2022-06-15,3.2794916939804906,13,0.2957094040843715,0.0,1003
2022-06-16,3.203247867567568,7,0.2785149667693154,0.0,1003
2022-06-17,3.345139641041764,4,0.2822339463998299,0.0,1003
2022-06-18,3.254593150984337,13,0.23204488000332163,0.0,1003
2022-06-19,3.257618069672974,13,0.3918412800041585,0.0,1003
2022-06-20,3.241028565841387,8,0.16527677724503018,0.0,1003
2022-06-21,3.2790750875112247,7,0.4,0.0,1003
2022-06-22,3.3378772563284365,6,0.12996704079602533,0.0,1003
2022-06-23,3.330991190371965,10,0.4,0.0,1003
2022-06-24,3.3538532525578018,2,0.24900708775686187,0.0,1003
2022-06-25,3.3366559022233666,18,0.16506619395848407,0.0,1003
2022-06-26,3.214315477416325,13,0.20027236331119774,0.0,1003
2022-06-27,3.2670765655949743,11,0.298451054554051,0.0,1003
2022-06-28,3.2403096951836137,8,0.32461302119508073,0.0,1003
2022-06-29,3.2667790340511536,16,0.2687855266233571,0.0,1003
2022-06-30,3.3166680131061894,4,0.3204793762559046,0.0,1003
2022-07-01,3.2806982734757613,8,0.3114446741048478,0.0,1003
2022-07-02,3.286550431893207,12,0.4,0.0,1003
2022-07-03,3.184010283131701,12,0.24623615418793782,0.0,1003
2022-07-04,3.3448397419362035,12,0.4,0.0,1003
2022-07-05,3.2056303422418715,8,0.16487947780452375,0.0,1003
2022-07-06,3.345921878482558,9,0.1438902828833809,0.0,1003
2022-07-07,3.342767711522019,6,0.24839910296440681,0.0,1003
2022-07-08,3.160045966242319,8,0.3126692516688168,0.0,1003
2022-07-09,3.2933869877705093,11,0.2770075352490144,0.0,1003
2022-07-10,3.271261763364214,8,0.17135783117849368,0.0,1003
2022-07-11,3.3600316219788473,21,0.4,0.0,1003
2022-07-12,3.366456841873507,7,0.2627646239762831,0.0,1003
2022-07-13,3.301715842782351,10,0.27580514787499916,0.0,1003
2022-07-14,3.3935581050250985,8,0.26022942000838284,0.0,1003
2022-07-15,3.3398593045343725,8,0.332074241700022,0.0,1003
2022-07-16,3.360411823080886,15,0.2610717908478527,0.0,1003
2022-07-17,3.2646582361669583,5,0.3696738370174974,0.0,1003
2022-07-18,3.33771751912031,5,0.12256505106282246,0.0,1003
2022-07-19,3.293813004333856,10,0.39464712799117224,0.0,1003
2022-07-20,3.340548276483051,7,0.28983392779755746,0.0,1003
2022-07-21,3.300610942369563,12,0.3226378376893367,0.0,1003
2022-07-22,3.2263546439643074,4,0.3890309625603485,0.0,1003
2022-07-23,3.269867449859059,15,0.3197959910709209,0.0,1003
2022-07-24,3.3712041265231623,13,0.3422884711276816,0.0,1003
2022-07-25,3.2166955631720815,4,0.14649442163847776,0.0,1003
2022-07-26,3.331222928366258,5,0.25099395562672955,0.0,1003
2022-07-27,3.263063436409038,11,0.22093416586987458,0.0,1003
2022-07-28,3.3692074225676354,5,0.4,0.0,1003
2022-07-29,3.3160523538367053,4,0.29201004429996846,0.0,1003
2022-07-30,3.2779121698896296,10,0.322776054344622,0.0,1003
2022-07-31,3.3200929461704662,11,0.4,0.0,1003
2022-08-01,3.3332951008103047,10,0.3799129141633183,0.0,1003
2022-08-02,3.2811007046143374,10,0.1871215756400331,0.0,1003
2022-08-03,3.319286488729341,11,0.18254768449051353,0.0,1003
2022-08-04,3.355359939187957,7,0.4,0.0,1003
2022-08-05,3.3104095373830487,6,0.3087955637066368,0.0,1003
2022-08-06,3.36012244550769,10,0.21826445187682522,0.0,1003
2022-08-07,3.348373391882256,20,0.4,0.0,1003
2022-08-08,3.148130319838446,10,0.4,0.0,1003
2022-08-09,3.32988788876538,5,0.1740222698007333,0.0,1003
2022-08-10,3.271846149377812,8,0.4,0.0,1003
2022-08-11,3.281125726405547,9,0.18838968301952141,0.0,1003
2022-08-12,3.3872347375513923,9,0.29294841134456673,0.0,1003
2022-08-13,3.2190850228669734,10,0.2115755881620922,0.0,1003
2022-08-14,3.3093272230466457,10,0.24188041406186625,0.0,1003
2022-08-15,3.310708888951653,6,0.4,0.0,1003
2022-08-16,3.3108175027008446,9,0.35626637176227444,0.0,1003
2022-08-17,3.246907450414447,10,0.3114028666050314,0.0,1003
2022-08-18,3.310276574342308,9,0.3296868596569462,0.0,1003
2022-08-19,3.1464878683232316,12,0.2512766888242886,0.0,1003
2022-08-20,3.2994941814554744,13,0.4,0.0,1003
2022-08-21,3.3285946660234798,11,0.30154293664959914,0.0,1003
2022-08-22,3.304346666386955,4,0.2227825102860871,0.0,1003
2022-08-23,3.2973247945864808,10,0.3639852428607972,0.0,1003
2022-08-24,3.2856556391245357,5,0.39214591039971197,0.0,1003
2022-08-25,3.3432621043169415,7,0.3049627350072312,0.0,1003
2022-08-26,3.4395506705340284,8,0.15351733398112904,0.0,1003
2022-08-27,3.2843572565879335,9,0.35300836083787634,0.0,1003
2022-08-28,3.278278522927886,11,0.18048797573373238,0.0,1003
2022-08-29,3.27092973949027,8,0.3743684069398228,0.0,1003
2022-08-30,3.2815252709526312,8,0.393941175517743,0.0,1003
2022-08-31,3.3287615480276407,3,0.2838063552222771,0.0,1003
2022-09-01,3.324239115644726,4,0.16043021996413243,0.0,1003
2022-09-02,3.215376314298544,10,0.39816555175232354,0.0,1003
2022-09-03,3.2664242214224894,7,0.34739007134584665,0.0,1003
2022-09-04,3.3263091377926925,11,0.33464721500222766,0.0,1003
2022-09-05,3.3227773263010283,6,0.37074615316569715,0.0,1003
2022-09-06,3.317082112561519,8,0.4,0.0,1003
2022-09-07,3.3943555375897825,10,0.22632907322048154,0.0,1003
2022-09-08,3.2624774430515577,9,0.22186744147871904,0.0,1003
2022-09-09,3.2169625769644146,6,0.4,0.0,1003
2022-09-10,3.3240734593342474,7,0.2749798393405047,0.0,1003
2022-09-11,3.2637504446996,12,0.1701469067788772,0.0,1003
2022-09-12,3.3342126639407907,15,0.38634834472456137,0.0,1003
2022-09-13,3.372914937195334,8,0.4,0.0,1003
2022-09-14,3.2997878142255366,17,0.2768764917004855,0.0,1003
2022-09-15,3.334495302939396,8,0.3673230694872171,0.0,1003
2022-09-16,3.2127493970026997,10,0.2002514183548198,0.0,1003
2022-09-17,3.280365155698701,14,0.3982894822773039,0.0,1003
2022-09-18,3.326909570709947,25,0.1787181446059945,0.0,1003
2022-09-19,3.265367129490569,5,0.18462592360541416,0.0,1003
2022-09-20,3.332549377700393,4,0.4,0.0,1003
2022-09-21,3.2891543981292246,8,0.2784004830489593,0.0,1003
2022-09-22,3.2789025756149064,5,0.29607419642537164,0.0,1003
2022-09-23,3.278719681735775,6,0.28955432618021454,0.0,1003
2022-09-24,3.300333427388931,9,0.2179752375164924,0.0,1003
2022-09-25,3.3447484051027887,11,0.3208468843113619,0.0,1003
2022-09-26,3.272908201899503,3,0.3643190341201568,0.0,1003
2022-09-27,3.311417966492089,3,0.4,0.0,1003
2022-09-28,3.2997781326423095,9,0.274086292914767,0.0,1003
2022-09-29,3.2592776691989767,13,0.28286355775323074,0.0,1003
2022-09-30,3.3631989761986594,10,0.16017666238504122,0.0,1003
2022-10-01,3.3610510190326734,10,0.13224579264212713,0.0,1003
2022-10-02,3.315061977642787,22,0.4,0.0,1003
2022-10-03,3.3072157238060487,8,0.3458764053095217,0.0,1003
2022-10-04,3.2265728379608603,7,0.2815774186109844,0.0,1003
2022-10-05,3.359846424947906,7,0.24534127524900431,0.0,1003
2022-10-06,3.2826720805412366,8,0.4,0.0,1003
2022-10-07,3.2696437647695893,9,0.2661039130793931,0.0,1003
2022-10-08,3.2963656825712135,13,0.4,0.0,1003
2022-10-09,3.2906114404515456,15,0.22044867037385754,0.0,1003
2022-10-10,3.2923262078539297,2,0.4,0.0,1003
2022-10-11,3.2784633117081965,6,0.29161905558472023,0.0,1003
2022-10-12,3.288082992194346,4,0.2781729075452442,0.0,1003
2022-10-13,3.264145594958085,11,0.3443730205175139,0.0,1003
2022-10-14,3.262497032287488,4,0.23043599040995297,0.0,1003
2022-10-15,3.31671636865404,9,0.34674454401156896,0.0,1003
2022-10-16,3.413988972461059,14,0.2094723304663902,0.0,1003
2022-10-17,3.3969429952065475,9,0.29164567068785613,0.0,1003
2022-10-18,3.2652635362912967,6,0.24592284534821415,0.0,1003
2022-10-19,3.3764962861443464,11,0.3363306225532116,0.0,1003
2022-10-20,3.2682576861241786,5,0.247943904895289,5.9279912312997895e-08,1003
2022-10-21,3.208706160789826,11,0.17781052952115936,6.500971832003525e-07,1003
2022-10-22,3.3539742027779016,9,0.138161944825268,2.338401421804951e-06,1003
2022-10-23,3.2143808857310865,9,0.27558545700301507,7.4963791824721955e-06,1003
2022-10-24,3.291610468790457,7,0.3853259729462914,2.1421887837461346e-05,1003
2022-10-25,3.3012236203638325,10,0.4,5.509599993388736e-05,1003
2022-10-26,3.298972124166235,12,0.321387911683017,0.00012760230038835386,1003
2022-10-27,3.275465338152371,6,0.1555557024877223,0.00026708205661871,1003
2022-10-28,3.3220729933101745,8,0.4,0.0005073416977578153,1003
2022-10-29,3.2768738460427844,9,0.2451759181388753,0.0008777282588086172,1003
2022-10-30,3.243165208079984,12,0.13220752014611406,0.001390483471910512,1003
2022-10-31,3.3073109388141044,8,0.3803521924132833,0.002029894842621535,1003
2022-11-01,3.21329397045033,10,0.12218006853610207,0.0027517874579506777,1003
2022-11-02,3.1441454209020616,7,0.12012282185543331,0.003493487688445817,1003
2022-11-03,3.18520803783283,6,0.0672452669595231,0.0041879343712736055,1003
2022-11-04,3.222678891224281,11,0.26531178017315393,0.004775429747591682,1003
2022-11-05,3.126502295405947,16,0.10901626864043593,0.005209990062543818,1003
2022-11-06,3.1421930961623428,13,0.3,0.0054640339937972815,1003
2022-11-07,3.161811393998963,8,0.17154101074242883,0.005535271393736711,1003
2022-11-08,3.207090155666104,11,0.1030459463767078,0.005453815735231045,1003
2022-11-09,3.281505336664593,2,0.17541679534187468,0.005279535487708533,1003
2022-11-10,3.242431894033911,9,0.3,0.005088066747715864,1003
2022-11-11,3.0532503892583787,7,0.3,0.004946858751988792,1003
2022-11-12,3.218773286146609,10,0.24564601565889926,0.004893571535112057,1003
2022-11-13,3.2484557081108694,15,0.13328163057557055,0.004927824774063415,1003
2022-11-14,3.162108797399223,9,0.2286130776555367,0.005018995139397181,1003
2022-11-15,3.231498095597691,8,0.2776127457808281,0.005124578427305935,1003
2022-11-16,3.081583026024437,9,0.21937259929693811,0.005208869201003864,1003
2022-11-17,3.0555806541081667,5,0.3,0.00525170689848226,1003
2022-11-18,3.257241948892166,6,0.24626958711909824,0.005251215496286023,1003
2022-11-19,3.178929881355973,11,0.3,0.0052233759590447435,1003
2022-11-20,3.237449416107514,9,0.2176550542424129,0.005198215025105499,1003
2022-11-21,3.281552805536635,1,0.2274540118375703,0.005212633922083433,1003
2022-11-22,3.2197538153586334,11,0.22064468982948712,0.005307862662276393,1003
2022-11-23,3.142800858456609,7,0.14608455221286581,0.005528122377337854,1003
2022-11-24,3.116549295373204,5,0.27146895093843404,0.005943312250275709,1003
2022-11-25,3.166308448506372,9,0.07446720837463248,0.006683710109027516,1003
2022-11-26,3.2014549764492255,9,0.1743197014922373,0.007959799476755543,1003
2022-11-27,3.108995092692178,8,0.3,0.010038039579791123,1003
2022-11-28,3.279862174803478,13,0.05,0.01316158551317961,1003
2022-11-29,3.202557681042376,12,0.1513384985542245,0.017430813022868627,1003
2022-11-30,2.9580165768261346,7,0.05,0.02270408898699181,1003
2022-12-01,3.357046101007588,6,0.11670550519769929,0.028569891258015057,1003
2022-12-02,3.315354396949857,6,0.21765054333400766,0.03442331142298991,1003
2022-12-03,3.160905981784758,12,0.12122430107600307,0.039632911691614515,1003
2022-12-04,3.1258138314576462,9,0.11241143263967851,0.043719556368101646,1003
2022-12-05,3.2262846298930588,22,0.3,0.04648507067071615,1003
2022-12-06,3.232063000713402,13,0.16721388276671795,0.04802037202079784,1003
2022-12-07,3.2303493457274874,6,0.07755368044088369,0.048618468710026,1003
2022-12-08,3.223423828292327,9,0.18594503125569192,0.04864648322087111,1003
2022-12-09,3.177202671065484,13,0.06514970080844745,0.048428887030874494,1003
2022-12-10,3.252345473813947,10,0.3,0.04818534876657393,1003
2022-12-11,3.1967189988294913,9,0.3,0.0480138680522704,1003
2022-12-12,3.226266147369342,6,0.205920174390669,0.04791524634904039,1003
2022-12-13,3.3528278707620065,8,0.1779665806963017,0.04785864207619782,1003
2022-12-14,3.200653774771171,7,0.24610437882752806,0.04786457817943757,1003
2022-12-15,3.178770036022964,7,0.2226991628067407,0.04804670816199531,1003
2022-12-16,3.1820312196231586,7,0.3,0.048570983003079535,1003
2022-12-17,3.2133098863402703,10,0.1566399019381626,0.04954244453781522,1003
2022-12-18,3.2738664819585783,16,0.3,0.05088818824982402,1003
2022-12-19,3.1802707126457945,10,0.3,0.05231474870760165,1003
2022-12-20,3.2343341404590538,11,0.3,0.05340526295001884,1003
2022-12-21,3.235626390167504,9,0.19620287113390522,0.05381709399243366,1003
2022-12-22,3.1544932923657716,10,0.3,0.05349260548435061,1003
2022-12-23,3.088257223736652,8,0.17512005792690197,0.05273754420609569,1003
2022-12-24,3.229057666772347,13,0.2743463280475489,0.052103560649094195,1003
2022-12-25,3.0327671296162104,16,0.3,0.05210413146447847,1003
2022-12-26,3.1932638270740377,6,0.09127897813974703,0.05293806389537702,1003
2022-12-27,3.295584365120111,4,0.1858621241612041,0.05438200274676928,1003
2022-12-28,3.1915419881832348,6,0.11232584374243078,0.05590984735274006,1003
2022-12-29,3.158848337799504,5,0.2501523511118163,0.05695346575994014,1003
2022-12-30,3.197212459520574,10,0.2269516223331576,0.057112736813666735,1003
2022-12-31,3.222190726800945,11,0.2744676289570221,0.056247467905712493,1003
2023-01-01,3.3218057549844717,10,0.12654635231609374,0.05444468360666769,1003
2023-01-02,3.237970136579486,6,0.22649746117771236,0.05198356912207194,1003
2023-01-03,3.1443317898629832,8,0.12164625946497008,0.0493312600308682,1003
2023-01-04,3.1835249726487107,10,0.24471600206354863,0.047100171220214246,1003
2023-01-05,3.210568809640642,8,0.1470188256647722,0.04590831029178518,1003
2023-01-06,3.191727286461121,6,0.13237940614997412,0.04613048195083919,1003
2023-01-07,3.3034942169226653,15,0.1296507986370896,0.0476709368584575,1003
2023-01-08,3.0372772449939984,9,0.17775644202245286,0.04992630283703734,1003
2023-01-09,3.328351845944352,12,0.29395576779276966,0.05199114343168726,1003
2023-01-10,3.2278743474351734,6,0.1666726190796524,0.05301502842409456,1003
2023-01-11,3.184458137528176,7,0.11954788040889468,0.05252698518809257,1003
2023-01-12,3.210816160656691,4,0.2677637529230658,0.05058405872811757,1003
2023-01-13,3.1073401654799966,11,0.13222110564069897,0.04768282158487609,1003
2023-01-14,3.276747529776025,18,0.0806893262081532,0.044543298790611266,1003
2023-01-15,3.061364674333252,20,0.1660025524399485,0.04187716551875225,1003
2023-01-16,3.399114847769468,13,0.08484309372097039,0.04022297456291195,1003
2023-01-17,3.0621911520757394,8,0.14550766673122698,0.0398392770980091,1003
2023-01-18,3.223389268773803,8,0.13368978297154552,0.040635499458403786,1003
2023-01-19,3.1702849013945356,9,0.1938862374925139,0.04215275729000602,1003
2023-01-20,3.172538196411276,4,0.10465900541741421,0.043682395055990746,1003
2023-01-21,3.230222988785198,15,0.07769095783570192,0.04452278609949338,1003
2023-01-22,3.102855262262577,15,0.22733931375245797,0.044284174614952744,1003
2023-01-23,3.2113037669219047,6,0.1848160527046939,0.043070951703446436,1003
2023-01-24,3.1983163775891543,10,0.29390908855167674,0.041415189686517306,1003
2023-01-25,3.2102244520347676,5,0.29871438421678465,0.039999318933330585,1003
2023-01-26,3.127545577154635,8,0.23208156542564243,0.039334238328684344,1003
2023-01-27,3.2093456266102227,10,0.1890504128827187,0.03955285821865412,1003
2023-01-28,3.0826921662821505,14,0.3,0.04043152285313501,1003
2023-01-29,3.1920910704688454,10,0.2666054987423029,0.04155972515716703,1003
2023-01-30,3.207996212900476,6,0.23364145299515462,0.042539533199889776,1003
2023-01-31,3.2023329022230933,7,0.14424824608371595,0.0431173728443217,1003
2023-02-01,3.364220120080699,6,0.14490704257209527,0.043199795006911026,1003
2023-02-02,3.0407683878748926,11,0.15060814667590777,0.042825901038745395,1003
2023-02-03,3.141039572120601,8,0.13687138307204277,0.042129702330303415,1003
2023-02-04,3.209149240203087,10,0.2179088971549452,0.04130198336945056,1003
2023-02-05,3.1748362736793188,12,0.13511431758799144,0.040534083050606816,1003
2023-02-06,3.1482450829963864,8,0.262470658158566,0.03994151102820997,1003
2023-02-07,3.244438092185543,10,0.16462768749832452,0.039520718411688076,1003
2023-02-08,3.1330500352509865,3,0.1306428763265438,0.039155714875401065,1003
2023-02-09,3.3095465091801035,9,0.11229254271460166,0.03870298574903175,1003
2023-02-10,3.1441404619183753,14,0.10103029770585939,0.03807231745611514,1003
2023-02-11,3.32292219471454,24,0.20387794389666009,0.03730504562379735,1003
2023-02-12,3.0315250760512407,12,0.15798680776865,0.03659294074971528,1003
2023-02-13,3.172936799745961,12,0.1416968324525117,0.03625051386332723,1003
2023-02-14,3.2012820320226134,15,0.11957392032247277,0.03661069093885493,1003
2023-02-15,3.070299960399823,12,0.11748226272352778,0.03788850265197889,1003
2023-02-16,3.28869901594859,10,0.1731465150927061,0.040042536187285656,1003
2023-02-17,3.1935944956271314,6,0.2587598383306997,0.04274012135495162,1003
2023-02-18,3.1555873434556605,13,0.10377488980304933,0.045452929668864814,1003
2023-02-19,3.075932897996031,12,0.13455117220629767,0.04763897507075125,1003
2023-02-20,3.269392095503887,10,0.3,0.048927213331346225,1003
2023-02-21,3.154015834130928,4,0.26707691130577693,0.04921401295920453,1003
2023-02-22,3.287271000923108,12,0.10626755913319519,0.048646988069254576,1003
2023-02-23,3.1966427667351387,7,0.2370787357095799,0.04754349489484208,1003
2023-02-24,3.2259637096751717,15,0.2997459933484992,0.046276454592506185,1003
2023-02-25,3.211211372981544,9,0.3,0.04516916029909936,1003
2023-02-26,3.1614372113061635,13,0.16126165180335078,0.0444221778983768,1003
2023-02-27,3.246978384175746,9,0.20473520465340625,0.044089138204699056,1003
2023-02-28,3.1390735503376295,8,0.14126182498923265,0.044109014050331324,1003
2023-03-01,3.3012386259093676,6,0.15020751185034706,0.044358191538744735,1003
2023-03-02,3.189032026839761,9,0.3,0.04470305180002892,1003
2023-03-03,3.2046096736679943,14,0.13267485094609452,0.04501347638466584,1003
2023-03-04,3.2177077125419538,17,0.19494363928807537,0.04514097111978995,1003
2023-03-05,3.218772519925271,10,0.171269050568003,0.044903268514921005,1003
2023-03-06,3.2047043280525394,9,0.23427532998005435,0.0441232877524512,1003
2023-03-07,3.2281625625451826,6,0.08969911383288842,0.04271934204556689,1003
2023-03-08,3.2597443093639873,9,0.10516475013777561,0.04079824342720012,1003
2023-03-09,3.1345933555256646,9,0.19843717484692253,0.03868226571828493,1003
2023-03-10,3.102188667983171,11,0.14307371827861712,0.0368442793723916,1003
2023-03-11,3.2486028750186984,17,0.3,0.035771790525016944,1003
2023-03-12,3.234241411322143,17,0.1953156576322505,0.03582281861186853,1003
2023-03-13,3.191237075368229,6,0.20361175554727365,0.03711738193154211,1003
2023-03-14,3.0685729769214247,17,0.2035968692084015,0.039483305501022345,1003
2023-03-15,3.264924440627999,9,0.1691885056146323,0.04249569345106812,1003
2023-03-16,3.151790338832236,5,0.19306003285348444,0.04557897879232297,1003
2023-03-17,3.2767412019500104,10,0.2513191265937622,0.04816069462583071,1003
2023-03-18,3.2598446200599036,17,0.13429912283705517,0.049828550240497343,1003
2023-03-19,3.0285287129704583,20,0.28718794487391347,0.05043238995524635,1003
2023-03-20,3.1415682513142755,4,0.2268515479577556,0.05009590489278251,1003
2023-03-21,3.227702340251275,8,0.16720486249867242,0.04913673466441771,1003
2023-03-22,3.1368391102874287,11,0.2360346079429167,0.0479122696672776,1003
2023-03-23,3.1899397354891943,13,0.06455632172681698,0.04667227971191775,1003
2023-03-24,3.1856818796685875,5,0.22632716261667982,0.045492156293739316,1003
2023-03-25,3.197137546045631,16,0.2513305909437297,0.04436450993106916,1003
2023-03-26,3.298347421557836,17,0.3,0.04336433271918509,1003
2023-03-27,3.1246048075727417,15,0.20190269977763708,0.04276709608818577,1003
2023-03-28,3.269464909742995,9,0.1838356437354178,0.042994565721435625,1003
2023-03-29,3.1680015576892484,10,0.3,0.044386257954351006,1003
2023-03-30,3.2247059966771836,12,0.13735390053132515,0.04692936089139251,1003
2023-03-31,3.199878013322949,11,0.09652876501033496,0.0501439321699805,1003
2023-04-01,3.310965974483973,15,0.2530218781811324,0.05322487605021588,1003
2023-04-02,3.305544649425815,12,0.3,0.05538096244957897,1003
2023-04-03,3.264162436345771,11,0.16111737270442414,0.05619653982032837,1003
2023-04-04,3.0593332035890235,2,0.18761951386737952,0.05579643045710031,1003
2023-04-05,3.228351623072002,9,0.3,0.054728848568824304,1003
2023-04-06,3.267980847836219,15,0.2033163864179058,0.05364397876709676,1003
2023-04-07,3.087670817629915,7,0.24081782283263675,0.05297196989406276,1003
2023-04-08,3.1413187855153533,10,0.06953628826583574,0.052767785885345,1003
2023-04-09,3.2461398510689787,16,0.3,0.052775768212916935,1003
2023-04-10,3.2099088255819432,10,0.14546782379299183,0.052628266615689805,1003
2023-04-11,3.0342366787739903,7,0.07825442328186277,0.05203811344496266,1003
2023-04-12,3.2248208042966273,14,0.14699747690794995,0.0509115140014717,1003
2023-04-13,3.107243644669095,7,0.14423557254915997,0.049388006091695524,1003
2023-04-14,3.148067951915715,2,0.21454444252979832,0.04782692336575037,1003
2023-04-15,3.094518847039415,9,0.24236720581349624,0.0467087413209909,1003
2023-04-16,3.2866807406169647,18,0.1304790435641269,0.04645014309001645,1003
2023-04-17,3.2212889517600907,7,0.22686711503086257,0.04718161026952055,1003
2023-04-18,3.1158022985281972,5,0.26094894280018566,0.04863069592283216,1003
2023-04-19,3.2781893851968595,5,0.1418136837202252,0.05020292759962322,1003
2023-04-20,3.204824553862908,5,0.1451825690265382,0.05127001488024753,1003
2023-04-21,3.1515898498724813,10,0.3,0.05147357022983087,1003
2023-04-22,3.184100296177999,9,0.3,0.05091011436797127,1003
2023-04-23,3.133573360496771,10,0.19190112367100673,0.05010260027622545,1003
2023-04-24,3.0561443636357426,9,0.23175025477711986,0.04980492554814819,1003
2023-04-25,3.072896775015424,5,0.2560677223136473,0.050747852180884165,1003
2023-04-26,3.2844119226548782,5,0.16614758327776938,0.05339193788877319,1003
2023-04-27,3.177509552882432,11,0.19482374035400699,0.05775066859407918,1003
2023-04-28,3.148375819281755,13,0.06777289762138351,0.06336372991018605,1003
2023-04-29,3.14037864169563,16,0.2921093083203059,0.06945263863996937,1003
2023-04-30,3.2205182851555016,13,0.14396588727564516,0.07522469719577818,1003
2023-05-01,3.222347487052936,8,0.12312109860717178,0.08017157916518018,1003
2023-05-02,3.219712263872853,13,0.1465163839948299,0.08418672594699578,1003
2023-05-03,3.2230868993443393,3,0.05814017616911135,0.08743392687198608,1003
2023-05-04,3.1222075772561335,9,0.3,0.09007606673180237,1003
2023-05-05,3.1992300799437627,4,0.19098146276325073,0.0920635374672238,1003
2023-05-06,3.2362808470053617,13,0.2593227412021926,0.09315061002642619,1003
2023-05-07,3.264971786426367,14,0.1749967540424783,0.09310485683834557,1003
2023-05-08,3.219194124300619,4,0.1895191299343842,0.09195552253838654,1003
2023-05-09,3.173720629519782,19,0.07871206432877209,0.09007169954334288,1003
2023-05-10,3.189987210227721,8,0.3,0.08804293210980642,1003
2023-05-11,3.1916028101508003,9,0.2438042290331569,0.08645099618475212,1003
2023-05-12,3.1678636194402734,11,0.13792285665295675,0.08569351713059221,1003
2023-05-13,3.228275626461162,8,0.16987526339274353,0.08592348606388306,1003
2023-05-14,3.150881035340986,15,0.22991522736202433,0.08707420243817393,1003
2023-05-15,3.2083162940690073,8,0.1431099531293955,0.08887553761022239,1003
2023-05-16,3.1863117262219283,11,0.18460194423783208,0.0908800499664171,1003
2023-05-17,3.24269742927782,11,0.12094438294556069,0.09252062382868115,1003
2023-05-18,3.1688935383691432,12,0.26512673167515677,0.09325485872322686,1003
2023-05-19,3.215937620149134,16,0.14212239239563806,0.0927377057987515,1003
2023-05-20,3.239678808144213,16,0.0904325423664825,0.09094497596073053,1003
2023-05-21,3.140123318837987,13,0.1482420955838595,0.08822312421673612,1003
2023-05-22,3.250201075491566,10,0.2688105946431102,0.08522559357799142,1003
2023-05-23,3.1203710383188623,13,0.3,0.0827537394574939,1003
2023-05-24,3.122510967036486,6,0.3,0.08151770183903494,1003
2023-05-25,3.210593885529026,7,0.21579008904131675,0.08188643662993589,1003
2023-05-26,3.127568258442456,8,0.11946793127252543,0.08375090651724997,1003
2023-05-27,3.067278168344628,20,0.20755543068066937,0.08659168050951563,1003
2023-05-28,3.3507123527476432,13,0.11583278964080074,0.0897193048699132,1003
2023-05-29,3.2789032491233088,14,0.06975038222182943,0.0925316783113221,1003
2023-05-30,3.1184736676267146,9,0.16498195941574237,0.09466980324090096,1003
2023-05-31,3.1998533222727956,13,0.15205135896982344,0.09601499276031672,1003
2023-06-01,3.261466138788733,6,0.06349877465714354,0.09662347457223248,1003
2023-06-02,3.1450512468161307,3,0.1869083531280677,0.0966661614324637,1003
2023-06-03,3.181541212252778,15,0.3,0.09643357800033771,1003
2023-06-04,3.1404426101683964,10,0.21493722344160462,0.09632283274572354,1003
2023-06-05,3.1944387504801077,10,0.14132874798398626,0.09678445654073611,1003
2023-06-06,3.1497613170980676,10,0.28293754769283436,0.09819888601177233,1003
2023-06-07,3.2296763257134296,7,0.13532051693470323,0.10072224644777028,1003
2023-06-08,3.227040454466726,12,0.3,0.10414290045323943,1003
2023-06-09,3.1582779834304002,12,0.20092183302827907,0.10787051197674126,1003
2023-06-10,3.096047228663848,12,0.2059456443153641,0.11111560400847328,1003
2023-06-11,3.0371344054987715,14,0.2264278189286538,0.11323340459161058,1003
2023-06-12,3.2527163071361382,10,0.29255933840069087,0.11405551734320823,1003
2023-06-13,3.1240370237732753,4,0.15745687085588092,0.11401258137449957,1003
2023-06-14,3.303082925533788,10,0.3,0.11392925178346938,1003
2023-06-15,3.230158339474161,17,0.3,0.11459173252463647,1003
2023-06-16,3.2154726889071537,7,0.19665920062436698,0.11632691592678791,1003
2023-06-17,3.1680661507626184,18,0.19755111940669579,0.11882900238086194,1003
2023-06-18,3.044908106264264,12,0.3,0.12129778367031563,1003
2023-06-19,3.2918737241092404,12,0.3,0.12278059658545404,1003
2023-06-20,3.2211357100350275,6,0.3,0.12251345912836742,1003
2023-06-21,3.05866507572645,7,0.3,0.1201160130220493,1003
2023-06-22,3.1224506088811275,3,0.3,0.11564062276462514,1003
2023-06-23,3.300057066633705,8,0.13862218202053128,0.10953310311133266,1003
2023-06-24,3.2487181685481787,19,0.24461476740345,0.10255053480173006,1003
2023-06-25,3.288467446677501,14,0.2590249252519809,0.09566851002126874,1003
2023-06-26,3.136171184109659,8,0.2925764095992839,0.08991802559755274,1003
2023-06-27,3.050148681150662,4,0.20674443550267566,0.08615911279436625,1003
2023-06-28,3.0909878260101022,10,0.2375397470888322,0.08485903555580858,1003
2023-06-29,3.2388380093363307,12,0.2004070638162288,0.0859926547829335,1003
2023-06-30,3.2766557846906137,9,0.21691050832882422,0.089095858769245,1003
2023-07-01,3.3109909040450813,23,0.21075639603730428,0.09344638426771515,1003
2023-07-02,3.09332055658821,17,0.21828780505402062,0.09827452632495969,1003
2023-07-03,3.2093321141063345,8,0.29129805342900517,0.10292375716987275,1003
2023-07-04,3.268950355865397,13,0.21983036822062707,0.10692920113133039,1003
2023-07-05,3.2998036371833224,9,0.0935784694023401,0.10999212682957143,1003
2023-07-06,3.109687595591474,4,0.19252345289881034,0.11190645032366929,1003
2023-07-07,3.137784590694243,8,0.06409952855958428,0.11249830593171355,1003
2023-07-08,3.2281430094138597,11,0.3,0.11165990496787245,1003
2023-07-09,3.2458254532914688,9,0.14485381476389736,0.10948321633102283,1003
2023-07-10,3.109859240085392,4,0.1916495465186006,0.10638439239748458,1003
2023-07-11,3.2435423735725304,1,0.13364111227999123,0.10307483873854262,1003
2023-07-12,3.107231895727803,11,0.12400151290995311,0.10031142432311464,1003
2023-07-13,3.3019060751055234,7,0.23895662065927856,0.09856968921025197,1003
2023-07-14,3.0700689207790473,6,0.13192446176805192,0.09784971062543606,1003
2023-07-15,3.074517050202927,14,0.2456851521793274,0.09778573927521236,1003
2023-07-16,3.2017111939041643,11,0.2915055112375558,0.0979568873509054,1003
2023-07-17,3.3066426629486676,2,0.1461065891885286,0.09815238788769973,1003
2023-07-18,3.203426044243161,9,0.3,0.09839003648053019,1003
2023-07-19,3.2761765844394914,14,0.3,0.09869401657775274,1003
2023-07-20,3.228254651643724,13,0.2862885891065498,0.09887193084701348,1003
2023-07-21,3.199121261495382,8,0.23460379336900106,0.09851848546899795,1003
2023-07-22,3.1861488942276646,13,0.14145802569264537,0.09727611823607898,1003
2023-07-23,3.249895878843142,7,0.17703702206461416,0.09513819033101203,1003
2023-07-24,3.2089070664423702,8,0.2913520103242977,0.09257326840198493,1003
2023-07-25,3.2080294030830094,13,0.10772425464386196,0.09037796234628737,1003
2023-07-26,3.2700147786307117,6,0.21242256577225346,0.08935190793434265,1003
2023-07-27,3.182189601702655,7,0.2752217009527014,0.08996906253081005,1003
2023-07-28,3.2310930917547185,6,0.16827713525491692,0.092187449074219,1003
2023-07-29,3.194523675150625,16,0.19474395594726074,0.09543053934461596,1003
2023-07-30,3.220925650253588,8,0.12928715581504008,0.0987952308503422,1003
2023-07-31,3.3242154702929936,6,0.1135239842562484,0.10139394818897333,1003
2023-08-01,3.2829554687717635,6,0.23284567450042667,0.10270247164570412,1003
2023-08-02,3.0297806671766137,7,0.08831519821000287,0.10271445136595422,1003
2023-08-03,3.25655979496993,7,0.07647167790745373,0.10180538110308901,1003
2023-08-04,3.1533810385708363,1,0.15694591629208338,0.10041266480833463,1003
2023-08-05,3.3808263490734345,16,0.24187655286290552,0.09875057905801579,1003
2023-08-06,3.356743310779261,17,0.0877913200083566,0.09679200969947374,1003
2023-08-07,3.202138275120512,2,0.24137349725852467,0.09449175055807982,1003
2023-08-08,3.136443743610916,8,0.1627848178035167,0.0920556840860409,1003
2023-08-09,3.238362876092486,9,0.21080061301922734,0.09000599638305755,1003
2023-08-10,3.2094740409045923,11,0.23119257003642912,0.08893750555005271,1003
2023-08-11,3.027946991180358,1,0.3,0.08913031353794083,1003
2023-08-12,3.319132223519801,9,0.15071404904471059,0.09031396211267878,1003
2023-08-13,3.117373815491792,21,0.2272832064829215,0.09180041009352373,1003
2023-08-14,2.9979880315812224,8,0.1910021876667645,0.09288773227414376,1003
2023-08-15,3.2166741078197485,7,0.23056513615503646,0.09330961293238386,1003
2023-08-16,3.1880698930923987,6,0.12543905722981682,0.09338967853999207,1003
2023-08-17,3.196766040320516,3,0.10680616200681023,0.09382503850135052,1003
2023-08-18,3.1311819388102546,6,0.24740046842747546,0.09523742263299115,1003
2023-08-19,3.285540889884361,12,0.26958152709948835,0.09776359905039664,1003
2023-08-20,3.026302379574766,16,0.2135997498320184,0.10092831136590338,1003
2023-08-21,3.1892979535956427,8,0.3,0.10384192715892226,1003
2023-08-22,3.1778119030393603,8,0.2291065467646741,0.10560868588008039,1003
2023-08-23,3.1152063959450538,6,0.3,0.10573428354596741,1003
2023-08-24,3.1557356536617878,7,0.3,0.10433352209547292,1003
2023-08-25,3.254510674210717,6,0.17711429718707553,0.10206530566981598,1003
2023-08-26,3.2175323235791318,13,0.167487746309547,0.09982857318778421,1003
2023-08-27,3.366022523823478,14,0.13474325681592328,0.0983723679233794,1003
2023-08-28,3.1596034655040137,13,0.15255444387903816,0.09798964319966146,1003
2023-08-29,3.128447580211091,12,0.18533141688909116,0.09844619345668351,1003
2023-08-30,3.1184042671580947,13,0.22640230603822345,0.09918062061750708,1003
2023-08-31,3.1905904611315123,12,0.3,0.09964883560642165,1003
2023-09-01,3.3199480707851294,12,0.0503377497886119,0.09962132435905521,1003
2023-09-02,3.213005037046374,8,0.05,0.09925054362340513,1003
2023-09-03,3.2909637311980298,19,0.1440429296539193,0.09887478370985789,1003
2023-09-04,3.0540132597404313,3,0.06995408025841558,0.09874993103282999,1003
2023-09-05,3.254342800206817,8,0.3,0.0988896215758791,1003
2023-09-06,3.2807802814988145,8,0.2656728743947144,0.09913750398752641,1003
2023-09-07,3.2616977301373162,6,0.1546771596635501,0.0993434325228636,1003
2023-09-08,3.292564329465002,14,0.29644310605652907,0.09948317750565125,1003
2023-09-09,3.295875067096525,16,0.3,0.09961065825102892,1003
2023-09-10,3.3813285662710517,17,0.2661550950226474,0.09972438700288674,1003
2023-09-11,3.0818606079781934,3,0.11006463859827362,0.0996670508543853,1003
2023-09-12,3.0981763045667496,11,0.16240117941243254,0.09917710432913715,1003
2023-09-13,3.20198459324638,12,0.2470819048321152,0.0980790667935974,1003
2023-09-14,3.3175409373961986,9,0.15053378957590602,0.09644566061828014,1003
2023-09-15,3.3593242657221407,8,0.2996945541229139,0.09464901753021907,1003
2023-09-16,3.169221349838915,14,0.13730536480510427,0.09323124478563567,1003
2023-09-17,3.067410073340651,2,0.19366982647733932,0.0926996891032587,1003
2023-09-18,3.1807319565000998,11,0.3,0.09332757289191022,1003
2023-09-19,3.1327496863583857,11,0.21903044483160133,0.09504708278239024,1003
2023-09-20,3.182884869161257,7,0.28161854880642434,0.09745420271905404,1003
2023-09-21,3.1413082633457723,7,0.08771392525179582,0.09991248915015684,1003
2023-09-22,3.078601600651049,10,0.3,0.10174520772082589,1003
2023-09-23,3.1998237912273306,13,0.1930977058640025,0.1024539343923134,1003
2023-09-24,3.171757280373303,12,0.3,0.10189479236620322,1003
2023-09-25,3.063857444584468,12,0.20870833308356074,0.10033352408972719,1003
2023-09-26,3.3022017664237873,7,0.2088639556426305,0.09833869273428857,1003
2023-09-27,3.1613850111034263,15,0.15729084032966262,0.09653872789597656,1003
2023-09-28,3.2607257102890386,8,0.1610957644022577,0.09537159292745631,1003
2023-09-29,3.217246838055545,15,0.2249377463594832,0.09497174831019611,1003
2023-09-30,3.0818039629451777,11,0.08257064569098718,0.0952591440136159,1003
2023-10-01,3.229179120613746,20,0.2712241190268869,0.09614854717256008,1003
2023-10-02,3.2006266748497505,11,0.22409560732088732,0.09771442845073618,1003
2023-10-03,3.1880499550508885,8,0.18174391935087456,0.10015738473766596,1003
2023-10-04,3.253271387193003,10,0.2186743420357333,0.10358577254287485,1003
2023-10-05,3.2399691333376968,11,0.26073268654061954,0.10776596130176423,1003
2023-10-06,3.178061120787234,12,0.15427181205355867,0.11203371154731348,1003
2023-10-07,3.209528618354675,17,0.23449727759270475,0.11544627923259942,1003
2023-10-08,3.265621541360291,12,0.20873761186162904,0.11712076486427589,1003
2023-10-09,3.098070859403504,7,0.05,0.11660204908809668,1003
2023-10-10,3.110284573396674,10,0.24249368055372347,0.11405063891623132,1003
2023-10-11,3.2673176129148356,10,0.21972325183202113,0.11017056924253746,1003
2023-10-12,3.290485745386785,8,0.1377005169947555,0.1058757333579805,1003
2023-10-13,3.339567025957111,12,0.16420130856651835,0.1018703654822425,1003
2023-10-14,3.2060190375053566,10,0.05886014952847571,0.09839602210447301,1003
2023-10-15,3.2075349817343897,8,0.1614705604269296,0.09529314830415744,1003
2023-10-16,3.2138996943993776,10,0.28430091704492577,0.09230782466688656,1003
2023-10-17,3.0614165653441376,5,0.18969359549688697,0.08939215526509661,1003
2023-10-18,3.2463173934993734,12,0.1789839492703759,0.08676163103911863,1003
2023-10-19,3.1132144685904777,13,0.3,0.08472474108051105,1003
2023-10-20,3.1436475800005734,10,0.2131146307621173,0.08344936923987215,1003
2023-10-21,3.146153656006108,20,0.2600734542748146,0.08288483014650053,1003
2023-10-22,3.193838913403131,13,0.19029400353870313,0.08289202044720792,1003
2023-10-23,3.2642532812358245,7,0.10835868658216814,0.08342792184472043,1003
2023-10-24,3.1060224844666715,10,0.12403892990496554,0.08463206424110509,1003
2023-10-25,3.236565356778382,13,0.10041682517405529,0.08677051884943712,1003
2023-10-26,3.0306433411818117,10,0.172633610039274,0.09016420245313098,1003
2023-10-27,3.175270054608562,10,0.25931682641080406,0.09517791025633063,1003
2023-10-28,3.2840798975245313,11,0.13220266165145803,0.10226017375378588,1003
2023-10-29,3.221963934991645,5,0.08451701776464976,0.11186895454504787,1003
2023-10-30,3.212613336876402,16,0.19338312088468715,0.12421133678284271,1003
2023-10-31,3.1599092125918102,7,0.140965960879437,0.13889784921805265,1003
2023-11-01,3.244795031486891,7,0.3,0.15475983405184984,1003
2023-11-02,3.0584578373045264,12,0.3,0.1700463450628008,1003
2023-11-03,3.2075429428021467,11,0.200808459994742,0.1829555438885525,1003
2023-11-04,3.2259858436253337,17,0.16190039666285405,0.1922360783799722,1003
2023-11-05,3.165692973748338,6,0.14772809979416993,0.19754425461468017,1003
2023-11-06,3.132845527324651,12,0.09405562983286044,0.19943064673103428,1003
2023-11-07,3.112984551117206,11,0.05,0.19900783276064288,1003
2023-11-08,3.213608597399134,7,0.3,0.19747638278534357,1003
2023-11-09,3.1540084158248036,10,0.1547362933520534,0.19569575401893688,1003
2023-11-10,3.1670870348965865,12,0.1303684767123663,0.19394855411585413,1003
2023-11-11,3.103972231446371,17,0.1159141221748796,0.19198992005644164,1003
2023-11-12,3.1443094898736987,15,0.26217148349205943,0.18935631392040458,1003
2023-11-13,3.0217223830715843,15,0.05,0.18577782706853035,1003
2023-11-14,3.2992979117949477,15,0.1951227310763623,0.18144713687791908,1003
2023-11-15,3.0964757547050685,13,0.2338999232969035,0.1769865879434914,1003
2023-11-16,3.146012493762697,7,0.1358525101468025,0.17312117509718833,1003
2023-11-17,3.215000042971036,10,0.26207470458749493,0.17031277891650867,1003
2023-11-18,3.218746840848702,13,0.16297918303518982,0.1686059194666008,1003
2023-11-19,3.065098387265367,21,0.220434045958522,0.1677900699861054,1003
2023-11-20,3.1756670178363104,7,0.19302837611980814,0.16771025140578255,1003
2023-11-21,3.134390714153471,13,0.15599326855606133,0.16847882279553394,1003
2023-11-22,3.2206717292997222,5,0.24723433828622052,0.17043602727010948,1003
2023-11-23,3.3345771302502807,10,0.3,0.17392987099938825,1003
2023-11-24,3.191276715066403,17,0.3,0.17906515916218707,1003
2023-11-25,3.1530522983400417,13,0.16030695563030306,0.18554634201322573,1003
2023-11-26,3.2409454679853034,16,0.09602579462197719,0.19267047381233063,1003
2023-11-27,3.3631933285885403,13,0.18638964888179896,0.19946730524331585,1003
2023-11-28,3.1707666366016305,11,0.21580621254875404,0.20494952776508285,1003
2023-11-29,3.117235728970686,11,0.28330354323514273,0.20841293838617306,1003
2023-11-30,3.1053511525814574,5,0.16529809592730285,0.20964891845359737,1003
2023-12-01,3.2403467451857697,8,0.22570629631112718,0.20895442789479068,1003
2023-12-02,3.2075114339420376,10,0.2670054477456948,0.20691694377680261,1003
2023-12-03,3.188591676013599,15,0.20585274020295372,0.20408790975706734,1003
2023-12-04,3.234824228822493,16,0.09099180657884606,0.20077716113773897,1003
2023-12-05,3.2083669967130173,8,0.24354103469220914,0.19706865191788941,1003
2023-12-06,3.2135798695863014,13,0.05,0.1930648611156197,1003
2023-12-07,3.164504638281164,6,0.15950773712091035,0.18912204547258582,1003
2023-12-08,3.1695732760874504,12,0.16059244418437305,0.18586800408118995,1003
2023-12-09,3.1186582762425883,19,0.18397358287610868,0.18392967079089262,1003
2023-12-10,3.2786073102847118,13,0.3,0.18352712470315594,1003
2023-12-11,3.169235180860818,10,0.25962763770007946,0.18425152662440641,1003
2023-12-12,3.254437434404652,11,0.3,0.18521298570942635,1003
2023-12-13,3.3030590351471676,11,0.06252628619685287,0.185471291073036,1003
2023-12-14,3.1802647665242048,11,0.11705902405624363,0.18449505062195334,1003
2023-12-15,3.1871219104840325,7,0.19792399236324254,0.18240067538225113,1003
2023-12-16,3.323557348477392,15,0.23850605743289627,0.1798765799515185,1003
2023-12-17,3.127565472119569,21,0.16158128769409463,0.17788558324574477,1003
2023-12-18,3.17170405572486,11,0.1944514889568866,0.17729538301153078,1003
2023-12-19,3.1631715619891216,10,0.2575020671903113,0.17856197939546586,1003
2023-12-20,3.4200321941307767,7,0.12657425197227098,0.18157039481661746,1003
2023-12-21,3.2807281101092056,6,0.1779376346944855,0.18569474521021984,1003
2023-12-22,3.285151349496782,15,0.13779982297089932,0.19003200070639722,1003
2023-12-23,3.377710357150058,20,0.3,0.19372862386508144,1003
2023-12-24,3.1886194573849087,17,0.13546223631697119,0.1962250204914314,1003
2023-12-25,3.2893829486293837,7,0.14642186151561348,0.1973412129934386,1003
2023-12-26,3.175946469511675,13,0.21936010326335859,0.19722382589069454,1003
2023-12-27,3.1812349584122708,12,0.10188712763827087,0.19622094951201072,1003
2023-12-28,3.28194914409354,6,0.22475121325174427,0.19474261676999208,1003
2023-12-29,3.2861350021241,11,0.06578120163334936,0.19313755672420882,1003
2023-12-30,3.1838953452859053,12,0.0521046670880997,0.19164267727928397,1003
2023-12-31,3.2022745199626885,10,0.1009968002321183,0.1903997977916504,1003
2024-01-01,3.2906644334820214,8,0.3,0.18957827755353734,1003
2024-01-02,3.304064071473683,16,0.161880043996288,0.18945762539323324,1003
2024-01-03,3.2620519862629593,7,0.3,0.19038617596970808,1003
2024-01-04,3.2387757774411368,10,0.3,0.19257765793626616,1003
2024-01-05,3.0852381097385386,12,0.07482347945276045,0.1958571540252126,1003
2024-01-06,3.198306889215681,24,0.19296285987955605,0.19954741059957432,1003
2024-01-07,3.211381801724771,12,0.1391270714799304,0.2026318945738184,1003
2024-01-08,3.1132348440742903,2,0.22733940283971782,0.20412586480808045,1003
2024-01-09,3.183450452396205,10,0.2291855288078977,0.20344574591547604,1003
2024-01-10,3.0606139795866216,10,0.25546927999615326,0.2006008145968865,1003
2024-01-11,3.143094629895575,12,0.3,0.19607009847807005,1003
2024-01-12,3.2633490503847917,7,0.22404697204344245,0.19053487140691067,1003
2024-01-13,3.161740748803018,15,0.1501917021895501,0.18463644006695396,1003
2024-01-14,3.1572725371872745,17,0.2366457538775143,0.17890736709258298,1003
2024-01-15,3.30905619047499,3,0.26506330269312034,0.17382377507635494,1003
2024-01-16,3.2109668955016923,8,0.3,0.16986398186158283,1003
2024-01-17,3.1065129458193623,10,0.25012133450623875,0.16745576367264292,1003
2024-01-18,3.1509856967642254,16,0.22685370435680985,0.16682584468986045,1003
2024-01-19,3.193494567744811,7,0.05638688793384246,0.16782235495436973,1003
2024-01-20,3.080725633685617,17,0.20757215015743288,0.16980678894835066,1003
2024-01-21,3.1955878123501975,12,0.22069050296795126,0.17175245392724198,1003
2024-01-22,3.278883190714636,11,0.3,0.17257304351563235,1003
2024-01-23,3.1724718391064246,10,0.07163205839781518,0.17159735973021928,1003
2024-01-24,3.2256748713316465,10,0.28309994096546864,0.16896140216289696,1003
2024-01-25,3.191133435976613,14,0.2038402517268955,0.16566012890353599,1003
2024-01-26,3.1035130642153645,7,0.20311695073905348,0.16319545024262516,1003
2024-01-27,3.218245879138488,15,0.10212602798081358,0.16296163796947494,1003
2024-01-28,3.1796303506262014,14,0.2699886022388455,0.16566232742028733,1003
2024-01-29,3.1033652695996503,10,0.2120734082258131,0.1710087659306158,1003
2024-01-30,3.2948557201804354,7,0.18018104010582098,0.1778376599713733,1003
2024-01-31,3.208605390174637,16,0.13646167191571096,0.1845570226300982,1003
2024-02-01,3.131582753137555,10,0.17740359379085666,0.18973863914360178,1003
2024-02-02,3.0832835570563812,8,0.1152525790006831,0.19257518371296323,1003
2024-02-03,3.278434115826306,16,0.11671422894469628,0.19300248769083916,1003
2024-02-04,3.1896482922811664,22,0.3,0.19148263955763564,1003
2024-02-05,2.9833444215765197,3,0.15919723771460542,0.18864290666587624,1003
2024-02-06,3.2564042993758138,5,0.25403275491544297,0.18499528510139726,1003
2024-02-07,3.142113208419863,2,0.2544625094659971,0.1808831001885952,1003
2024-02-08,3.2035797059714994,10,0.1257447554173009,0.17662611252588725,1003
2024-02-09,3.2565940678011804,10,0.09009313819547625,0.1727219581295631,1003
2024-02-10,3.2321759692447,12,0.21544844757521872,0.16990312752009237,1003
2024-02-11,3.110780067624191,17,0.3,0.16895792515064662,1003
2024-02-12,3.2030386867207494,10,0.2035293427827543,0.170390562869344,1003
2024-02-13,3.1212515532193144,5,0.3,0.1741156689711544,1003
2024-02-14,3.2174585972181577,12,0.22662995648232329,0.17940079959278743,1003
2024-02-15,3.1499376796082452,15,0.20384842359111444,0.1850579778788008,1003
2024-02-16,3.2766157177665947,16,0.14423268161916822,0.18982225240613335,1003
2024-02-17,3.203982480604667,23,0.13038598165224707,0.19270608655401233,1003
2024-02-18,3.1394736831577976,20,0.05,0.1932637838661458,1003
2024-02-19,3.185455701979191,12,0.21430139274319196,0.19170551132317137,1003
2024-02-20,3.301072145133401,12,0.3,0.18881808753131868,1003
2024-02-21,3.244733865378465,7,0.19942896013624145,0.1856921210564984,1003
2024-02-22,3.1534892735101443,11,0.10144047390708397,0.18332687361215586,1003
2024-02-23,3.1749909356178003,17,0.09968400119178994,0.18229198465539068,1003
2024-02-24,3.16704094725052,11,0.19382744846344446,0.1825976465998919,1003
2024-02-25,3.2097881001448756,21,0.056671612365329624,0.18382872924523652,1003
2024-02-26,3.35690783774477,7,0.05,0.1853797610373879,1003
2024-02-27,3.1493668399111407,10,0.156939680778741,0.18671655793112896,1003
2024-02-28,3.3067299828563788,17,0.14123938540892936,0.18755544773513474,1003
2024-02-29,3.2055384091232058,10,0.11457973732068377,0.1879455292875878,1003
2024-03-01,3.2365862238830485,6,0.1440095821683876,0.18820909150048384,1003
2024-03-02,3.3333499203188435,7,0.05,0.18877274190345286,1003
2024-03-03,3.238486715114674,16,0.2571850173446904,0.1899450229143,1003
2024-03-04,3.1399140754817743,12,0.10173711037224238,0.19176493208147752,1003
2024-03-05,3.3778367067183823,14,0.25844344834406674,0.19400562621350026,1003
2024-03-06,3.2218847470918504,8,0.15296289418320255,0.19629681023021406,1003
2024-03-07,3.1791533503681193,5,0.10490146674248625,0.1982566838434023,1003
2024-03-08,3.213978125414946,8,0.3,0.19958503270824707,1003
2024-03-09,3.3331262503764916,16,0.14107011045697607,0.20010979200757165,1003
2024-03-10,3.315897575672474,11,0.23408307093503833,0.19982595219115742,1003
2024-03-11,3.211930063700329,6,0.20136209445091705,0.19894770690899005,1003
2024-03-12,3.2249016316006784,8,0.29540087063599746,0.1978758831917009,1003
2024-03-13,3.1661832594530903,8,0.1214992982726021,0.19710261873087168,1003
2024-03-14,3.1386949371386867,11,0.2746382084666356,0.1970200517658595,1003
2024-03-15,3.3599350218434307,7,0.05150003969839452,0.1977465784389463,1003
2024-03-16,3.1750077345595207,7,0.2598856188647208,0.1990071386410548,1003
2024-03-17,3.2221940697590754,15,0.18194002159711997,0.20015043371063052,1003
2024-03-18,3.2354217988629763,10,0.1916332595991227,0.2003170945847465,1003
2024-03-19,3.179974332811473,14,0.23110049080651543,0.19876093894077587,1003
2024-03-20,3.2400576447173215,15,0.3,0.19519053255593327,1003
2024-03-21,3.164168356667504,10,0.1609216615532627,0.18994665759254903,1003
2024-03-22,3.1786019030176704,15,0.2006292039403963,0.18390120381287647,1003
2024-03-23,3.2855274025311654,16,0.27578082805990717,0.17809035191312197,1003
2024-03-24,3.268331725175827,10,0.18947789602071607,0.17333402158034814,1003
2024-03-25,3.194306107477982,8,0.14017104376765085,0.17005994579646888,1003
2024-03-26,3.2750371362144066,7,0.08402210766959013,0.16840559962350649,1003
2024-03-27,3.1755662262049262,10,0.21987455695407732,0.16841943405717894,1003
2024-03-28,3.2580257948812825,7,0.05,0.17015924124150766,1003
2024-03-29,3.259992054164666,6,0.28934833913274455,0.1735794965744728,1003
2024-03-30,3.3407066698671137,20,0.29261784138390473,0.17832492327818128,1003
2024-03-31,3.1551101093455647,12,0.3,0.1836703321885788,1003
2024-04-01,3.2403374844723993,20,0.05,0.18870394161586312,1003
2024-04-02,3.3915536174574634,8,0.1438742786741123,0.19264287627960408,1003
2024-04-03,3.184964886217462,14,0.13067413599710273,0.19509143009084065,1003
2024-04-04,3.1410862447188554,11,0.15702309185053795,0.1960369971139495,1003
2024-04-05,3.1336298416251576,12,0.1965545827702694,0.19564311019890326,1003
2024-04-06,3.196870098253759,12,0.11662535269951285,0.1940485189071734,1003
2024-04-07,3.173008006514289,14,0.07505399535168769,0.1913618042858785,1003
2024-04-08,3.137597309467533,7,0.12264735369663368,0.1878553990701686,1003
2024-04-09,3.277548231527197,8,0.3,0.18412343802827544,1003
2024-04-10,3.125519980886459,11,0.07802696092825613,0.18098739111684228,1003
2024-04-11,3.2191559285167934,10,0.11975704568336498,0.17912825506566185,1003
2024-04-12,3.142628422047536,10,0.18922912919010318,0.17867522907943922,1003
2024-04-13,3.2715204882694993,21,0.3,0.17905590350463493,1003
2024-04-14,3.280416203964243,14,0.17539188510656836,0.17925275029898424,1003
2024-04-15,3.2008548990402423,11,0.08433988911881223,0.17832458587059602,1003
2024-04-16,3.145296790935236,11,0.1900125975800422,0.17589630209386142,1003
2024-04-17,3.1566941029370654,7,0.3,0.17236321493053922,1003
2024-04-18,3.1622083168416633,10,0.3,0.16868606154683674,1003
2024-04-19,3.0235037559636844,3,0.2848600877842179,0.16592798409240617,1003
2024-04-20,3.168143288568413,14,0.18915019213963485,0.1647912629343679,1003
2024-04-21,3.1848060498502937,17,0.2519489118653678,0.16536910571214955,1003
2024-04-22,3.170917591430805,14,0.07249550934150309,0.16720587605785817,1003
2024-04-23,3.17777967463706,8,0.16249041120857752,0.16955758909262525,1003
2024-04-24,3.2365716466764938,10,0.3,0.17171700286809097,1003
2024-04-25,3.156236677440541,14,0.08892666577167223,0.17324834056511865,1003
2024-04-26,3.0414249909285016,11,0.21075380828777732,0.17407285587054808,1003
2024-04-27,3.108992533176089,20,0.21495761992913376,0.17443537931317088,1003
2024-04-28,3.2691338811198616,21,0.1243080533910652,0.1747703666584331,1003
2024-04-29,3.2470745656095934,6,0.3,0.17554676030986457,1003
2024-04-30,3.1889939028460557,8,0.28982168461532276,0.17709699369731885,1003
2024-05-01,3.2572401770678994,10,0.21570878349692466,0.17948563633094938,1003
2024-05-02,3.1870016672774177,6,0.3,0.18245113221724074,1003
2024-05-03,3.2454462177687238,7,0.26668790495277384,0.185426464151985,1003
2024-05-04,3.291353469490651,18,0.3,0.18765059583516466,1003
2024-05-05,3.131752262347633,12,0.2619723075988259,0.18837273447058356,1003
2024-05-06,3.2154843251389087,11,0.2164498242208351,0.1871180977843313,1003
2024-05-07,3.16716953823945,10,0.16830403589236492,0.18395134443080108,1003
2024-05-08,2.9749169948007927,6,0.26863754500945586,0.1795540365579734,1003
2024-05-09,3.2442561731533317,5,0.24524013883560364,0.17505762944358239,1003
2024-05-10,3.2490351956024175,11,0.1875898185904464,0.17167130512053153,1003
2024-05-11,3.1863313441442007,18,0.3,0.1702686806092826,1003
2024-05-12,3.0969964385498154,9,0.22092050350868944,0.1710851283295831,1003
2024-05-13,3.225535875864242,9,0.13194053572999,0.17365254903174632,1003
2024-05-14,3.2335590702417933,9,0.1997877375973317,0.17693371455528042,1003
2024-05-15,3.180576443461798,9,0.05,0.1796509292793652,1003
2024-05-16,3.189358893051924,10,0.22757682760113704,0.18069202866282472,1003
2024-05-17,3.2789159392518448,12,0.3,0.17948927363221973,1003
2024-05-18,3.213903588543623,15,0.28965817224619583,0.17621657004250765,1003
2024-05-19,3.3458243773472347,21,0.13706029511087647,0.1717034750073632,1003
2024-05-20,3.1694997273398244,14,0.17935603436008057,0.1671197372099785,1003
2024-05-21,3.161996761843246,10,0.18869662884320992,0.1636133834156393,1003
2024-05-22,3.1060516995048575,7,0.13234202329572162,0.16203606643965368,1003
2024-05-23,3.17862416203945,6,0.3,0.16282187074677007,1003
2024-05-24,3.0542795429963356,9,0.10660431111208753,0.16596676423980516,1003
2024-05-25,3.3118664400863995,15,0.23211188426246143,0.17103270233571793,1003
2024-05-26,3.308861314102138,9,0.15347243622169177,0.17718356827003182,1003
2024-05-27,3.2315761426222402,7,0.27217950332276636,0.18329885667606355,1003
2024-05-28,3.2080795198835483,10,0.3,0.1882337323344061,1003
2024-05-29,3.2186441854660757,9,0.1607772256055264,0.19118578335777098,1003
2024-05-30,3.1942210499957757,14,0.21879518757850125,0.1919793745083038,1003
2024-05-31,3.1471298173640485,12,0.18228454579889974,0.19109927811739175,1003
2024-06-01,3.167271335043277,12,0.1671338382767928,0.18942015419955802,1003
2024-06-02,3.2398375169175275,18,0.3,0.18781815462111032,1003
2024-06-03,3.1303010184420645,9,0.13661442451793468,0.18687128507804557,1003
2024-06-04,3.1363491253990614,5,0.11721944662626467,0.18682060945250512,1003
2024-06-05,3.171248116974466,5,0.1473563566823002,0.18770763358979192,1003
2024-06-06,3.2076142386081696,19,0.05354779903308479,0.18951314564177668,1003
2024-06-07,3.1664554286820428,12,0.09476557464910529,0.19217354146909696,1003
2024-06-08,3.2263264568662686,14,0.10149586356306894,0.19550584074865238,1003
2024-06-09,3.2794274263570222,14,0.12382273898167474,0.19914093507563682,1003
2024-06-10,3.2587540921892577,6,0.23760402330812697,0.2025832954746987,1003
2024-06-11,3.201461138170564,10,0.12045724353185572,0.20529901730724345,1003
2024-06-12,3.2735434887472508,7,0.12012644137074541,0.2067871530001535,1003
2024-06-13,3.3001681171521593,10,0.2029818583405523,0.2066135183894348,1003
2024-06-14,3.096348018060744,6,0.3,0.2044860460373354,1003
2024-06-15,3.1236499933746003,11,0.2104094434586135,0.20041603407382108,1003
2024-06-16,3.063386867235114,9,0.3,0.19490053583172903,1003
2024-06-17,3.2500500361117775,12,0.3,0.18894905225753988,1003
2024-06-18,3.24532053992857,7,0.133306641904629,0.1838179689343403,1003
2024-06-19,3.116169192187041,12,0.2245045395851813,0.1805821891617807,1003
2024-06-20,3.250596671797742,6,0.2619637296062876,0.17970909401500365,1003
2024-06-21,3.3321288523737462,5,0.27385607691675445,0.180914173460935,1003
2024-06-22,3.160175534978312,12,0.05931559165196221,0.1833064440773547,1003
2024-06-23,3.2294841632319877,14,0.2514311368356322,0.1857496897196123,1003
2024-06-24,3.216819547245086,12,0.08751657386071104,0.18725475647590195,1003
2024-06-25,3.1062712158308483,9,0.13962206333208782,0.18726553862271875,1003
2024-06-26,3.196196248393236,9,0.27939203387260314,0.1857487930519714,1003
2024-06-27,3.1991700470498072,12,0.2864756553008266,0.1831219145292044,1003
2024-06-28,3.2451908657474,12,0.12159265943120119,0.18005709534110118,1003
2024-06-29,3.1862786345491543,21,0.3,0.17726424288532636,1003
2024-06-30,3.2151192186869806,20,0.17685727666436993,0.1753348476652046,1003
2024-07-01,3.1416946823255016,5,0.16219517939303965,0.1746220506117842,1003
2024-07-02,3.3411684303341627,7,0.11551476521213322,0.17517121494720775,1003
2024-07-03,3.17629338762376,6,0.05,0.17666977869816586,1003
2024-07-04,3.1050600583627386,7,0.12879028866870648,0.1784912915731309,1003
2024-07-05,3.1130873038318096,12,0.07596268664188427,0.17985118565379832,1003
2024-07-06,3.2478615255360808,16,0.11750894363933892,0.18007728608525633,1003
2024-07-07,3.2073531791804126,12,0.10647237326591011,0.17885585106766955,1003
2024-07-08,3.266050153868878,14,0.08839319909580369,0.17631510895481353,1003
2024-07-09,3.2279918955091724,14,0.19631504169661473,0.17290420564776485,1003
2024-07-10,3.154379320961596,12,0.11360565261920635,0.1691676962397287,1003
2024-07-11,3.1648764064224824,9,0.06304551704817045,0.16556348367442392,1003
2024-07-12,3.1309576401615082,11,0.13114627001396095,0.16246220657540855,1003
2024-07-13,3.212614176470817,12,0.11945818927462488,0.16026000183432526,1003
2024-07-14,3.1453970485265734,12,0.3,0.1594140487497005,1003
2024-07-15,3.1825744723296356,16,0.1661768661872624,0.1603116729362102,1003
2024-07-16,3.085163878187079,14,0.22203199824188136,0.16298595410884867,1003
2024-07-17,3.1023590375557863,7,0.17522845164850628,0.16692010724454504,1003
2024-07-18,3.2229481120283827,5,0.1704134223779442,0.17112653141100478,1003
2024-07-19,3.3041779525988244,7,0.21015830158266338,0.17454199957029276,1003
2024-07-20,3.2432600906127256,12,0.12678559219196828,0.17649468544912417,1003
2024-07-21,3.2637001047022594,10,0.2209097221422258,0.17699713673390413,1003
2024-07-22,3.190346050242369,15,0.20624480991486943,0.1766350135494423,1003
2024-07-23,3.3329758214909826,11,0.11290979867432739,0.17619436209333791,1003
2024-07-24,3.186202404379402,3,0.11289859277363591,0.1762608520731034,1003
2024-07-25,3.246654935088632,10,0.11703569496166587,0.1770202234408536,1003
2024-07-26,3.306047156258065,7,0.15090623647225854,0.1783287905316944,1003
2024-07-27,3.0779685487686854,10,0.1381928608562002,0.17990010149386793,1003
2024-07-28,3.3563534662161225,18,0.2871223994522595,0.1814950590542613,1003
2024-07-29,3.2162441295591324,16,0.28638325697771894,0.18297579687298374,1003
2024-07-30,3.313080755103406,10,0.28082909669766554,0.1842664441526812,1003
2024-07-31,3.3005097347955212,6,0.2007041827938656,0.18527904201538792,1003
2024-08-01,3.163471996997228,15,0.29176733634414054,0.18589048194950333,1003
2024-08-02,3.3157816684373707,11,0.2488351089692347,0.18600489770888493,1003
2024-08-03,3.1272901836196394,12,0.2392053834773016,0.1856040827060197,1003
2024-08-04,3.228358169084065,12,0.1877789088193227,0.18472155291529355,1003
2024-08-05,3.082770461682147,6,0.1336284443494262,0.1833241661944908,1003
2024-08-06,3.2685398409124358,5,0.3,0.18126365526921853,1003
2024-08-07,3.17285784737064,6,0.06231625607222157,0.17838233079485064,1003
2024-08-08,3.3644818255447433,5,0.23502146581312205,0.17476572950115807,1003
2024-08-09,3.1740890197843625,11,0.24787084419328617,0.17093382141755586,1003
2024-08-10,3.1139349769013442,7,0.3,0.1677635903514786,1003
2024-08-11,3.353062214816154,15,0.25565813607703164,0.16617198621546952,1003
2024-08-12,3.213100534248133,14,0.20904360450275242,0.16673847193038038,1003
2024-08-13,3.1484923493918258,11,0.14227697413514825,0.1695114595226594,1003
2024-08-14,3.122163940222138,12,0.10801883061642338,0.17406134502533116,1003
2024-08-15,3.1320170688720275,9,0.08845088498735972,0.17965512985736604,1003
2024-08-16,3.24594400754047,10,0.3,0.18541337787336348,1003
2024-08-17,3.1834063158357817,11,0.18151233888638202,0.190395233691388,1003
2024-08-18,3.127017853690435,18,0.14121016457162117,0.19369623977391204,1003
2024-08-19,3.2053178740531427,14,0.1039815602240275,0.1946378654175562,1003
2024-08-20,3.1522368375664844,3,0.18284731396974346,0.193024405489787,1003
2024-08-21,3.3723031497090226,10,0.22345170033202297,0.18930352492475222,1003
2024-08-22,3.167764645705342,14,0.06519924442951154,0.1844878591348697,1003
2024-08-23,3.3153243906790415,11,0.17927199276930958,0.1798156947184677,1003
2024-08-24,3.247937666561047,16,0.1737243564521602,0.17630961393335398,1003
2024-08-25,3.13070207458498,11,0.16752815209600472,0.17446012472811323,1003
2024-08-26,3.1997092821688136,11,0.3,0.1742012314238651,1003
2024-08-27,3.204246859937739,9,0.17829878126020907,0.17509219330712483,1003
2024-08-28,3.2236157681310074,11,0.18777003157919642,0.17656717932466248,1003
2024-08-29,2.9578601760507226,10,0.1191484730801662,0.17809156024018324,1003
2024-08-30,3.3879701864951333,10,0.21399519545195106,0.17922910658924435,1003
2024-08-31,3.2542083164233007,16,0.125935127874984,0.17968677598046784,1003
2024-09-01,3.19436398143496,15,0.20781180580473177,0.17941465345498026,1003
2024-09-02,3.2362502060200558,9,0.17010094893259495,0.17863863808288688,1003
2024-09-03,3.300329368314436,6,0.1002450113367468,0.17778401786958548,1003
2024-09-04,3.190671305155848,12,0.20338754173200685,0.17729240714367134,1003
2024-09-05,3.1704502822643086,2,0.2662696231680395,0.17741323643259527,1003
2024-09-06,3.1076653344572467,12,0.2086830487057638,0.17809639133980104,1003
2024-09-07,3.228844660476235,9,0.1400676913518134,0.17901204398393655,1003
2024-09-08,3.2468494571517845,9,0.11208838230089986,0.17968142776694582,1003
2024-09-09,3.256203276157471,12,0.2976246333648225,0.1796712902496904,1003
2024-09-10,3.3268793809909445,9,0.23041009684060254,0.1788299842592248,1003
2024-09-11,3.092305618512365,5,0.16686052103945204,0.17747897996098044,1003
2024-09-12,3.234721558826854,10,0.28739481160966884,0.1764071385725129,1003
2024-09-13,3.2677861982522685,20,0.09880548677543752,0.17661049860140665,1003
2024-09-14,3.2577762345102874,15,0.16340249553163494,0.1788140561584814,1003
2024-09-15,3.2191394571329677,16,0.21018940943069112,0.18308511051254922,1003
2024-09-16,3.11193436569536,14,0.07016575355377998,0.1887497976492963,1003
2024-09-17,3.18127655391061,5,0.2872778704823881,0.19469463907011209,1003
2024-09-18,3.305299184796943,10,0.13137695165623814,0.19982649499707797,1003
2024-09-19,3.214795003838804,16,0.23921162213787162,0.20347039384607093,1003
2024-09-20,3.2516714317907827,6,0.3,0.20546248493906508,1003
2024-09-21,3.1178537032783447,10,0.19833215926077763,0.20603489551900156,1003
2024-09-22,3.216033141883008,23,0.15430573515006954,0.20553872329922712,1003
2024-09-23,3.107614376136417,9,0.11557989720414928,0.2042328999833503,1003
2024-09-24,3.2493374462127353,11,0.08796337918442348,0.20220080831162507,1003
2024-09-25,3.2399409538727304,16,0.16539119035035774,0.19942915753939489,1003
2024-09-26,3.2537088529292744,9,0.3,0.19599278004622966,1003
2024-09-27,3.216601536632132,6,0.2060060011171188,0.1922309534435333,1003
2024-09-28,3.3396655208474515,14,0.26126153631879295,0.1887584421266436,1003
2024-09-29,3.2171305329419466,18,0.3,0.1862623597249367,1003
2024-09-30,3.072235140394946,6,0.1375140548231636,0.18518869489652542,1003
2024-10-01,2.986263993014543,11,0.27832088717497727,0.185529894122164,1003
2024-10-02,3.262543340024312,9,0.3,0.1868596507404392,1003
2024-10-03,3.113381357613024,9,0.2675287595883397,0.18857678954387042,1003
2024-10-04,3.2459952414300965,5,0.059117116282405076,0.19020292625708426,1003
2024-10-05,3.324882665331691,15,0.2845514116035505,0.19149919188734144,1003
2024-10-06,3.2469199203658174,24,0.3,0.19236790454518865,1003
2024-10-07,3.102773291994958,11,0.2500888334225942,0.19269773220293623,1003
2024-10-08,3.1559023425114754,6,0.1923043129739758,0.19231840529435712,1003
2024-10-09,3.144873853704714,14,0.10077103002531748,0.19119054108154226,1003
2024-10-10,3.330505978044313,10,0.16389118037753048,0.18963464408503217,1003
2024-10-11,3.2705557921299446,16,0.22435814017171005,0.1883966891231234,1003
2024-10-12,3.2674605795565874,16,0.2793222769589363,0.18837203197463565,1003
2024-10-13,3.4221847164262154,19,0.21003999437680726,0.1901344550845859,1003
2024-10-14,3.111291640098182,10,0.16340054086598146,0.19354267289529423,1003
2024-10-15,3.2456325996042175,12,0.09383717327061368,0.19774507596606533,1003
2024-10-16,3.091170966354406,15,0.15116910648966755,0.20154189873329628,1003
2024-10-17,3.240206018296873,9,0.13972761172578477,0.20396812742964884,1003
2024-10-18,3.1865166447663382,7,0.17907219139571903,0.20469308959961424,1003
2024-10-19,3.210032483988287,16,0.1431302732520151,0.20408763916404454,1003
2024-10-20,3.135667484382418,10,0.22902222095638503,0.2028930477976055,1003
2024-10-21,3.2724983218102404,19,0.09530845030068896,0.20174138008648784,1003
2024-10-22,3.384392972838555,10,0.2028459336909382,0.20078696370728333,1003
2024-10-23,3.2671963778167883,10,0.3,0.19971056217139965,1003
2024-10-24,3.3223923227572922,6,0.1545952628012665,0.1980586768966625,1003
2024-10-25,3.1671027731721333,15,0.10701273059630154,0.19574376916557643,1003
2024-10-26,3.183947051127125,6,0.28139655689105664,0.19333623607113448,1003
2024-10-27,3.204814712660432,12,0.18315710028930476,0.19203946820113219,1003
2024-10-28,3.1046678665658227,11,0.07738539332864545,0.19333677571358354,1003
2024-10-29,3.2620060297902604,9,0.3,0.19849157326418412,1003
2024-10-30,3.2123746241897835,12,0.15965996203171018,0.2081146480434531,1003
2024-10-31,3.2570713147167716,5,0.1526111813584852,0.22189020116530672,1003
2024-11-01,3.120674475837552,7,0.16711458437098065,0.23855258082872696,1003
2024-11-02,3.2120444315512824,14,0.08811353570048161,0.2561118624385863,1003
2024-11-03,3.321189568240716,24,0.2719467870374912,0.2722626461523614,1003
2024-11-04,3.2155137738711295,10,0.17646119516739453,0.28491154412563424,1003
2024-11-05,3.286147169143275,9,0.16679560367129162,0.2926685792502096,1003
2024-11-06,3.072021603312286,7,0.2767753335301829,0.29519356172862515,1003
2024-11-07,3.054722607613316,11,0.3,0.2933209651708713,1003
2024-11-08,3.066758632188619,11,0.248011403906315,0.2888775762599425,1003
2024-11-09,3.1180255632508165,12,0.1277251773014488,0.2841802058558155,1003
2024-11-10,3.2360860909049043,16,0.13394669464699202,0.2813747223637347,1003
2024-11-11,3.3586076957343174,9,0.15053061688717118,0.28183969939304526,1003
2024-11-12,3.2213592315303607,15,0.28488259955623074,0.2859117545693783,1003
2024-11-13,3.2253052147911765,9,0.10472762857553301,0.29299885156297345,1003
2024-11-14,3.341325129036589,9,0.29136732706643764,0.30196760492637037,1003
2024-11-15,3.207372846017713,9,0.1738340611104864,0.3115367647742361,1003
2024-11-16,3.2179370686507127,24,0.1781097029643598,0.32055727831172376,1003
2024-11-17,3.239528941618952,11,0.3,0.3281289892581847,1003
2024-11-18,3.250152171241531,6,0.12182985168213471,0.3336144980362111,1003
2024-11-19,3.237533377940918,6,0.15713539426671716,0.33661078043274434,1003
2024-11-20,3.4528887399515655,11,0.14881450507634617,0.3369714853507735,1003
2024-11-21,3.352759819726862,15,0.19812563778592626,0.3348472575926459,1003
2024-11-22,3.2077809073333237,7,0.18350087199421017,0.33078857240439896,1003
2024-11-23,3.284611033359995,15,0.2733658494577473,0.3257638353197245,1003
2024-11-24,3.134365084629235,18,0.12972895773074872,0.321018110818361,1003
2024-11-25,3.2025533340934045,9,0.1064631747637113,0.3176770877593504,1003
2024-11-26,3.2748863876281384,16,0.3,0.3162492969785329,1003
2024-11-27,3.1909155368320734,12,0.1494300320853218,0.31634547459649925,1003
2024-11-28,3.121679422841985,3,0.22970010264282964,0.31683459112607903,1003
2024-11-29,3.308576111430793,9,0.13981152518423465,0.3164295538212316,1003
2024-11-30,3.169295875174809,12,0.14266042400524395,0.31432353728032775,1003
2024-12-01,3.1797011296061135,12,0.2684386943642352,0.3105761703921222,1003
2024-12-02,3.1993163169785706,3,0.14747468876465342,0.30598490151274205,1003
2024-12-03,3.3291948298864398,6,0.2692614295004207,0.30165073344059806,1003
2024-12-04,3.232573331481787,11,0.08587798473731852,0.2985189035512489,1003
2024-12-05,3.2588159922196724,16,0.23710104527123405,0.297088086061869,1003
2024-12-06,3.144846918664616,3,0.24212404743456448,0.2973629514045911,1003
2024-12-07,3.214720179018552,7,0.05,0.2989822497435758,1003
2024-12-08,3.3666901853650355,15,0.09095539080251577,0.30144988841987985,1003
2024-12-09,3.1353131949440907,14,0.15697406607957762,0.3044377114002564,1003
2024-12-10,3.3610135348334604,9,0.23821629449126125,0.3079906583842755,1003
2024-12-11,3.3330167448356347,12,0.3,0.3124617014186476,1003
2024-12-12,3.2545751353719417,6,0.1409395527844825,0.318154905748912,1003
2024-12-13,3.2005569084544203,6,0.1849946182540562,0.3249150361528832,1003
2024-12-14,3.287380852711533,24,0.22801249792502898,0.3319089874262011,1003
2024-12-15,3.1937900840331412,10,0.27187300635975936,0.3378416287937956,1003
2024-12-16,3.18711765983209,15,0.21869371880799202,0.34147250247965955,1003
2024-12-17,3.1103465573530227,5,0.3,0.34214559770608793,1003
2024-12-18,3.2600944507914527,5,0.3,0.34004814094632263,1003
2024-12-19,3.1829850287896417,9,0.3,0.3360863339375284,1003
2024-12-20,3.2678101622812203,9,0.08895909524795241,0.3315159824119838,1003
2024-12-21,3.13699379385472,18,0.16878891638237303,0.3274741135989576,1003
2024-12-22,3.115740087805187,22,0.16080983341717195,0.324608785564118,1003
2024-12-23,3.345137346656627,10,0.10099973228082511,0.32299707424472446,1003
2024-12-24,3.2188019527242626,15,0.1519578433149947,0.32224068291313346,1003
2024-12-25,3.167782881059717,14,0.22993505554840765,0.32177345159849136,1003
2024-12-26,3.2693172400405937,7,0.23585637529037098,0.3210790214671251,1003
2024-12-27,3.121109747067182,11,0.12522071119549744,0.3198407321454012,1003
2024-12-28,3.2284341851716554,15,0.27022470918114927,0.3179397863812494,1003
2024-12-29,3.222006704663941,18,0.3,0.31542676202765585,1003
2024-12-30,3.327336878320782,7,0.12104337313468755,0.3125058886986715,1003
2024-12-31,3.135731826103392,18,0.09687393155051409,0.30949618507015597,1003
2025-01-01,3.2205098260449083,5,0.2089317499675395,0.3067317272372334,1003
2025-01-02,3.2540417396047734,11,0.2894549291989339,0.30435598942430997,1003
2025-01-03,3.3713584721735077,2,0.20684797269895722,0.3022073262997898,1003
2025-01-04,3.18693622633092,9,0.1380417822172513,0.2999027693930966,1003
2025-01-05,3.1799589567059883,18,0.17666883097660527,0.29713167997852497,1003
2025-01-06,3.1284646243908356,19,0.3,0.2939307955593355,1003
2025-01-07,3.253544348358535,10,0.15881536515717276,0.2907427193691534,1003
2025-01-08,3.1266700253205237,10,0.23134255235761547,0.288158815651685,1003
2025-01-09,3.1211773926573327,5,0.1187852503338628,0.28652153172781786,1003
2025-01-10,3.1313678006513226,6,0.1378251766681505,0.2856694937523126,1003
2025-01-11,3.185709481864759,23,0.14286011943793547,0.28503893933849356,1003
2025-01-12,3.110329959055562,22,0.17912848044445917,0.28402886548375306,1003
2025-01-13,3.0832586284242836,12,0.16893031143374884,0.28236447339923604,1003
2025-01-14,3.3643915464659804,3,0.26558475221910904,0.28027402526397194,1003
2025-01-15,3.2058091777587596,11,0.1509292640352855,0.2784058097787154,1003
2025-01-16,3.2543382830905694,5,0.12256145009987585,0.27762602939764974,1003
2025-01-17,3.311874068097451,10,0.10221849890420426,0.2787549767315971,1003
2025-01-18,3.241608826085458,19,0.3,0.2823445090813916,1003
2025-01-19,3.3039726025015628,11,0.1251894399475008,0.28839638922758626,1003
2025-01-20,3.2092861691482732,2,0.11669752827420075,0.2961611913882674,1003
2025-01-21,3.2924475298209566,11,0.2428344942667208,0.30414269689546963,1003
2025-01-22,3.3020357241689497,10,0.17215653875629,0.3104898195256085,1003
2025-01-23,3.1645322826898323,12,0.11566837363539739,0.3136190386487138,1003
2025-01-24,3.343847982768104,11,0.2165736921537315,0.31279571882128604,1003
2025-01-25,3.1973413176572625,15,0.22427067071815435,0.30832917925301623,1003
2025-01-26,3.142110598902085,14,0.10898838328946661,0.30131349030021964,1003
2025-01-27,3.1268376561147777,11,0.20086155869095765,0.2931673709063765,1003
2025-01-28,3.251690346538544,12,0.14903635058283726,0.2852498120767622,1003
2025-01-29,3.2588686504004394,11,0.2171606092879935,0.27874697100788226,1003
2025-01-30,3.2542351450488303,9,0.2276631062758253,0.27465075479224427,1003
2025-01-31,3.1961948848963093,3,0.05,0.273663984982254,1003
2025-02-01,3.2092914038042344,11,0.24295631689403874,0.27593788141584,1003
2025-02-02,3.235867147099896,16,0.15937850801123085,0.28092381976851527,1003
2025-02-03,3.2331597138569226,6,0.3,0.2875174622016294,1003
2025-02-04,3.2312020886361306,12,0.25780581918863466,0.2945002058183364,1003
2025-02-05,3.1049771932495926,9,0.14871461919905263,0.30092367374796875,1003
2025-02-06,3.27233738664503,10,0.25203071876650074,0.30623141730880843,1003
2025-02-07,3.0212229134317816,11,0.11491450190201943,0.310075734384799,1003
2025-02-08,3.2326907359614108,14,0.3,0.31209461287291523,1003
2025-02-09,3.1659098742278142,9,0.11099043997285084,0.311897606051055,1003
2025-02-10,3.1934067591342665,15,0.1037496289477009,0.30922542683290044,1003
2025-02-11,3.2674384163815495,11,0.1412000869104819,0.30412345364202537,1003
2025-02-12,3.157329103716684,12,0.09593744192485205,0.29697960723072525,1003
2025-02-13,3.1973852747311984,6,0.24002834667129386,0.28844659946736334,1003
2025-02-14,3.2139788177548128,7,0.2019215568876323,0.27930654113378134,1003
2025-02-15,3.317697856703773,20,0.18760369054795836,0.2704101222856357,1003
2025-02-16,3.103322078358545,10,0.21223561363937585,0.2626740766367991,1003
2025-02-17,3.2010099280364352,11,0.13577985251971744,0.25712027620222005,1003
2025-02-18,3.235453195333797,3,0.2629411103956044,0.2547634231210089,1003
2025-02-19,3.0930328555799216,6,0.10986853675675899,0.25628824111242693,1003
2025-02-20,3.136492876039012,12,0.19702093153087832,0.2616520536221517,1003
2025-02-21,3.264868369429035,11,0.15755415190568442,0.26985470268859757,1003
2025-02-22,3.3539705546905645,16,0.3,0.27915513267279396,1003
2025-02-23,3.2638827114377786,20,0.21090653960908912,0.2876710605783951,1003
2025-02-24,3.2447048247379096,7,0.07794671018473542,0.2940937686129716,1003
2025-02-25,3.2802860312164452,7,0.25674676524244017,0.29810569326038944,1003
2025-02-26,3.2077441178069375,6,0.3,0.3003498319441928,1003
2025-02-27,3.233663495410043,6,0.09816813996840713,0.30196586710747325,1003
2025-02-28,3.297948806489554,2,0.16291300753380325,0.3039426984234157,1003
2025-03-01,3.1762179551504133,19,0.24763204825218868,0.3066029315851026,1003
2025-03-02,3.2578458424294574,12,0.3,0.30949057363472104,1003
2025-03-03,3.0833092997868685,9,0.12253379552479123,0.3116924244146879,1003
2025-03-04,3.1616321841402186,10,0.19085159541378757,0.31240398324660107,1003
2025-03-05,3.2437485322569866,5,0.14430440338388806,0.31136923514095854,1003
2025-03-06,3.0858335155912604,11,0.15945710022822696,0.30894754899664006,1003
2025-03-07,3.2522735247778107,16,0.15057000608475254,0.3059050161047568,1003
2025-03-08,3.160491778731673,14,0.1501069355166336,0.3031609963870282,1003
2025-03-09,3.1901566271766773,10,0.14423679278266704,0.3016089133500072,1003
2025-03-10,3.1301039945559457,10,0.18959910349055076,0.30191866511185916,1003
2025-03-11,3.164649884453998,16,0.08594253997643057,0.3043066109928372,1003
2025-03-12,3.16014395224744,10,0.3,0.30829421041424027,1003
2025-03-13,3.112112753660883,14,0.17996956375342982,0.3127474525167613,1003
2025-03-14,3.1475077481694167,5,0.25504129312936147,0.3162509338288499,1003
2025-03-15,2.9825285820888205,23,0.3,0.31766680123074964,1003
2025-03-16,3.250283010156374,16,0.18955349447388203,0.3165597883788966,1003
2025-03-17,3.237733137697029,7,0.2674170542906043,0.3132370080634608,1003
2025-03-18,3.2317951828214317,12,0.11268672595243649,0.30851825752412415,1003
2025-03-19,3.181670806491103,6,0.18367157366362435,0.3033987149250634,1003
2025-03-20,3.1513396963717257,3,0.18578052374815135,0.2988053755407609,1003
2025-03-21,3.23069629354128,9,0.09264369575332317,0.29547387282386733,1003
2025-03-22,3.168537521160314,11,0.23322914707979756,0.2938880680898934,1003
2025-03-23,3.244863603826721,11,0.17290874514769217,0.2941982287201179,1003
2025-03-24,3.236017780290181,10,0.24249022456462305,0.29617857746261944,1003
2025-03-25,3.1370172417809914,7,0.24138218519164228,0.29925060787681396,1003
2025-03-26,3.1434095456508704,6,0.21835619334948986,0.30258308928844585,1003
2025-03-27,3.1071001221150225,12,0.19613174181143786,0.3053131957711229,1003
2025-03-28,3.1273219449734038,5,0.3,0.3067865989845029,1003
2025-03-29,3.2066492740414914,19,0.1672991367828133,0.3067486861048343,1003
2025-03-30,3.178336194247611,11,0.12902077094367548,0.3053651109127264,1003
2025-03-31,3.189752306326005,12,0.27628491764251495,0.30306156086815206,1003
2025-04-01,3.1066893396271196,11,0.11042851844828837,0.3003060815487909,1003
2025-04-02,3.206422844858572,10,0.14405355359094568,0.2974652951325667,1003
2025-04-03,3.166669480962744,10,0.2686899627973835,0.29482135826594175,1003
2025-04-04,3.3392370312176833,7,0.14417513499373563,0.2926673496270465,1003
2025-04-05,3.2387222761083496,11,0.12250622241275765,0.29130577291124754,1003
2025-04-06,3.170795679260182,15,0.2619263179894199,0.29091103881426444,1003
2025-04-07,3.2166642969854937,16,0.11391401236449886,0.29133035061423607,1003
2025-04-08,3.2555640291826813,10,0.22242829724811675,0.2920299411471049,1003
2025-04-09,3.2317553123668348,6,0.18242537796074007,0.29230646191569165,1003
2025-04-10,3.3559420550778727,12,0.2391931913076062,0.29165449195808313,1003
2025-04-11,3.1208233855290164,11,0.12733109235002477,0.29012204357502697,1003
2025-04-12,3.2017636552354523,20,0.13169800533265416,0.28839849384012484,1003
2025-04-13,3.2043582989973896,12,0.14812230588310843,0.28759030697430976,1003
2025-04-14,3.2258462022417627,15,0.23360273207514926,0.2887849702749151,1003
2025-04-15,3.196416106367097,10,0.3,0.29258021478996166,1003
2025-04-16,3.216076561408835,3,0.22916171637128702,0.29884328053371273,1003
2025-04-17,3.3419650326735235,9,0.3,0.3067778791404135,1003
2025-04-18,3.228941267974626,9,0.22899787248050174,0.3152577340633908,1003
2025-04-19,3.0670640847916273,15,0.16285003614961055,0.3232557458145434,1003
2025-04-20,3.167321731361277,14,0.1739590502484901,0.3301870854359181,1003
2025-04-21,3.2006592597713444,14,0.29079813420616785,0.33592937519639726,1003
2025-04-22,3.2146610364978456,6,0.2381882422630832,0.34061587659686343,1003
2025-04-23,3.1555497758653654,6,0.163371395068282,0.3442782412113363,1003
2025-04-24,3.1870792858879344,7,0.3,0.34664034627493123,1003
2025-04-25,3.251984962215437,5,0.18661836727028874,0.3471723647939996,1003
2025-04-26,3.153630285844159,14,0.09193665650220616,0.3453333722396762,1003
2025-04-27,3.28666280989571,14,0.3,0.34092442958453323,1003
2025-04-28,3.1361996410348416,7,0.13309727460319548,0.33428777835655654,1003
2025-04-29,3.0987707681459615,9,0.23973137814918483,0.3263303636690895,1003
2025-04-30,3.0710941876112767,14,0.11885085684998396,0.3182855763050966,1003
2025-05-01,2.9922508283917217,12,0.2457593091920196,0.31131309045415634,1003
2025-05-02,3.3145044942903716,9,0.1215679302772795,0.30609161695413545,1003
2025-05-03,3.1899753582902286,18,0.22670987790325733,0.30256798841291443,1003
2025-05-04,3.2882412653495776,15,0.050295868821258284,0.3000212010275624,1003
2025-05-05,3.1663724840662186,12,0.0920662960724155,0.2974685804790863,1003
2025-05-06,3.199779802922668,12,0.20481769438131422,0.29413792962983815,1003
2025-05-07,3.1409905200063957,6,0.3,0.28976690580604403,1003
2025-05-08,3.212880775636914,10,0.3,0.28460640087361755,1003
2025-05-09,3.208603241783518,11,0.22147561663154658,0.27921623077653207,1003
2025-05-10,3.04773804010893,15,0.2925217379802499,0.2742428489774913,1003
2025-05-11,3.3033565470329345,7,0.18570576035397376,0.27025008053405764,1003
2025-05-12,3.374567503474938,12,0.09081081317189149,0.2675913628402436,1003
2025-05-13,3.2352296234575597,10,0.1243748954600819,0.2663718406304917,1003
2025-05-14,3.2206459145357185,12,0.13982372448058375,0.2665367366990223,1003
2025-05-15,3.139018214179161,12,0.29118386988089623,0.2680575640094869,1003
2025-05-16,3.1776807544528896,12,0.2481192528271954,0.27113713868353106,1003
2025-05-17,3.305702488399197,14,0.3,0.276217367924104,1003
2025-05-18,3.099549258675102,31,0.12816086978269597,0.2837252898752285,1003
2025-05-19,3.1954960263972483,15,0.2056897178216705,0.29365605463439104,1003
2025-05-20,3.0835551867406763,14,0.3,0.3053071702421867,1003
2025-05-21,3.173917769082842,9,0.3,0.3173452121683505,1003
2025-05-22,3.1777817008794425,6,0.3,0.3281009827130002,1003
2025-05-23,3.2566316005182347,12,0.1621641340316461,0.33595848008839496,1003
2025-05-24,3.1147549019457554,20,0.16754991977990244,0.33964943117256585,1003
2025-05-25,3.2483795661365042,18,0.11502493509694821,0.3385489099634106,1003
2025-05-26,3.1548537627187385,18,0.057296786137859296,0.33292622520415305,1003
2025-05-27,3.1670615923735386,9,0.23855236767695664,0.3240364035145608,1003
2025-05-28,3.1306879011665525,15,0.18245358852988222,0.3138701934762835,1003
2025-05-29,3.182835807870958,9,0.05256456749203833,0.3045709465864907,1003
2025-05-30,3.3290569086729778,7,0.23424139545510736,0.2977609123852465,1003
2025-05-31,3.2516254969698726,15,0.3,0.2942020936204749,1003
2025-06-01,3.0601248820158307,7,0.1995522219644155,0.2938955175023675,1003
2025-06-02,3.0988181798872536,9,0.12980858135997791,0.29640794133936554,1003
2025-06-03,3.1265565290601143,3,0.3,0.3010968626995277,1003
2025-06-04,3.162901426625648,19,0.16238560023434903,0.3070806436975931,1003
2025-06-05,3.1406507125283465,7,0.298930539241803,0.3131577916892802,1003
2025-06-06,3.2826733933507226,7,0.3,0.31795573190145776,1003
2025-06-07,3.280551557140086,19,0.12099195461657243,0.3203330657067945,1003
2025-06-08,3.189156395703034,16,0.190136495720665,0.3198373050505551,1003
2025-06-09,3.3392840377491417,5,0.23359247668271102,0.31692305290747674,1003
2025-06-10,3.1175478156395613,11,0.1489576810599911,0.3127621558181859,1003
2025-06-11,3.29439778814604,16,0.05,0.30879370215560614,1003
2025-06-12,3.2405016175752173,14,0.22420916568390195,0.3062383589393441,1003
2025-06-13,3.152155321116183,2,0.21847001866544466,0.30569947839072664,1003
2025-06-14,3.148998507023322,18,0.11194454634590396,0.3069936881973363,1003
2025-06-15,3.169504191487122,7,0.3,0.309231689842958,1003
2025-06-16,3.230826767318033,6,0.13545308884852106,0.3112250729541197,1003
2025-06-17,3.236595495779418,5,0.2772701939560331,0.31203025186299627,1003
2025-06-18,3.2829651673297424,7,0.1193115526089638,0.3113861131570024,1003
2025-06-19,3.1956900540831468,9,0.2588883179744971,0.30972495274135187,1003
2025-06-20,3.1733816737353986,11,0.1881843795947587,0.30781048339631795,1003
2025-06-21,3.319790959102267,14,0.23117046670374847,0.30625693225849615,1003
2025-06-22,3.214825184161516,19,0.3,0.3052744628644597,1003
2025-06-23,3.1514471649085998,7,0.20352788266324862,0.30471566589768506,1003
2025-06-24,3.219163584469095,15,0.23335906659255093,0.30431224988460337,1003
2025-06-25,3.4010870483102456,7,0.3,0.30380725929050306,1003
2025-06-26,3.208316493980465,11,0.0938071872763488,0.3029500519642591,1003
2025-06-27,3.1055889936553203,7,0.3,0.30148015132688344,1003
2025-06-28,3.18940624478634,12,0.10654761450344968,0.2992471737328885,1003
2025-06-29,3.152395399793183,22,0.27486297604211707,0.29643321692420743,1003
2025-06-30,3.1080114204313682,7,0.3,0.2936935225099264,1003
2025-07-01,3.2336656890185345,5,0.18303004237550946,0.29197641084312714,1003
2025-07-02,3.3283978177796953,9,0.1976939039209285,0.2920649276794186,1003
2025-07-03,3.3057219506707836,5,0.20314309444383571,0.29415034844571236,1003
2025-07-04,3.1642590093602907,9,0.3,0.29766209299901164,1003
2025-07-05,3.159835153565394,14,0.3,0.30151682178595296,1003
2025-07-06,3.207907942759754,16,0.1348414928732269,0.30454794945512503,1003
2025-07-07,3.154128919384314,9,0.2613312058938264,0.30588495676557775,1003
2025-07-08,3.200134609183687,3,0.17187990289934407,0.3051394394255793,1003
2025-07-09,3.1996475438208827,10,0.19761277503814398,0.302381764105823,1003
2025-07-10,3.1767396145330427,10,0.09505761204670977,0.2980544514875915,1003
2025-07-11,3.2724280325552817,10,0.2079509519952185,0.29285607139005376,1003
2025-07-12,3.0882902431925277,19,0.21037876967343747,0.28765315522040036,1003
2025-07-13,3.088713450731441,10,0.10712716414293343,0.2833311321620746,1003
2025-07-14,3.289914165913405,14,0.0617965934726598,0.2806930424673713,1003
2025-07-15,3.141644863782154,15,0.20538455561677402,0.2803373878460237,1003
2025-07-16,3.371992946491181,10,0.25319938006136133,0.2825583181091897,1003
2025-07-17,3.2176852183716544,11,0.22285049525256084,0.28725848364115725,1003
2025-07-18,3.194955424358998,5,0.1956003057382732,0.29387980344778464,1003
2025-07-19,3.367335989222876,14,0.3,0.30144202030008355,1003
2025-07-20,3.294969052062042,11,0.1416756090489061,0.3087567998125087,1003
2025-07-21,3.2871832048994567,7,0.1433420641473605,0.31476399872279426,1003
2025-07-22,3.1544316257629452,12,0.14098991215980008,0.3188635393732072,1003
2025-07-23,3.2697525380899854,9,0.1202491324525285,0.3210144095730147,1003
2025-07-24,3.1039757198137123,9,0.19687265597137377,0.3215508530575477,1003
2025-07-25,3.24926886964095,18,0.20961267822578783,0.3208320618004154,1003
2025-07-26,3.3542945810010836,16,0.0699814605779008,0.3190469309164687,1003
2025-07-27,3.1978936631614596,16,0.3,0.3163168186285622,1003
2025-07-28,3.1973739123229574,15,0.22539885654841504,0.3129941558794723,1003
2025-07-29,3.1445972495046983,5,0.1425103271395106,0.3098707633786699,1003
2025-07-30,3.1140731343704338,15,0.19334348968632875,0.3079384762775989,1003
2025-07-31,3.1676422188752826,10,0.3,0.30782629453764543,1003
2025-08-01,3.142234810649227,6,0.1767216441674378,0.3092521614088844,1003
2025-08-02,3.1612557491208872,16,0.2105650707413682,0.31097060685785133,1003
2025-08-03,3.0778819827186523,11,0.3,0.3113253473562734,1003
2025-08-04,3.1527982959823224,9,0.2707732790603902,0.3090929575997936,1003
2025-08-05,3.232023381979812,10,0.18045471051802706,0.30404919461092245,1003
2025-08-06,3.135641245637408,3,0.073473923108063,0.2969349509748817,1003
2025-08-07,3.3308537348756944,9,0.14481276175395222,0.2889444052768978,1003
2025-08-08,3.0916013658744723,9,0.1450648479922381,0.2810785323492312,1003
2025-08-09,3.1914554227963023,14,0.23113049902027902,0.2738508414535203,1003
2025-08-10,3.1095100585837177,11,0.16543621550013787,0.2674259311635381,1003
2025-08-11,3.2433361206496,14,0.20592703838507737,0.262035799115461,1003
2025-08-12,3.3199619876998656,12,0.22731970998093587,0.2583044093885373,1003
2025-08-13,3.118772753847628,19,0.3,0.2571921223579418,1003
2025-08-14,3.1663363310993633,3,0.3,0.25954367408806667,1003
2025-08-15,3.301039435999373,7,0.3,0.2654965740745009,1003
2025-08-16,3.129159350594332,12,0.2606778938869473,0.2740971031002554,1003
2025-08-17,3.325986126584067,14,0.25936144640584463,0.2835013049591999,1003
2025-08-18,3.1984675857359393,15,0.22947272534241298,0.2916916121893844,1003
2025-08-19,3.38694923296014,7,0.15862894552729181,0.297388292456504,1003
2025-08-20,3.133961656634866,14,0.2599483698996686,0.30057561638541813,1003
2025-08-21,3.3266602027048475,9,0.1942146761901797,0.30233519180655616,1003
2025-08-22,3.112454346347639,11,0.10957467572158448,0.3040717510660964,1003
2025-08-23,3.0794935579248808,15,0.07128480157715639,0.30667198600755374,1003
2025-08-24,3.077736289454462,11,0.16582862657285447,0.3100485449003788,1003
2025-08-25,3.346656778202957,7,0.05510149647154867,0.31325162104677773,1003
2025-08-26,3.2389460485488595,10,0.15636833650455303,0.31499183798173125,1003
2025-08-27,3.2873986523581458,9,0.2849798342689342,0.31426661233044084,1003
2025-08-28,3.0265648055366827,5,0.1311541807494347,0.3108891620342467,1003
2025-08-29,3.1553286544091708,11,0.21403750300911842,0.3057337367956665,1003
2025-08-30,3.2686785921041834,10,0.18538217662442455,0.3005994790558584,1003
2025-08-31,3.1650787356434407,15,0.0866654573437458,0.2976222631680972,1003
2025-09-01,3.0802522985242016,9,0.14829034378064765,0.29840427125016517,1003
2025-09-02,3.0935192220100216,9,0.16461115822496636,0.3032716627445741,1003
2025-09-03,3.097000013996379,12,0.08425307014465781,0.31104432721450076,1003
2025-09-04,3.19490212654191,11,0.21563643858894815,0.3195297677912294,1003
2025-09-05,3.1631517208066673,14,0.3,0.32643439178431255,1003
2025-09-06,3.2488291908373803,9,0.2513961372883172,0.33022284718454986,1003
2025-09-07,3.233000347280292,14,0.3,0.3304701232905057,1003
2025-09-08,3.1124632258176548,10,0.3,0.3276178177660308,1003
2025-09-09,3.278256257206068,9,0.12029894486946405,0.3223962345479991,1003
2025-09-10,3.113117807151191,15,0.3,0.3154539819821349,1003
2025-09-11,3.208829912373145,7,0.19976584647753853,0.3073270327023213,1003
2025-09-12,3.195372870327021,14,0.05,0.2987152846162217,1003
2025-09-13,3.2339814271317056,15,0.3,0.29061008672741917,1003
2025-09-14,3.2297108698554347,16,0.25047521313435117,0.2841223884258581,1003
2025-09-15,3.23962964155969,11,0.1996177992901716,0.28002185257621576,1003
2025-09-16,3.028843676550003,10,0.1460278656351554,0.2783721616084554,1003
2025-09-17,3.286198214938637,14,0.19238753576337092,0.2785339770104338,1003
2025-09-18,3.1620635223233435,16,0.14000632808221028,0.2795421042433932,1003
2025-09-19,3.2381526979397792,6,0.19847404497678997,0.28060450584980046,1003
2025-09-20,3.294173415286327,18,0.27851635588401047,0.28146090242807303,1003
2025-09-21,3.1613920157498114,7,0.08957536019991695,0.2824145206289697,1003
2025-09-22,3.195570150945301,7,0.2936248512258321,0.28409060895293514,1003
2025-09-23,3.140483930434151,6,0.1763006090031251,0.2870743668662207,1003
2025-09-24,3.144144762423688,9,0.18786189067295794,0.2915739656777411,1003
2025-09-25,3.1517426799056625,10,0.3,0.29723764928848406,1003
2025-09-26,3.2587233298684293,10,0.17202115969607146,0.3031599959429607,1003
2025-09-27,3.1409527729975912,19,0.17318182286080816,0.30811971667844457,1003
2025-09-28,3.0776213274186115,20,0.14791878274700668,0.3110115226985792,1003
2025-09-29,3.0769386991373087,16,0.3,0.3113263112577235,1003
2025-09-30,3.221400399164083,5,0.23699134294167082,0.3094704708073279,1003
2025-10-01,3.254723921819948,3,0.128804487463376,0.3066809790453956,1003
2025-10-02,3.2081924931125108,6,0.3,0.30448953734633893,1003
2025-10-03,3.2536771514779628,6,0.12189479658104693,0.30405517939041343,1003
2025-10-04,3.341791006958568,10,0.0530944093621191,0.30573442619499736,1003
2025-10-05,3.173601856928512,11,0.2151587453204246,0.3090678453703822,1003
2025-10-06,3.218955932700324,7,0.1687109594469774,0.3131736933290919,1003
2025-10-07,3.2476240504289273,10,0.20117073698703142,0.31720249816845747,1003
2025-10-08,3.2263139842790385,9,0.25131811984483643,0.32060851203936225,1003
2025-10-09,3.0704952836119985,16,0.19988024083654324,0.32312908526254014,1003
2025-10-10,3.066285272898358,14,0.09266160650360344,0.3246124951750061,1003
2025-10-11,3.213444150431485,10,0.14111988175328707,0.32490618283792744,1003
2025-10-12,3.156951462538001,14,0.3,0.3239107356182207,1003
2025-10-13,3.1481213944134954,9,0.23889621522959947,0.3217547372959205,1003
2025-10-14,3.0978221604231324,11,0.07857102410885308,0.31887161732313984,1003
2025-10-15,3.2042135839812875,11,0.09657600342511304,0.3158949366219744,1003
2025-10-16,3.272707723053293,15,0.16406314508552924,0.3133729464345941,1003
2025-10-17,3.082615378687554,9,0.3,0.3115015980728624,1003
2025-10-18,3.34328803553342,14,0.3,0.31003584860432565,1003
2025-10-19,3.16823518916625,12,0.23230748919011837,0.30840412410857526,1003
2025-10-20,3.07765292503211,11,0.09294032902152327,0.30593688667932983,1003
2025-10-21,3.086275962868479,15,0.15108224071046464,0.30208006908283974,1003
2025-10-22,3.06388724552163,5,0.09598003579401032,0.2965714878492246,1003
2025-10-23,3.2738086983079526,6,0.24501031001447285,0.2896128575283384,1003
2025-10-24,3.2591334570199355,12,0.08571116180996934,0.2819305376873733,1003
2025-10-25,3.237779864614182,23,0.20931649149462578,0.2747053192722159,1003
2025-10-26,3.216456750757844,11,0.06071598378701633,0.2692815081737048,1003
2025-10-27,3.1243536081260084,9,0.23682100063343306,0.266824730135169,1003
2025-10-28,3.240391691826075,9,0.09682243977689842,0.26795018579586427,1003
2025-10-29,3.168129934449632,9,0.3,0.2725322427012825,1003
2025-10-30,3.1952409082243345,5,0.2557857588121087,0.2797359024223042,1003
2025-10-31,3.107054358049787,11,0.10772711698258959,0.288244286573891,1003
2025-11-01,3.0693289951867766,12,0.1530388860448067,0.2965982360408859,1003
2025-11-02,3.3092083399068493,15,0.09970872474718863,0.3035136148531665,1003
2025-11-03,3.2598851728924387,6,0.06084045491712063,0.30811010362787056,1003
2025-11-04,3.2806545078330016,10,0.1565426630649578,0.30998066725229,1003
2025-11-05,3.159305554745665,10,0.09212156429890105,0.3091425287553653,1003
2025-11-06,3.1282537802422468,16,0.2506384535004149,0.3059153543296579,1003
2025-11-07,3.251415360117231,7,0.22340525283297252,0.30085581280409784,1003
2025-11-08,3.13620463276133,22,0.2547289065367859,0.2947236425787507,1003
2025-11-09,3.247119026113171,23,0.17720563172829154,0.2884325222230652,1003
2025-11-10,3.1949050751366785,12,0.20423992959480267,0.2829239972855453,1003
2025-11-11,3.214392074324536,10,0.08548178459881567,0.27892204979151597,1003
2025-11-12,3.237093292691283,6,0.13179132007654218,0.27671817075471095,1003
2025-11-13,3.2491256109703444,7,0.12093459347345195,0.2761637784355424,1003
2025-11-14,3.219874812569277,12,0.17844275611367608,0.27690674200565135,1003
2025-11-15,3.0293154908032967,20,0.21012958856022593,0.2787647815344034,1003
2025-11-16,3.3417539725677154,10,0.3,0.28190693256248045,1003
2025-11-17,3.317398392122313,12,0.1877769676124691,0.28668992669584026,1003
2025-11-18,3.1943585481410697,9,0.13388709612815228,0.29320852066269776,1003
2025-11-19,3.0496185282128123,9,0.3,0.30086067398613414,1003
2025-11-20,3.2998236891374004,14,0.1894418473267369,0.30835794517101095,1003
2025-11-21,3.204945210722792,14,0.3,0.31424034223265607,1003
2025-11-22,3.2359865867117596,16,0.1421679143488778,0.3177212859504024,1003
2025-11-23,3.1522599609677986,28,0.3,0.3192373950533356,1003
2025-11-24,3.2000902244990934,5,0.20262007009307298,0.32027128297190227,1003
2025-11-25,3.2073497057338813,6,0.16874701352993773,0.3224543575680855,1003
2025-11-26,3.2571746273547615,9,0.221809417702317,0.32653863997263,1003
2025-11-27,3.366703201121303,9,0.17816399051262505,0.33191268880142544,1003
2025-11-28,3.243853505000338,7,0.09112297169454137,0.3369836185300948,1003
2025-11-29,3.074412971037983,16,0.19787373502860367,0.34013088600964836,1003
2025-11-30,3.141493148532214,19,0.13843979850460394,0.340572604206508,1003
2025-12-01,3.2328381170062297,14,0.16623939109890434,0.3386828460366459,1003
2025-12-02,3.1830351968257475,11,0.14007774120123492,0.33571169923497635,1003
2025-12-03,3.3037613343833994,7,0.14110426783761532,0.33318750352652976,1003
2025-12-04,3.3159398853028583,7,0.28748413602309514,0.33232217945198317,1003
2025-12-05,3.230029546808461,6,0.10110651189630912,0.33358545717041116,1003
2025-12-06,3.312561967660999,22,0.20297926505358116,0.3365872636944586,1003
2025-12-07,3.2100181013255265,7,0.06504550201542793,0.3402508116271994,1003
2025-12-08,3.028279951645205,6,0.16601056740423462,0.3432444226533708,1003
2025-12-09,3.251580631689966,6,0.08901766719033097,0.3444564626417294,1003
2025-12-10,3.1450421747014983,12,0.2860239420282094,0.3432882110884489,1003
2025-12-11,3.206731522360089,10,0.20386592699042455,0.33968045455813656,1003
2025-12-12,3.1499494437806765,9,0.09456268300822525,0.33395406563919583,1003
2025-12-13,3.0556779843783026,15,0.07366254729751874,0.3266243353645949,1003
2025-12-14,3.168175032903889,22,0.3,0.3182795715753174,1003
2025-12-15,3.253413769948555,12,0.22610292778831034,0.3095496569322531,1003
2025-12-16,3.2036503885916763,10,0.3,0.3011137795753027,1003
2025-12-17,3.09699538066818,2,0.2031956704512016,0.29368357699732983,1003
2025-12-18,3.3398750743073813,9,0.23786966185079703,0.28796118302022056,1003
2025-12-19,3.227501439709552,7,0.2390588558957169,0.2845660117324156,1003
2025-12-20,3.0791802288656753,10,0.3,0.28391620269745727,1003
2025-12-21,3.1210287909143237,16,0.13442572691884294,0.2860932915986239,1003
2025-12-22,3.1952080546427166,9,0.14477843398253273,0.2907724403510413,1003
2025-12-23,3.313242149219607,12,0.2579543032627646,0.2972175897984148,1003
2025-12-24,3.2857793928302024,9,0.23520741233525932,0.30434772961674,1003
2025-12-25,3.1635354068753605,10,0.26777028345196685,0.3108254164118949,1003
2025-12-26,3.1626005711801417,6,0.21917154116921886,0.31528180308269843,1003
2025-12-27,3.1609379969728377,22,0.18189500494351665,0.31661330044244484,1003
2025-12-28,3.2564721084562565,9,0.07598561889547481,0.3143340015445255,1003
2025-12-29,3.261086889297552,11,0.22719428841644335,0.3087532937706674,1003
2025-12-30,3.1776611850543053,7,0.28099464321689327,0.3009504952180378,1003
2025-12-31,3.21647291079506,9,0.3,0.2925154325726356,1003
2026-01-01,3.1162448470124504,10,0.15357068675202315,0.285247833979001,1003
2026-01-02,3.2817839847496058,11,0.08237314951869133,0.28080677617958516,1003
2026-01-03,3.17608559914072,15,0.2283684148543214,0.28039384249036314,1003
2026-01-04,3.2309710984265787,11,0.1289401247083354,0.2844295516622275,1003
2026-01-05,3.1183220207378923,10,0.189955190799162,0.2923822505614172,1003
2026-01-06,3.1671528642340783,10,0.21425220763837535,0.302834443912107,1003
2026-01-07,3.250085399486047,12,0.12493618541399076,0.31389063534036016,1003
2026-01-08,3.0922772173287933,6,0.05383022682325347,0.32373202164960907,1003
2026-01-09,3.1741843111084873,11,0.20951985976903423,0.3310797685378969,1003
2026-01-10,3.1530097525891425,12,0.3,0.335373580461323,1003
2026-01-11,3.1863721710268385,10,0.1408990368277503,0.33669124272253376,1003
2026-01-12,3.1806267849229237,12,0.3,0.33555092174421036,1003
2026-01-13,3.115827840049977,9,0.08152207469312539,0.3327232979079346,1003
2026-01-14,3.2596824459835005,11,0.17283686584337826,0.329085944757653,1003
2026-01-15,3.2176694009467375,10,0.24023522175749487,0.325496004122071,1003
2026-01-16,3.2880669554200406,14,0.05,0.322697652693575,1003
2026-01-17,3.3115989511610406,19,0.23187294268091685,0.32129492871840826,1003
2026-01-18,3.264133127046346,16,0.3,0.3218081527347846,1003
2026-01-19,3.2430146513205327,11,0.2679447642694908,0.32464912208560814,1003
2026-01-20,3.123668497941142,14,0.3,0.32988219899275595,1003
2026-01-21,3.1730340663906733,10,0.24987121834068413,0.3369383657369177,1003
2026-01-22,3.2345270566246533,10,0.15155801167337205,0.344476428606644,1003
2026-01-23,3.1969244401558714,19,0.3,0.3506763890207505,1003
2026-01-24,3.2329409848884003,14,0.10667027071454768,0.3538590840928859,1003
2026-01-25,3.179677071174498,10,0.2168861665531129,0.35311170427724237,1003
2026-01-26,3.23342268602031,3,0.09108565226789497,0.34854675503309174,1003
2026-01-27,3.1900694285271474,9,0.22137069422720135,0.34116688158393876,1003
2026-01-28,3.0742097974665272,9,0.16228837953672098,0.33245054529143825,1003
2026-01-29,3.058213832284043,12,0.054800794910490905,0.32394315233550114,1003
2026-01-30,3.1240010304164567,7,0.10925133769962249,0.31689227890972255,1003
2026-01-31,3.2726703863764666,14,0.12013173482106912,0.31201730246971304,1003
2026-02-01,3.1841977210812424,10,0.1308137362872375,0.30935435931937055,1003
2026-02-02,3.162524666563687,14,0.2943071738425316,0.30830296068117047,1003
2026-02-03,3.2461862441935128,10,0.3,0.30791278679390244,1003
2026-02-04,3.2865899414956705,10,0.3,0.30731450752186906,1003
2026-02-05,3.274146515578397,11,0.16463954123542449,0.3060956563508018,1003
2026-02-06,3.3192748156526974,5,0.05788324073154285,0.3044151707948608,1003
2026-02-07,3.141738725217127,19,0.29308485147212665,0.30281199201651887,1003
2026-02-08,3.089315553778078,12,0.1988325934907713,0.30184920888591565,1003
2026-02-09,3.166303639924704,11,0.23621888839240343,0.3017675945284434,1003
2026-02-10,3.135518372515383,14,0.1757733884825563,0.302314701964123,1003
2026-02-11,3.166627633352056,7,0.3,0.30279326551401553,1003
2026-02-12,3.1572419847965163,10,0.25013537967661437,0.3022968768733207,1003
2026-02-13,3.0810193382320032,10,0.19458573599310577,0.3000832136554539,1003
2026-02-14,3.199267927623297,18,0.15850764376065704,0.29588846311023737,1003
2026-02-15,3.306695689941936,11,0.08703453372401708,0.2900490348594607,1003
2026-02-16,3.260710100649272,9,0.06914003488507499,0.28342339156660074,1003
2026-02-17,3.1587455088742216,6,0.17706290455704013,0.27717381178884604,1003
2026-02-18,3.180219716532586,9,0.05,0.27249366003508796,1003
2026-02-19,3.196359033483847,15,0.16975120519012454,0.2703733867917865,1003
2026-02-20,3.081100998039513,6,0.22243513301245016,0.2713338408568051,1003
2026-02-21,3.0048920901977314,14,0.24510844892032038,0.27522347974389905,1003
2026-02-22,3.270762636105755,12,0.2020296510591118,0.28113178501293073,1003
2026-02-23,2.939143634250487,9,0.16051870495506282,0.28753771768884506,1003
2026-02-24,3.2143517572133025,9,0.3,0.29277667007463826,1003
2026-02-25,3.2851586566504705,7,0.16210258828052035,0.2956315758439508,1003
2026-02-26,3.2710835730369245,11,0.23084603118813835,0.295798743160337,1003
2026-02-27,3.3902653167625516,9,0.1873026005671163,0.29389474307819746,1003
2026-02-28,3.217882003629139,18,0.21642789733590628,0.2910699465373109,1003
2026-03-01,3.19255429815901,12,0.16844190397842607,0.2884510172011662,1003
2026-03-02,3.1578746825523596,12,0.21553375931323693,0.28678166470258415,1003
2026-03-03,3.2093324838760595,12,0.22825510660508533,0.2863652232220282,1003
2026-03-04,3.1462773958791783,11,0.10782833626663915,0.287191835866026,1003
2026-03-05,3.308015416619553,18,0.3,0.28905936580470654,1003
2026-03-06,3.17394043265922,11,0.11890801739812859,0.2916236132916229,1003
2026-03-07,3.0698122349686843,6,0.2380118626820613,0.2944231521396111,1003
2026-03-08,3.264942327330113,15,0.1341647545247973,0.29695677469813164,1003
2026-03-09,3.0961159956072253,19,0.3,0.29878582219494304,1003
2026-03-10,3.0968265086205413,10,0.27239576182476344,0.2995803639587271,1003
2026-03-11,3.0773075522624938,14,0.3,0.2991331179049418,1003
2026-03-12,3.2459417097679397,20,0.3,0.297400089202847,1003
2026-03-13,3.1651262981356445,6,0.24287276808564842,0.2946254645674374,1003
2026-03-14,3.2558257583923833,19,0.16639249903049452,0.2914252260701336,1003
2026-03-15,3.24542209118046,10,0.15537081424729446,0.28872705687996314,1003
2026-03-16,3.335138706672194,10,0.3,0.28743290344180616,1003
2026-03-17,3.1019990199809273,19,0.2552914114815403,0.28800814400613883,1003
2026-03-18,3.245293716877952,20,0.07825078143911987,0.2901388724526227,1003
2026-03-19,3.267477025825423,14,0.16697758983756508,0.29279797130649765,1003
2026-03-20,3.3442934236864272,10,0.20625276594581848,0.29471265843563765,1003
2026-03-21,3.086594773892227,14,0.19501958206077516,0.2949666981457412,1003
2026-03-22,3.2717531426759328,22,0.1317349810459718,0.29339307960371047,1003
2026-03-23,3.111150938639128,10,0.22346095758124151,0.2905146464110746,1003
2026-03-24,3.150551220334796,12,0.2278024642840333,0.28713981637847463,1003
2026-03-25,3.1093076563363082,7,0.16008341713373586,0.28390354580491367,1003
2026-03-26,3.191660171294585,11,0.21796401143601382,0.28109979938769436,1003
2026-03-27,3.021929798531242,5,0.24357181490790938,0.2787666124964483,1003
2026-03-28,3.257079320142961,14,0.22946234733795742,0.27691319074176435,1003
2026-03-29,3.1227126861069316,16,0.10004003892966455,0.27562877978523165,1003
2026-03-30,3.236737774511046,9,0.2859099855302574,0.27506529834575405,1003
2026-03-31,3.202743875566407,7,0.21181098696052705,0.2753591797657833,1003
2026-04-01,3.250984542133547,5,0.09660247015478415,0.27656934385811377,1003
2026-04-02,3.1976616899951398,2,0.2296807488003565,0.27865073201478885,1003
2026-04-03,3.218710337719363,10,0.10644727604136743,0.28139133622771045,1003
2026-04-04,3.3391434316304127,18,0.3,0.2844214902406008,1003
2026-04-05,3.117031781650999,15,0.2859020610552785,0.28732458955548673,1003
2026-04-06,3.1865370532684865,10,0.09083961350635879,0.28987879485306917,1003
2026-04-07,3.2016538094953235,14,0.19817645342788867,0.2922308012553636,1003
2026-04-08,3.2111096709087272,11,0.20073637497548125,0.2948494353302549,1003
2026-04-09,3.1798065602537307,7,0.11202091891481905,0.29821072199607324,1003
2026-04-10,3.1736366852069104,6,0.2234909106251524,0.30244013333068615,1003
2026-04-11,3.3407540612461832,18,0.3,0.307162809804956,1003
2026-04-12,3.1281684746412926,20,0.22132408700543693,0.31171288102707545,1003
2026-04-13,3.1504534031498665,18,0.22911381295602198,0.315487838821883,1003
2026-04-14,3.111075981003477,6,0.3,0.31822987661275476,1003
2026-04-15,3.2733878595569794,11,0.21407395047948335,0.3200395792827843,1003
2026-04-16,3.2067684128877945,15,0.2693859877790671,0.3212090697092679,1003
2026-04-17,3.315183482993657,14,0.1814752629386304,0.32201255430003245,1003
2026-04-18,3.1438194576695953,14,0.18559688075807665,0.32264680573674576,1003
2026-04-19,3.2484009493801396,19,0.14280866535295952,0.3232420319454869,1003
2026-04-20,3.2129007223086767,20,0.2799002116463529,0.3238281055659012,1003
2026-04-21,3.244689617469507,6,0.18964250029289761,0.32423447052377585,1003
2026-04-22,3.207546307270672,6,0.20507713010533543,0.32404259230978255,1003
2026-04-23,3.050101105176106,16,0.2929545923565422,0.3227165852206992,1003
2026-04-24,3.1536725947707125,9,0.16099898783702898,0.31986202447161427,1003
2026-04-25,3.3171295398657454,10,0.16863347450977334,0.315459608254289,1003
2026-04-26,3.199407050310215,20,0.13190908887828415,0.30992301889827223,1003
2026-04-27,3.238063026109014,12,0.22525294304970375,0.3039931976711914,1003
2026-04-28,3.130395637478417,3,0.1797641666344832,0.2986244170128505,1003
2026-04-29,3.1315829503412886,14,0.21119337378476621,0.2948281374246362,1003
2026-04-30,3.2026893129254366,9,0.09243107071763601,0.29349698751931025,1003
2026-05-01,3.0803019845383104,7,0.3,0.29509782555113495,1003
2026-05-02,3.2010432213892823,12,0.05,0.29938445241961015,1003
2026-05-03,3.0143238484299766,12,0.11134740063877689,0.30530113111145807,1003
2026-05-04,3.146049474386187,10,0.1611146141220318,0.31123227689117405,1003
2026-05-05,3.128218401667705,7,0.18830469123976357,0.31550506706636866,1003
2026-05-06,3.2205925857645177,12,0.2557936355260778,0.31694090098022987,1003
2026-05-07,3.14188955832493,11,0.1794593652255175,0.3152085459849587,1003
2026-05-08,3.1682380872624636,12,0.27307478379854877,0.31089425098371876,1003
2026-05-09,3.1160645416739294,15,0.13910238658574534,0.30521005045672184,1003
2026-05-10,3.314657591379631,23,0.3,0.29953655697163956,1003
2026-05-11,3.2028178053353606,10,0.25191581989930456,0.2948958255629513,1003
2026-05-12,3.1964484644482476,11,0.17310026480160415,0.29164491154341443,1003
2026-05-13,3.131589473967573,16,0.20051120856216187,0.28947609441855515,1003
2026-05-14,3.132919062996326,14,0.3,0.2877243180953877,1003
2026-05-15,3.157629631302609,10,0.3,0.28577966229407603,1003
2026-05-16,3.174558438339507,16,0.1301948921417182,0.28340073436541613,1003
2026-05-17,3.2779994947763402,16,0.19282260584815955,0.2807201137448072,1003
2026-05-18,3.127822985997427,18,0.2491756040579482,0.2780806333075818,1003
2026-05-19,3.227710287894293,7,0.1053013329420254,0.27582033117379245,1003
2026-05-20,3.2477883617574026,16,0.09442959624044689,0.2741736429937791,1003
2026-05-21,3.303649606771706,6,0.0589192733656049,0.2732834170998986,1003
2026-05-22,3.2535726296728855,7,0.1992420403144054,0.273257136119612,1003
2026-05-23,3.1989169497830434,10,0.27628092977192903,0.27419171184692837,1003
2026-05-24,3.215745331762841,12,0.2319407260434209,0.276135868751282,1003
2026-05-25,3.232326500689582,6,0.1417373638177123,0.2790366326239503,1003
2026-05-26,3.114083742399105,6,0.20885034549092996,0.28271807664060444,1003
2026-05-27,3.322907668286345,11,0.10320108824893275,0.2869224467678347,1003
2026-05-28,3.1119461004354623,6,0.3,0.29135149653898196,1003
2026-05-29,3.2935162563121874,7,0.27138342792153447,0.29573081490286046,1003
2026-05-30,3.2520045273637894,19,0.265720342622092,0.2998406334423489,1003
2026-05-31,3.3305813809188036,25,0.16995914265306186,0.3035764686584118,1003
2026-06-01,3.280957612531648,10,0.19666796258894634,0.30697579694609617,1003
2026-06-02,3.2008869406655167,18,0.058497282011822825,0.3101820193732924,1003
2026-06-03,3.3215608600132884,14,0.3,0.3133271853699708,1003
2026-06-04,3.1848787937117935,6,0.3,0.31639231440729904,1003
2026-06-05,3.1638925159147444,14,0.14170115455797355,0.3191960216881247,1003
2026-06-06,3.178360800436142,12,0.11888507774242552,0.32149433687735146,1003
2026-06-07,3.0630663532919034,12,0.21013065009224782,0.32309074223205375,1003
2026-06-08,3.1337032564931433,10,0.21487320078282565,0.3238601646449313,1003
2026-06-09,3.1866385611908763,14,0.0950748495205647,0.3236741829057617,1003
2026-06-10,3.2630062108311435,15,0.12923895493249388,0.32234670480344085,1003
2026-06-11,3.2451106177886118,6,0.24656337279763205,0.3197760714692694,1003
2026-06-12,3.1144348263756547,7,0.20500214865711364,0.31614095889390775,1003
2026-06-13,3.1049915878035113,11,0.15127276948864238,0.31204311345155755,1003
2026-06-14,3.114418442665349,7,0.2237901372141637,0.3084170562086841,1003
2026-06-15,3.3171966933927233,9,0.14432670608157813,0.3061639608560901,1003
2026-06-16,3.1125115458072568,12,0.3,0.3057201896330914,1003
2026-06-17,3.183227742828439,10,0.3,0.30686618586213144,1003
2026-06-18,3.154093459928976,7,0.29090131787388984,0.3088910673246691,1003
2026-06-19,3.237484203970897,11,0.15322165709221552,0.310995631678746,1003
2026-06-20,3.3160738102135583,22,0.20400427733428836,0.31269860648681824,1003
2026-06-21,3.1403967612638595,11,0.22494644445358555,0.31400166556567405,1003
2026-06-22,3.299364954097846,14,0.2324337033227037,0.3152843691041826,1003
2026-06-23,3.123984512733269,5,0.11533264995715405,0.31700694256783024,1003
2026-06-24,3.2599425913073325,3,0.27345629674869737,0.3194515550727534,1003
2026-06-25,3.025912839652125,11,0.27146356930144344,0.32256134055201535,1003
2026-06-26,3.3225325355884916,10,0.23235017049416404,0.3260216610874895,1003
2026-06-27,2.9695881740355894,18,0.17490373680845936,0.32941674067119103,1003
2026-06-28,3.314499292981577,19,0.1879334138778047,0.33238846135008504,1003
2026-06-29,3.10392371716644,11,0.28178885268309706,0.3347151885492672,1003
2026-06-30,3.131687592071443,14,0.14979343615042373,0.33629556383187165,1003
2026-07-01,3.1368298371689436,16,0.13324655881720734,0.3370916795335632,1003
2020-01-01,3.2375968629852943,6,0.3267016882952799,0.0,1004
2020-01-02,3.364991414059347,8,0.30125229429281597,0.0,1004
2020-01-03,3.24039337465541,2,0.4,0.0,1004
2020-01-04,3.2459483153246054,19,0.1,0.0,1004
2020-01-05,3.2679402237203945,13,0.4,0.0,1004
2020-01-06,3.3575939914807043,12,0.28757777843068805,0.0,1004
2020-01-07,3.2567007017611025,6,0.1986593139835766,0.0,1004
2020-01-08,3.324755990081527,7,0.37937066044885726,0.0,1004
2020-01-09,3.2885854263950907,7,0.33775993539512406,0.0,1004
2020-01-10,3.3522454059519973,5,0.16827881125244343,0.0,1004
2020-01-11,3.3611518813697527,13,0.2384001508964556,0.0,1004
2020-01-12,3.249879569100745,14,0.29966446489533494,0.0,1004
2020-01-13,3.285778506956828,10,0.2171790240627975,0.0,1004
2020-01-14,3.214129561620627,15,0.33286407066385937,0.0,1004
2020-01-15,3.327648225108638,6,0.3632972475561088,0.0,1004
2020-01-16,3.332067310685855,4,0.17655378552690154,0.0,1004
2020-01-17,3.3413471858510464,11,0.12764215650578442,0.0,1004
2020-01-18,3.3245070548729094,13,0.3916535227218956,0.0,1004
2020-01-19,3.2585092897892443,10,0.4,0.0,1004
2020-01-20,3.320069733373443,13,0.37063043257636824,0.0,1004
2020-01-21,3.309457167087071,7,0.28221387315024693,0.0,1004
2020-01-22,3.2851321021033906,14,0.1740598701009831,0.0,1004
2020-01-23,3.3113949000071763,7,0.2922872271264355,0.0,1004
2020-01-24,3.341282633314008,10,0.12663053529718332,0.0,1004
2020-01-25,3.2904560484736973,10,0.4,0.0,1004
2020-01-26,3.2800098721121054,13,0.4,0.0,1004
2020-01-27,3.2696216234975517,7,0.4,0.0,1004
2020-01-28,3.2183544243489455,10,0.3616875319532843,0.0,1004
2020-01-29,3.3162904766556363,11,0.2172502371059065,0.0,1004
2020-01-30,3.3058374353168163,7,0.26426058323181983,0.0,1004
2020-01-31,3.268388365496759,6,0.20628636493256336,0.0,1004
2020-02-01,3.351976628583863,12,0.3536738010821748,0.0,1004
2020-02-02,3.2744314102485417,12,0.2942666193326687,0.0,1004
2020-02-03,3.2824390012101503,12,0.3129546569915099,0.0,1004
2020-02-04,3.252322042066618,7,0.4,0.0,1004
2020-02-05,3.3250636840061842,13,0.2397998623718681,0.0,1004
2020-02-06,3.1802324519132923,3,0.2942942611389313,0.0,1004
2020-02-07,3.2608705840134484,8,0.231605025688057,0.0,1004
2020-02-08,3.270653334127532,9,0.22774863565033673,0.0,1004
2020-02-09,3.269172094568288,10,0.10297765198971856,0.0,1004
2020-02-10,3.3436396756633027,12,0.3581931265762471,0.0,1004
2020-02-11,3.2853193003370027,9,0.2026541954780402,0.0,1004
2020-02-12,3.2259935485314726,13,0.13897844593210923,0.0,1004
2020-02-13,3.3021472245086363,8,0.10988837115638335,0.0,1004
2020-02-14,3.396180022185162,10,0.4,0.0,1004
2020-02-15,3.259261046030368,11,0.3815772873330853,0.0,1004
2020-02-16,3.269615236085445,13,0.2417928686470154,0.0,1004
2020-02-17,3.344759123881556,12,0.3326380418485999,0.0,1004
2020-02-18,3.313841863734865,8,0.3445797510692146,0.0,1004
2020-02-19,3.3117668204031,12,0.37032617970489284,0.0,1004
2020-02-20,3.367063077766589,9,0.4,0.0,1004
2020-02-21,3.288719961561937,6,0.12222621321928556,0.0,1004
2020-02-22,3.3108220986095627,13,0.27711104593688474,0.0,1004
2020-02-23,3.312377391516,7,0.30148082412544314,0.0,1004
2020-02-24,3.275701030853382,8,0.32230968438832325,0.0,1004
2020-02-25,3.248667405124289,7,0.20561916401891836,0.0,1004
2020-02-26,3.2904759012300904,8,0.2296908805431645,0.0,1004
2020-02-27,3.3011050238729873,9,0.4,0.0,1004
2020-02-28,3.3184084920974564,6,0.2836371366572874,0.0,1004
2020-02-29,3.17927682235314,15,0.14596472797483087,0.0,1004
2020-03-01,3.3457125643024144,7,0.4,0.0,1004
2020-03-02,3.233162001948596,7,0.18935379030074947,0.0,1004
2020-03-03,3.3282899411644076,5,0.3948429423655442,0.0,1004
2020-03-04,3.366432097965608,9,0.31871412752941736,0.0,1004
2020-03-05,3.2696260282094447,9,0.25481420567192653,0.0,1004
2020-03-06,3.321546552105985,12,0.2983985780742065,0.0,1004
2020-03-07,3.310483998009053,8,0.26470703519507593,0.0,1004
2020-03-08,3.295661617527346,8,0.4,0.0,1004
2020-03-09,3.3353433000005435,6,0.34839509066597185,0.0,1004
2020-03-10,3.3281122299560097,6,0.4,0.0,1004
2020-03-11,3.315077577224712,6,0.3290361384422653,0.0,1004
2020-03-12,3.2975571220277122,12,0.4,0.0,1004
2020-03-13,3.3159331468902713,9,0.2972617378683808,0.0,1004
2020-03-14,3.416530065203274,14,0.4,0.0,1004
2020-03-15,3.195211600414613,12,0.1922182688851411,0.0,1004
2020-03-16,3.147010163975512,7,0.22471339904544593,0.0,1004
2020-03-17,3.2671050484909157,7,0.2836968219722592,0.0,1004
2020-03-18,3.3032227071555305,8,0.3449734277756312,0.0,1004
2020-03-19,3.3413713639119496,5,0.13826242307016037,0.0,1004
2020-03-20,3.28132135261271,7,0.27172526470240993,0.0,1004
2020-03-21,3.353851456705746,7,0.21568539616843857,0.0,1004
2020-03-22,3.2201493878660292,8,0.15515119646757752,0.0,1004
2020-03-23,3.3489690785448665,3,0.35672143598672307,0.0,1004
2020-03-24,3.2954680180439486,8,0.28328006028676916,0.0,1004
2020-03-25,3.2538513576111296,6,0.1956492916500802,0.0,1004
2020-03-26,3.2773052812746024,6,0.4,0.0,1004
2020-03-27,3.1954271649387005,7,0.3996006394276944,0.0,1004
2020-03-28,3.230450976738772,17,0.3630245437150656,0.0,1004
2020-03-29,3.3311009201915467,14,0.4,0.0,1004
2020-03-30,3.291005295343139,3,0.4,0.0,1004
2020-03-31,3.275772010147792,10,0.2741740138809219,0.0,1004
2020-04-01,3.2308923762084576,6,0.271492054489875,0.0,1004
2020-04-02,3.202344443848009,14,0.2106690057935315,0.0,1004
2020-04-03,3.3089392029828533,8,0.38464667678723974,0.0,1004
2020-04-04,3.2772112546402794,11,0.18815397996130412,0.0,1004
2020-04-05,3.2537123467611946,19,0.20680697096047432,0.0,1004
2020-04-06,3.3588182559441284,9,0.4,0.0,1004
2020-04-07,3.3237326482653815,6,0.25451803650541216,0.0,1004
2020-04-08,3.3464138344899625,11,0.2460250538006032,0.0,1004
2020-04-09,3.326699226208378,12,0.3952514093026579,0.0,1004
2020-04-10,3.4302394058526926,10,0.21482453774913612,0.0,1004
2020-04-11,3.2765867148743784,8,0.1,0.0,1004
2020-04-12,3.3168275033542103,19,0.37793983273827464,0.0,1004
2020-04-13,3.3602582051129057,14,0.3554173424064651,0.0,1004
2020-04-14,3.304467529014057,4,0.34318633677372884,0.0,1004
2020-04-15,3.275955916637912,10,0.30136368007968256,0.0,1004
2020-04-16,3.2995474845764816,7,0.26800194636938074,0.0,1004
2020-04-17,3.2206447052289433,8,0.3713981720898765,0.0,1004
2020-04-18,3.3352723829233204,16,0.37801620762936156,0.0,1004
2020-04-19,3.320914947350966,13,0.2780261711757978,0.0,1004
2020-04-20,3.3171494648244417,13,0.3096193742213783,0.0,1004
2020-04-21,3.273783928311056,9,0.18127126590278225,0.0,1004
2020-04-22,3.1774970547985495,2,0.4,0.0,1004
2020-04-23,3.2468450340953856,4,0.265538299242144,0.0,1004
2020-04-24,3.2916703247834,5,0.39154880947570964,0.0,1004
2020-04-25,3.305515117659575,9,0.4,0.0,1004
2020-04-26,3.3904591497766274,14,0.20359149716864386,0.0,1004
2020-04-27,3.306366491002836,13,0.2780525720377023,0.0,1004
2020-04-28,3.2745678539387804,6,0.25856683540335057,0.0,1004
2020-04-29,3.28475641050884,9,0.4,0.0,1004
2020-04-30,3.303994991275569,6,0.19845215747879197,0.0,1004
2020-05-01,3.2931581442594537,6,0.2801381359135986,0.0,1004
2020-05-02,3.238838981357355,7,0.33147189107277514,0.0,1004
2020-05-03,3.2510588409491477,8,0.3008083919831375,0.0,1004
2020-05-04,3.254236434239609,6,0.32344235077964884,0.0,1004
2020-05-05,3.30396871001136,10,0.3591235397977194,0.0,1004
2020-05-06,3.3941293146473774,10,0.3587150593210782,0.0,1004
2020-05-07,3.279210284705257,9,0.4,0.0,1004
2020-05-08,3.2410181323818885,11,0.31794668438967916,0.0,1004
2020-05-09,3.381572638370003,14,0.16923677164026873,0.0,1004
2020-05-10,3.307697334033311,6,0.2455393959836227,0.0,1004
2020-05-11,3.194348937599569,10,0.17816003938001151,0.0,1004
2020-05-12,3.377959611567032,11,0.16233715909913343,0.0,1004
2020-05-13,3.384490521467979,9,0.21051200544809287,0.0,1004
2020-05-14,3.3128549290071363,10,0.38293802642873226,0.0,1004
2020-05-15,3.3027212577847096,8,0.39220999029026143,0.0,1004
2020-05-16,3.3006089523156663,12,0.1782851631958344,0.0,1004
2020-05-17,3.297205762016595,14,0.4,0.0,1004
2020-05-18,3.304168353945251,9,0.4,0.0,1004
2020-05-19,3.3392366556029995,11,0.36255273594533804,0.0,1004
2020-05-20,3.276596776009707,1,0.4,0.0,1004
2020-05-21,3.3120661447672357,8,0.17884654576636233,0.0,1004
2020-05-22,3.230516826341101,9,0.28721040942768133,0.0,1004
2020-05-23,3.379857231047007,15,0.4,0.0,1004
2020-05-24,3.3038796997110524,17,0.2973349471001985,0.0,1004
2020-05-25,3.3266613731767896,9,0.33865177048328676,0.0,1004
2020-05-26,3.3728893394569774,8,0.4,0.0,1004
2020-05-27,3.298463788068982,5,0.37799377649117977,0.0,1004
2020-05-28,3.2885264112945647,9,0.18030996881155284,0.0,1004
2020-05-29,3.2972725672298666,9,0.2565850542298032,0.0,1004
2020-05-30,3.2678033419362698,16,0.1794768287581637,0.0,1004
2020-05-31,3.334550634737355,17,0.31605305030623654,0.0,1004
2020-06-01,3.28447015142695,11,0.34399179803633745,0.0,1004
2020-06-02,3.2687269724819017,5,0.4,0.0,1004
2020-06-03,3.306426118629859,9,0.4,0.0,1004
2020-06-04,3.3106087829500943,8,0.16936721806583796,0.0,1004
2020-06-05,3.3087075975277385,6,0.4,0.0,1004
2020-06-06,3.323655334705664,11,0.13364856772088554,0.0,1004
2020-06-07,3.380495523324968,10,0.2812879894186385,0.0,1004
2020-06-08,3.284234578210214,8,0.22805251108400493,0.0,1004
2020-06-09,3.290816272539617,12,0.19731518258045883,0.0,1004
2020-06-10,3.2999879038553996,12,0.19642487656245114,0.0,1004
2020-06-11,3.316459694668349,14,0.19686903311001855,0.0,1004
2020-06-12,3.23132365939792,10,0.4,0.0,1004
2020-06-13,3.3039348472571026,9,0.4,0.0,1004
2020-06-14,3.3755194524658276,7,0.4,0.0,1004
2020-06-15,3.3347724181545324,10,0.21492349673497887,0.0,1004
2020-06-16,3.2950574166736084,6,0.4,0.0,1004
2020-06-17,3.325453775354709,9,0.1675057239655104,0.0,1004
2020-06-18,3.3119305671059496,10,0.23422202346599444,0.0,1004
2020-06-19,3.304285991247306,9,0.33472301264285786,0.0,1004
2020-06-20,3.4265393945303964,8,0.1900301832296227,0.0,1004
2020-06-21,3.3150421846482896,16,0.20460912031692852,0.0,1004
2020-06-22,3.377359186490051,8,0.34243545835987743,0.0,1004
2020-06-23,3.3054160179048733,8,0.3924624025993025,0.0,1004
2020-06-24,3.166153514115625,7,0.4,0.0,1004
2020-06-25,3.285721925410415,7,0.30821723664833894,0.0,1004
2020-06-26,3.2906187413186796,9,0.4,0.0,1004
2020-06-27,3.3355330568966757,19,0.25114699089778514,0.0,1004
2020-06-28,3.314435850207044,7,0.22439169940549578,0.0,1004
2020-06-29,3.3303412686974436,4,0.34100772521611317,0.0,1004
2020-06-30,3.295545967855898,12,0.17786980426872762,0.0,1004
2020-07-01,3.258220517069451,9,0.2577383299003358,0.0,1004
2020-07-02,3.274044622996809,12,0.25176150933104935,0.0,1004
2020-07-03,3.3441909443193993,13,0.4,0.0,1004
2020-07-04,3.280650339373379,7,0.1,0.0,1004
2020-07-05,3.2753232534407055,19,0.3578487473750976,0.0,1004
2020-07-06,3.2070232632647357,4,0.3235789316478988,0.0,1004
2020-07-07,3.2794772871454105,6,0.3021121182481916,0.0,1004
2020-07-08,3.3267490978750627,12,0.3844937944144682,0.0,1004
2020-07-09,3.295316764671099,9,0.33200211642393396,0.0,1004
2020-07-10,3.3116747606098667,9,0.18634121791379904,0.0,1004
2020-07-11,3.208780616533717,14,0.2551941515906469,0.0,1004
2020-07-12,3.2561463479563275,12,0.3662746058417051,0.0,1004
2020-07-13,3.387144236407422,8,0.15974836804020412,0.0,1004
2020-07-14,3.283297264636206,5,0.25903091753105695,0.0,1004
2020-07-15,3.3034626204063233,11,0.2165176049907651,0.0,1004
2020-07-16,3.3077372245091703,9,0.26649702482060067,0.0,1004
2020-07-17,3.3437927855764893,9,0.3415266276918277,0.0,1004
2020-07-18,3.320110324607742,17,0.3768098032806152,0.0,1004
2020-07-19,3.338706214641915,10,0.16805049243473838,0.0,1004
2020-07-20,3.3886235818388806,12,0.19600198552963952,0.0,1004
2020-07-21,3.303294141424679,12,0.3906557214671793,0.0,1004
2020-07-22,3.313827886078682,6,0.2988867405574343,0.0,1004
2020-07-23,3.2169275786244844,7,0.3130380238520194,0.0,1004
2020-07-24,3.269741759970391,8,0.4,0.0,1004
2020-07-25,3.3179065865288244,10,0.4,0.0,1004
2020-07-26,3.3249225353072576,12,0.36485143540929604,0.0,1004
2020-07-27,3.276098094031761,12,0.17648674659317484,0.0,1004
2020-07-28,3.3572248807729257,8,0.24970562800348423,0.0,1004
2020-07-29,3.229747925195648,9,0.33124868779953986,0.0,1004
2020-07-30,3.265467278848408,9,0.2914525221160904,0.0,1004
2020-07-31,3.3712120381532555,8,0.37131855692667837,0.0,1004
2020-08-01,3.3177594470324667,7,0.4,0.0,1004
2020-08-02,3.349188961334164,17,0.27117430828713196,0.0,1004
2020-08-03,3.222395059460853,8,0.2516581324225996,0.0,1004
2020-08-04,3.2462089709900352,7,0.4,0.0,1004
2020-08-05,3.2818301548896414,6,0.3509431342359189,0.0,1004
2020-08-06,3.2950508134354,5,0.4,0.0,1004
2020-08-07,3.2613485424232294,8,0.33137192413060396,0.0,1004
2020-08-08,3.288407092045631,6,0.30894643882708334,0.0,1004
2020-08-09,3.178925674498848,10,0.2579488151316624,0.0,1004
2020-08-10,3.2814925196614575,10,0.2527569101127993,0.0,1004
2020-08-11,3.263439074453835,6,0.18207773280602965,0.0,1004
2020-08-12,3.316393772473095,6,0.2676327104491095,0.0,1004
2020-08-13,3.252086541181503,6,0.2851271844596221,0.0,1004
2020-08-14,3.356648205792064,9,0.25574123853382186,0.0,1004
2020-08-15,3.3021163852695077,10,0.26882871533815644,0.0,1004
2020-08-16,3.312646005406134,11,0.22749577967121953,0.0,1004
2020-08-17,3.2965088981332427,8,0.17465969201192746,0.0,1004
2020-08-18,3.3056248768909504,7,0.3503989470544468,0.0,1004
2020-08-19,3.332378424205984,10,0.17276838984999704,0.0,1004
2020-08-20,3.2910348235752545,5,0.357831548426471,0.0,1004
2020-08-21,3.290010399198421,7,0.19934731145124762,0.0,1004
2020-08-22,3.2497682819499234,10,0.14019843581954927,0.0,1004
2020-08-23,3.313325460304184,12,0.22661658452756994,0.0,1004
2020-08-24,3.2762800559143432,5,0.24104428333067526,0.0,1004
2020-08-25,3.2834555073724543,8,0.17069820478802478,0.0,1004
2020-08-26,3.3210828063093736,11,0.18616676725118358,0.0,1004
2020-08-27,3.280317713268044,5,0.23493450634783794,0.0,1004
2020-08-28,3.2756277092331136,7,0.21229613313222798,0.0,1004
2020-08-29,3.2765778463633537,12,0.34577716144135795,0.0,1004
2020-08-30,3.2459161512980335,15,0.33235187343060085,0.0,1004
2020-08-31,3.2664420557278415,7,0.33703657820737337,0.0,1004
2020-09-01,3.292276202700971,8,0.1543864828685932,0.0,1004
2020-09-02,3.320646068419321,4,0.21745639664116173,0.0,1004
2020-09-03,3.205365412645788,7,0.15491363314170234,0.0,1004
2020-09-04,3.331476321398172,8,0.24999431039719888,0.0,1004
2020-09-05,3.2372664419907045,14,0.3711171453840083,0.0,1004
2020-09-06,3.3276437308316185,7,0.4,0.0,1004
2020-09-07,3.3158555240844385,7,0.4,0.0,1004
2020-09-08,3.2561328883488274,7,0.4,0.0,1004
2020-09-09,3.2613085458898143,11,0.3360706110624196,0.0,1004
2020-09-10,3.2572750210606545,7,0.2964157702745167,0.0,1004
2020-09-11,3.3517092085745923,9,0.150920700669396,0.0,1004
2020-09-12,3.267574531734315,17,0.4,0.0,1004
2020-09-13,3.3040765909743843,16,0.2580038941552248,0.0,1004
2020-09-14,3.2323480747573,9,0.18475314000076726,0.0,1004
2020-09-15,3.3044042197661008,6,0.4,0.0,1004
2020-09-16,3.292280499117941,10,0.2811524634923109,0.0,1004
2020-09-17,3.3042175693145612,7,0.28699351216670116,0.0,1004
2020-09-18,3.2777934213467,14,0.4,0.0,1004
2020-09-19,3.2855294414923666,12,0.2550238786596992,0.0,1004
2020-09-20,3.230750237942031,9,0.2417298610612016,0.0,1004
2020-09-21,3.2552073833690067,10,0.3032762833473148,0.0,1004
2020-09-22,3.338991924526527,7,0.24029307399845015,0.0,1004
2020-09-23,3.3072416719227897,7,0.2874639040502182,0.0,1004
2020-09-24,3.3564089162711324,10,0.2230841394631312,0.0,1004
2020-09-25,3.283448064526052,8,0.4,0.0,1004
2020-09-26,3.293387738828448,13,0.2590071475447223,0.0,1004
2020-09-27,3.32884507837792,16,0.10933861443173906,0.0,1004
2020-09-28,3.3028529634593906,8,0.29541948466801554,0.0,1004
2020-09-29,3.2793772713209766,3,0.3434824906489499,0.0,1004
2020-09-30,3.2203928662898784,2,0.36442338465570245,0.0,1004
2020-10-01,3.344241855110161,6,0.21927232521840687,0.0,1004
2020-10-02,3.3637522909357216,9,0.2268582654153569,0.0,1004
2020-10-03,3.235664195301173,11,0.22905377998244017,0.0,1004
2020-10-04,3.2134252917896786,10,0.326086676867271,0.0,1004
2020-10-05,3.3676908210269647,10,0.33395832033148426,0.0,1004
2020-10-06,3.218497713095462,8,0.249651697123278,0.0,1004
2020-10-07,3.2942215923708535,7,0.3803020729264968,0.0,1004
2020-10-08,3.3668939642947544,8,0.3813221138693377,0.0,1004
2020-10-09,3.317539887401319,4,0.19114281333007624,0.0,1004
2020-10-10,3.2979250118470844,11,0.2612940240572596,0.0,1004
2020-10-11,3.2685441837717644,16,0.39699094119429545,0.0,1004
2020-10-12,3.289687848876775,7,0.4,0.0,1004
2020-10-13,3.2259799943655905,9,0.37210679657701096,0.0,1004
2020-10-14,3.2409354852567085,10,0.21614477082671596,0.0,1004
2020-10-15,3.288776234288107,11,0.3501019858217308,0.0,1004
2020-10-16,3.276662121641757,11,0.4,0.0,1004
2020-10-17,3.2725368826949968,11,0.39136390532134574,0.0,1004
2020-10-18,3.269133471964896,17,0.3317884605882026,0.0,1004
2020-10-19,3.276070737891186,8,0.1940775720564923,0.0,1004
2020-10-20,3.306379293045986,7,0.33410932183440906,0.0,1004
2020-10-21,3.3446955807120555,11,0.22557615708571083,0.0,1004
2020-10-22,3.2268801984127276,6,0.23366151503713628,0.0,1004
2020-10-23,3.3230861710354396,11,0.2967133569736814,0.0,1004
2020-10-24,3.231667311497777,11,0.17655296270907103,0.0,1004
2020-10-25,3.361467552908562,14,0.4,0.0,1004
2020-10-26,3.2837952941263144,9,0.4,0.0,1004
2020-10-27,3.313855588937275,10,0.14665394942217497,0.0,1004
2020-10-28,3.246792745983794,11,0.15730733343012482,0.0,1004
2020-10-29,3.3236219137070657,5,0.23529510270996534,0.0,1004
2020-10-30,3.3959657082008445,2,0.18598106147617455,0.0,1004
2020-10-31,3.311497792213603,11,0.4,0.0,1004
2020-11-01,3.2618624432105685,15,0.18980387437126423,0.0,1004
2020-11-02,3.3847779125998603,5,0.4,0.0,1004
2020-11-03,3.320151332556028,8,0.295354461130122,0.0,1004
2020-11-04,3.282195746540024,4,0.4,0.0,1004
2020-11-05,3.310732434961045,5,0.24399418936348422,0.0,1004
2020-11-06,3.2743370764220905,6,0.36140404518080993,0.0,1004
2020-11-07,3.3334187669114885,11,0.19983333905100167,0.0,1004
2020-11-08,3.3270188925232205,17,0.14979103096194066,0.0,1004
2020-11-09,3.3060539841960868,9,0.38283258342040705,0.0,1004
2020-11-10,3.2677266207571027,4,0.2057852016135469,0.0,1004
2020-11-11,3.3510775327232722,8,0.14796367651094997,0.0,1004
2020-11-12,3.270493864277923,9,0.26225002497900035,0.0,1004
2020-11-13,3.3161225013825053,10,0.3194309902856559,0.0,1004
2020-11-14,3.359871111708981,14,0.4,0.0,1004
2020-11-15,3.282314923373047,12,0.3419408715229829,0.0,1004
2020-11-16,3.3637559507909103,9,0.3343079884756583,0.0,1004
2020-11-17,3.3860876026081024,12,0.2794485560724054,0.0,1004
2020-11-18,3.3240592162263827,6,0.14128606980149774,0.0,1004
2020-11-19,3.3555999296880477,6,0.354747330038849,0.0,1004
2020-11-20,3.3558448767860756,2,0.35635424611482097,0.0,1004
2020-11-21,3.2303133892231313,9,0.29656312797041523,0.0,1004
2020-11-22,3.2315119728732102,5,0.3035318524569851,0.0,1004
2020-11-23,3.218249170055237,5,0.3155370548242901,0.0,1004
2020-11-24,3.3094962210784096,13,0.4,0.0,1004
2020-11-25,3.3209119415468185,13,0.3290785812740416,0.0,1004
2020-11-26,3.3695271436048073,4,0.4,0.0,1004
2020-11-27,3.2989153356407757,8,0.29354301083976164,0.0,1004
2020-11-28,3.3639943181524044,16,0.277979895210128,0.0,1004
2020-11-29,3.3333872505417395,16,0.19251285283150033,0.0,1004
2020-11-30,3.3772096274398047,6,0.4,0.0,1004
2020-12-01,3.2960094788177305,12,0.20715440330782087,0.0,1004
2020-12-02,3.411661699554659,10,0.4,0.0,1004
2020-12-03,3.2275940646144443,4,0.38777444245560205,0.0,1004
2020-12-04,3.250527452711048,6,0.3254851168355821,0.0,1004
2020-12-05,3.349274894586328,16,0.4,0.0,1004
2020-12-06,3.312261014769963,15,0.4,0.0,1004
2020-12-07,3.2723455443161606,4,0.25743219639248344,0.0,1004
2020-12-08,3.3473749164197697,12,0.19980084011186658,0.0,1004
2020-12-09,3.263373758155516,10,0.24507945302633966,0.0,1004
2020-12-10,3.3746157937125405,7,0.23813317034807793,0.0,1004
2020-12-11,3.314865265730954,4,0.18511714189180747,0.0,1004
2020-12-12,3.413618765860014,10,0.28966574954953267,0.0,1004
2020-12-13,3.384714254854618,16,0.4,0.0,1004
2020-12-14,3.2930132230481615,6,0.4,0.0,1004
2020-12-15,3.311449792060088,7,0.2246350849290256,0.0,1004
2020-12-16,3.296986009496626,8,0.20748451950018515,0.0,1004
2020-12-17,3.3091842539047662,10,0.25198542918480504,0.0,1004
2020-12-18,3.274059280978657,6,0.3924836482019936,0.0,1004
2020-12-19,3.3446060280361705,16,0.2431887040600839,0.0,1004
2020-12-20,3.288802912162753,11,0.24848340681703182,0.0,1004
2020-12-21,3.2766033304679243,11,0.31868730895551056,0.0,1004
2020-12-22,3.31637136891803,10,0.2027200472284365,0.0,1004
2020-12-23,3.3505809146480128,3,0.20397077551985848,0.0,1004
2020-12-24,3.282110836334936,11,0.2355491540659464,0.0,1004
2020-12-25,3.3178181443896633,6,0.27886650196112184,0.0,1004
2020-12-26,3.235223795458933,14,0.18219608588504416,0.0,1004
2020-12-27,3.20653453829306,9,0.3590065645451929,0.0,1004
2020-12-28,3.3188517968590463,13,0.1527474749768881,0.0,1004
2020-12-29,3.301312271914761,10,0.26894271163487715,0.0,1004
2020-12-30,3.2110033723788476,10,0.18788041120829566,0.0,1004
2020-12-31,3.3360127620779623,10,0.16052350147016575,0.0,1004
2021-01-01,3.338021287000093,3,0.33326395224307204,0.0,1004
2021-01-02,3.3387009533868532,10,0.4,0.0,1004
2021-01-03,3.3013416765836157,12,0.3156499188947894,0.0,1004
2021-01-04,3.307143539740447,6,0.3817715030004446,0.0,1004
2021-01-05,3.2865294410521324,11,0.2400621344704646,0.0,1004
2021-01-06,3.322267226139778,11,0.270882210533814,0.0,1004
2021-01-07,3.395404171218895,11,0.4,0.0,1004
2021-01-08,3.3153860540900375,8,0.2664461847220662,0.0,1004
2021-01-09,3.3162787148075683,13,0.18869863584367214,0.0,1004
2021-01-10,3.277230453580073,10,0.4,0.0,1004
2021-01-11,3.2965927414187006,2,0.15115349272815354,0.0,1004
2021-01-12,3.245566786995269,5,0.4,0.0,1004
2021-01-13,3.290494403014035,12,0.2912727545614545,0.0,1004
2021-01-14,3.253671554882983,5,0.2478459820008402,0.0,1004
2021-01-15,3.300285279725807,8,0.21166571932180542,0.0,1004
2021-01-16,3.274786779083338,13,0.14444324834310818,0.0,1004
2021-01-17,3.3231699825803345,14,0.24694202478266572,0.0,1004
2021-01-18,3.344027409388788,6,0.28859408787846563,0.0,1004
2021-01-19,3.322552059163725,9,0.21887142636956317,0.0,1004
2021-01-20,3.3641937654901453,9,0.15169283834679562,0.0,1004
2021-01-21,3.3554821632031904,10,0.23202705214921657,0.0,1004
2021-01-22,3.2801906185650362,7,0.3617453591507232,0.0,1004
2021-01-23,3.2753096463256375,16,0.3111913332948486,0.0,1004
2021-01-24,3.315178060367564,7,0.38681457274939746,0.0,1004
2021-01-25,3.207861846912727,9,0.24522777398337475,0.0,1004
2021-01-26,3.275793131846546,8,0.1909111600890712,0.0,1004
2021-01-27,3.172101676110559,14,0.4,0.0,1004
2021-01-28,3.3335053044560747,9,0.2804633659485852,0.0,1004
2021-01-29,3.3247501196054374,6,0.36402826100018404,0.0,1004
2021-01-30,3.266350550992164,12,0.4,0.0,1004
2021-01-31,3.248356263046245,16,0.4,0.0,1004
2021-02-01,3.272829965042108,8,0.1976876559482841,0.0,1004
2021-02-02,3.243059151361812,7,0.13797894058530272,0.0,1004
2021-02-03,3.27033660976126,4,0.34839030795635434,0.0,1004
2021-02-04,3.2120866633774674,8,0.4,0.0,1004
2021-02-05,3.3947968164599613,16,0.16565688228786318,0.0,1004
2021-02-06,3.3047631070112846,14,0.38738731462062015,0.0,1004
2021-02-07,3.3039517860999412,14,0.38781259180230654,0.0,1004
2021-02-08,3.3048741220742563,6,0.2981382218138502,0.0,1004
2021-02-09,3.279382855131659,10,0.3006599316682577,0.0,1004
2021-02-10,3.308011144800175,11,0.3693668329770757,0.0,1004
2021-02-11,3.251671076208294,9,0.27236002171488527,0.0,1004
2021-02-12,3.332234752274391,5,0.3660917320583569,0.0,1004
2021-02-13,3.345229418281876,10,0.4,0.0,1004
2021-02-14,3.3241327813230876,15,0.30202010636398124,0.0,1004
2021-02-15,3.296399601119324,12,0.14652160092644098,0.0,1004
2021-02-16,3.3120109389202863,9,0.185863941304652,0.0,1004
2021-02-17,3.2660054505848883,10,0.22559481885503135,0.0,1004
2021-02-18,3.2496368351699068,5,0.38662768400639264,0.0,1004
2021-02-19,3.3112018829543364,8,0.4,0.0,1004
2021-02-20,3.2716540582694,13,0.4,0.0,1004
2021-02-21,3.3785406096525326,9,0.2582683415859427,0.0,1004
2021-02-22,3.2072616324896615,8,0.4,0.0,1004
2021-02-23,3.2506493527531823,9,0.1290834687740671,0.0,1004
2021-02-24,3.313178124871788,10,0.23724514799176752,0.0,1004
2021-02-25,3.251249960699494,8,0.29470749641434785,0.0,1004
2021-02-26,3.2354901863323686,8,0.2878174248343686,0.0,1004
2021-02-27,3.258975364899178,10,0.25105374830708155,0.0,1004
2021-02-28,3.2274646597137595,10,0.19997372958958523,0.0,1004
2021-03-01,3.3272953812301287,7,0.20523578954236754,0.0,1004
2021-03-02,3.3497451178809623,10,0.3271994252943496,0.0,1004
2021-03-03,3.2802563294158933,8,0.39146532136768103,0.0,1004
2021-03-04,3.3119361771747964,5,0.2968998754772515,0.0,1004
2021-03-05,3.3809297284970232,7,0.24130447727495785,0.0,1004
2021-03-06,3.334559230909812,11,0.3195637325269877,0.0,1004
2021-03-07,3.324154323876537,10,0.26297107517800744,0.0,1004
2021-03-08,3.406021139063992,4,0.2082688365908656,0.0,1004
2021-03-09,3.4400659929246657,13,0.12092200947530958,0.0,1004
2021-03-10,3.2579640171337263,8,0.2859444988541591,0.0,1004
2021-03-11,3.2780774494596723,5,0.4,0.0,1004
2021-03-12,3.420815725477422,4,0.2524139999843003,0.0,1004
2021-03-13,3.282788122833493,13,0.25243430613484613,0.0,1004
2021-03-14,3.304876681195128,16,0.4,0.0,1004
2021-03-15,3.2512183974941107,7,0.3109992482451707,0.0,1004
2021-03-16,3.2440734679333794,13,0.23479683252882685,0.0,1004
2021-03-17,3.238113957032921,12,0.3363664239692124,0.0,1004
2021-03-18,3.3059056121916024,9,0.21396136641954497,0.0,1004
2021-03-19,3.2870133076135652,8,0.19112562889174864,0.0,1004
2021-03-20,3.315284132782041,7,0.4,0.0,1004
2021-03-21,3.3109304903278827,17,0.2940518445955918,0.0,1004
2021-03-22,3.367328915105485,7,0.23353806967453716,0.0,1004
2021-03-23,3.348627429039231,9,0.23345152297769153,0.0,1004
2021-03-24,3.2326749484585893,9,0.22722510590147296,0.0,1004
2021-03-25,3.2297285811392107,8,0.2282212785157868,0.0,1004
2021-03-26,3.2356439136562245,7,0.3552475680105168,0.0,1004
2021-03-27,3.240641017774175,11,0.4,0.0,1004
2021-03-28,3.3414906435291676,13,0.32997230041564235,0.0,1004
2021-03-29,3.3241239579522386,6,0.23863261878133912,0.0,1004
2021-03-30,3.279910106161248,10,0.4,0.0,1004
2021-03-31,3.28883449037795,5,0.26328877350255453,0.0,1004
2021-04-01,3.278494695427553,11,0.20854869547589824,0.0,1004
2021-04-02,3.3818490884586208,8,0.30351151616825395,0.0,1004
2021-04-03,3.3176885058703127,4,0.26626064613314704,0.0,1004
2021-04-04,3.241585750799923,8,0.2440886084295609,0.0,1004
2021-04-05,3.285351554541226,11,0.4,0.0,1004
2021-04-06,3.137470580215572,6,0.4,0.0,1004
2021-04-07,3.276126696738631,2,0.3235138355684301,0.0,1004
2021-04-08,3.3267281374718127,7,0.24325976867781374,0.0,1004
2021-04-09,3.242266252320966,8,0.22455987239951924,0.0,1004
2021-04-10,3.30548108574606,20,0.24735501765049223,0.0,1004
2021-04-11,3.2418513067050245,14,0.19841042471511358,0.0,1004
2021-04-12,3.3362607736629286,8,0.35083631767262463,0.0,1004
2021-04-13,3.3166938758412554,9,0.3655838793131773,0.0,1004
2021-04-14,3.257667721572226,7,0.2968170686294988,0.0,1004
2021-04-15,3.3504888948752094,6,0.24035755745652815,0.0,1004
2021-04-16,3.2605735237068503,9,0.1936789428161151,0.0,1004
2021-04-17,3.278170576512673,7,0.1955865162329588,0.0,1004
2021-04-18,3.335683533630454,6,0.2374045947310222,0.0,1004
2021-04-19,3.250982212785716,5,0.18685671281616725,0.0,1004
2021-04-20,3.3289293084498315,8,0.38785283742686566,0.0,1004
2021-04-21,3.3028135085451544,10,0.23581126286671658,0.0,1004
2021-04-22,3.2906031410687895,7,0.3711757732957789,0.0,1004
2021-04-23,3.3391907373002696,8,0.4,0.0,1004
2021-04-24,3.380034920290384,20,0.15488265199677412,0.0,1004
2021-04-25,3.4060973368228775,11,0.2500636074274571,0.0,1004
2021-04-26,3.245325063330893,4,0.2677881431630571,0.0,1004
2021-04-27,3.333353820388681,7,0.21217374939761185,0.0,1004
2021-04-28,3.2818973438118544,7,0.3504686381518706,0.0,1004
2021-04-29,3.293552010389506,13,0.1254783413402849,0.0,1004
2021-04-30,3.242419559907568,6,0.29540524531760454,0.0,1004
2021-05-01,3.3374592011998057,8,0.3407760942303164,0.0,1004
2021-05-02,3.321687185327374,12,0.28893967638283885,0.0,1004
2021-05-03,3.2960854891564457,6,0.19571107749127573,0.0,1004
2021-05-04,3.2561108129270164,7,0.3571781727169838,0.0,1004
2021-05-05,3.2957537932919356,7,0.36266877591555696,0.0,1004
2021-05-06,3.195073599047876,8,0.28281518459558375,0.0,1004
2021-05-07,3.357678144416433,9,0.4,0.0,1004
2021-05-08,3.354005282558453,11,0.24181928802533115,0.0,1004
2021-05-09,3.257749025952056,8,0.35649111972903413,0.0,1004
2021-05-10,3.3038255624512423,9,0.28829597378196836,0.0,1004
2021-05-11,3.30938821547055,3,0.4,0.0,1004
2021-05-12,3.3358430960289738,10,0.1955302588096017,0.0,1004
2021-05-13,3.2162479206256354,9,0.30117354311144134,0.0,1004
2021-05-14,3.2355518158355685,10,0.3427577509623126,0.0,1004
2021-05-15,3.349390476103199,10,0.28616904326789755,0.0,1004
2021-05-16,3.2120104345292315,13,0.24242055591127235,0.0,1004
2021-05-17,3.3536788343339285,15,0.2872161857593042,0.0,1004
2021-05-18,3.291063861450596,9,0.28892895014771813,0.0,1004
2021-05-19,3.3053134098950907,5,0.28119564964890914,0.0,1004
2021-05-20,3.2875514511478934,9,0.2689890476221488,0.0,1004
2021-05-21,3.383022409562517,7,0.37331392110388595,0.0,1004
2021-05-22,3.3269558331933426,9,0.3145652724514687,0.0,1004
2021-05-23,3.3039381631190015,7,0.24407957040175726,0.0,1004
2021-05-24,3.3582164276562962,5,0.3634167377966887,0.0,1004
2021-05-25,3.3599502669790975,9,0.13687756854679342,0.0,1004
2021-05-26,3.2444897865494866,6,0.23927017225662806,0.0,1004
2021-05-27,3.329815173643018,10,0.4,0.0,1004
2021-05-28,3.304057144613214,7,0.4,0.0,1004
2021-05-29,3.3398391921748196,14,0.25639140133815713,0.0,1004
2021-05-30,3.3095752557056404,17,0.4,0.0,1004
2021-05-31,3.3679374554606323,10,0.31398319420683807,0.0,1004
2021-06-01,3.317827533510756,10,0.4,0.0,1004
2021-06-02,3.337759716979834,8,0.4,0.0,1004
2021-06-03,3.2993386588163514,10,0.36071544493478436,0.0,1004
2021-06-04,3.2589963065346472,9,0.4,0.0,1004
2021-06-05,3.2923252434153207,6,0.27300875766160193,0.0,1004
2021-06-06,3.305871841742736,6,0.17285106558149924,0.0,1004
2021-06-07,3.2918755217930826,7,0.18508679849549609,0.0,1004
2021-06-08,3.368314343876923,10,0.4,0.0,1004
2021-06-09,3.2342023124246437,11,0.26860331286895844,0.0,1004
2021-06-10,3.2700872266283425,8,0.28292871096551536,0.0,1004
2021-06-11,3.2931608789281417,6,0.4,0.0,1004
2021-06-12,3.3449863823068173,15,0.21155915648422813,0.0,1004
2021-06-13,3.25323450904435,19,0.37963203691584824,0.0,1004
2021-06-14,3.236090679067329,6,0.4,0.0,1004
2021-06-15,3.2812131439025154,16,0.17812922985658178,0.0,1004
2021-06-16,3.2253242776445905,6,0.2731905491242928,0.0,1004
2021-06-17,3.273138459397468,7,0.3110635889080468,0.0,1004
2021-06-18,3.3717777654344854,2,0.3076056736494326,0.0,1004
2021-06-19,3.2673884594439038,8,0.4,0.0,1004
2021-06-20,3.347151515052559,14,0.14317345132105844,0.0,1004
2021-06-21,3.3129532397366455,9,0.4,0.0,1004
2021-06-22,3.3242600664061577,7,0.3500058243927846,0.0,1004
2021-06-23,3.3089899915876932,7,0.13086792417470858,0.0,1004
2021-06-24,3.445904868734055,5,0.2994942664849944,0.0,1004
2021-06-25,3.342477397303366,9,0.34284495463468645,0.0,1004
2021-06-26,3.228461785310824,19,0.3993527713365595,0.0,1004
2021-06-27,3.2644918026934304,15,0.30042070517038305,0.0,1004
2021-06-28,3.2956105841062255,10,0.3070074264561333,0.0,1004
2021-06-29,3.266164509273905,10,0.4,0.0,1004
2021-06-30,3.317407102998606,8,0.22597019511546562,0.0,1004
2021-07-01,3.3179714997267835,7,0.2482068972138276,0.0,1004
2021-07-02,3.3174100107821913,7,0.4,0.0,1004
2021-07-03,3.278131838518772,17,0.1,0.0,1004
2021-07-04,3.2781147915176225,10,0.1810785832201409,0.0,1004
2021-07-05,3.294791706366899,8,0.26043464075687855,0.0,1004
2021-07-06,3.297365879309529,8,0.37962469758276696,0.0,1004
2021-07-07,3.373360810414192,7,0.32432576323692586,0.0,1004
2021-07-08,3.36395507484476,5,0.20561557431995248,0.0,1004
2021-07-09,3.2936586214996013,7,0.28638817518926496,0.0,1004
2021-07-10,3.3280454005746773,11,0.4,0.0,1004
2021-07-11,3.209754845570387,10,0.37571086333425563,0.0,1004
2021-07-12,3.2945353150208665,8,0.2999212374736076,0.0,1004
2021-07-13,3.3322115658367384,8,0.20308542363100623,0.0,1004
2021-07-14,3.2382916401325645,2,0.22345873570021096,0.0,1004
2021-07-15,3.299987658947726,7,0.31917460069285597,0.0,1004
2021-07-16,3.3399899098145074,9,0.2100978552554265,0.0,1004
2021-07-17,3.2182001049049798,14,0.1,0.0,1004
2021-07-18,3.280836270051176,21,0.2611223444446915,0.0,1004
2021-07-19,3.3486822720852967,5,0.35253006386606855,0.0,1004
2021-07-20,3.371477617390384,11,0.4,0.0,1004
2021-07-21,3.3019067411919973,9,0.2901314861092581,0.0,1004
2021-07-22,3.2360697806762193,3,0.29142842493035054,0.0,1004
2021-07-23,3.305765234469835,8,0.4,0.0,1004
2021-07-24,3.345714751422848,10,0.15813449428946935,0.0,1004
2021-07-25,3.274577229618239,8,0.2734654951384401,0.0,1004
2021-07-26,3.2897090937022506,8,0.20724780308176463,0.0,1004
2021-07-27,3.2902737460339337,9,0.2977283783394578,0.0,1004
2021-07-28,3.419017028543333,6,0.20002007540459651,0.0,1004
2021-07-29,3.2886646709249807,7,0.1801441167345687,0.0,1004
2021-07-30,3.331140468256246,7,0.2633950361430458,0.0,1004
2021-07-31,3.300351144374796,17,0.4,0.0,1004
2021-08-01,3.320151255224828,11,0.17968434645864118,0.0,1004
2021-08-02,3.2701336685157933,16,0.16661259891508862,0.0,1004
2021-08-03,3.233227502663467,8,0.38251179190831164,0.0,1004
2021-08-04,3.267711169164682,10,0.4,0.0,1004
2021-08-05,3.314758558024568,15,0.3444366986459615,0.0,1004
2021-08-06,3.2822523752445245,12,0.33392528136631366,0.0,1004
2021-08-07,3.268325289493631,7,0.4,0.0,1004
2021-08-08,3.3601841789545475,16,0.38359957610963163,0.0,1004
2021-08-09,3.3581978976846143,8,0.3456876710981274,0.0,1004
2021-08-10,3.3562312232515725,7,0.11184901958979356,0.0,1004
2021-08-11,3.2832183741081455,9,0.24840459861860248,0.0,1004
2021-08-12,3.330042584284295,8,0.32574854246326235,0.0,1004
2021-08-13,3.3600203075565753,10,0.26412946606300597,0.0,1004
2021-08-14,3.3381806484869028,16,0.30085223198315475,0.0,1004
2021-08-15,3.257482089540152,11,0.3996143348024255,0.0,1004
2021-08-16,3.2739990716151426,6,0.2054788183971775,0.0,1004
2021-08-17,3.301215161121787,14,0.2956602348733365,0.0,1004
2021-08-18,3.347112554303794,5,0.21217003549122562,0.0,1004
2021-08-19,3.3103790899351266,8,0.30433485511726704,0.0,1004
2021-08-20,3.3261384948388972,4,0.3321064800210153,0.0,1004
2021-08-21,3.355737145235919,14,0.1,0.0,1004
2021-08-22,3.241853037675187,9,0.20277946705867483,0.0,1004
2021-08-23,3.3196669483846724,5,0.2231693037047064,0.0,1004
2021-08-24,3.330823126946086,10,0.4,0.0,1004
2021-08-25,3.35506346004621,11,0.3131884926785733,0.0,1004
2021-08-26,3.325268462491828,9,0.1677048466703955,0.0,1004
2021-08-27,3.358028193081073,11,0.2173471668548876,0.0,1004
2021-08-28,3.3355395761136024,14,0.31942267045364575,0.0,1004
2021-08-29,3.198289657202601,14,0.2256250752611537,0.0,1004
2021-08-30,3.2317293690490656,4,0.24359732973320916,0.0,1004
2021-08-31,3.312963712423636,9,0.4,0.0,1004
2021-09-01,3.3390322749391106,8,0.21198224245032402,0.0,1004
2021-09-02,3.3489345901584167,7,0.31283468331037345,0.0,1004
2021-09-03,3.3007773582348645,5,0.4,0.0,1004
2021-09-04,3.3904142405837985,8,0.2615555983964939,0.0,1004
2021-09-05,3.2874924162585595,16,0.4,0.0,1004
2021-09-06,3.2315024086219535,12,0.19366371208599747,0.0,1004
2021-09-07,3.3015124229681887,5,0.2044856097492947,0.0,1004
2021-09-08,3.2407034780076573,1,0.2521915297817058,0.0,1004
2021-09-09,3.302853327378834,9,0.2995352481523049,0.0,1004
2021-09-10,3.2771559710803304,6,0.4,0.0,1004
2021-09-11,3.3440836207954265,14,0.2503635957249203,0.0,1004
2021-09-12,3.247244406051798,12,0.2760709813897904,0.0,1004
2021-09-13,3.2536951486155736,8,0.2678443445963152,0.0,1004
2021-09-14,3.345888148106528,6,0.1828570800630516,0.0,1004
2021-09-15,3.33301382055914,3,0.32533888406180683,0.0,1004
2021-09-16,3.3274593727608472,6,0.20815745172678915,0.0,1004
2021-09-17,3.2554668254109735,7,0.4,0.0,1004
2021-09-18,3.3149906980377053,16,0.29704678050621797,0.0,1004
2021-09-19,3.25606870188618,11,0.3890417629714835,0.0,1004
2021-09-20,3.3446623761306586,3,0.25621866773052554,0.0,1004
2021-09-21,3.236109705156187,6,0.33095388468935455,0.0,1004
2021-09-22,3.446940582973572,11,0.1309922747174542,0.0,1004
2021-09-23,3.2395449258052413,8,0.3359745353621461,0.0,1004
2021-09-24,3.3744245758001843,7,0.34337226825198247,0.0,1004
2021-09-25,3.167113895018673,11,0.3214076353800016,0.0,1004
2021-09-26,3.427636713018218,12,0.35016802930237734,0.0,1004
2021-09-27,3.374251502954163,8,0.37170760616399995,0.0,1004
2021-09-28,3.3420289274786317,4,0.24906909134798688,0.0,1004
2021-09-29,3.2716002052097704,8,0.2802357962896272,0.0,1004
2021-09-30,3.3842625890614126,11,0.2888084826410447,0.0,1004
2021-10-01,3.4173150016213447,9,0.4,0.0,1004
2021-10-02,3.2873394713290005,12,0.24909889689771886,0.0,1004
2021-10-03,3.392908898556642,6,0.3037326216840708,0.0,1004
2021-10-04,3.2503097056526653,8,0.4,0.0,1004
2021-10-05,3.3134650674859683,4,0.22033191438187377,0.0,1004
2021-10-06,3.250732183882177,5,0.35238102308370645,0.0,1004
2021-10-07,3.4621870309853673,9,0.25134138960727953,0.0,1004
2021-10-08,3.2422950688239873,9,0.36465691460503036,0.0,1004
2021-10-09,3.324940160732668,14,0.35918267652526775,0.0,1004
2021-10-10,3.267777103808209,9,0.3327624929487489,0.0,1004
2021-10-11,3.2774129566032126,7,0.37290760014137697,0.0,1004
2021-10-12,3.3003024015625506,5,0.39923370175850853,0.0,1004
2021-10-13,3.2492088680010833,6,0.24849227606685362,0.0,1004
2021-10-14,3.275669571253067,13,0.2530950587543087,0.0,1004
2021-10-15,3.33912951254525,8,0.4,0.0,1004
2021-10-16,3.2267672374897645,12,0.3397436431240993,0.0,1004
2021-10-17,3.2688523058928154,10,0.4,0.0,1004
2021-10-18,3.345481527239682,6,0.21859277929900955,0.0,1004
2021-10-19,3.277344502380582,5,0.23861592452205876,0.0,1004
2021-10-20,3.293590376369033,6,0.3403573314926122,0.0,1004
2021-10-21,3.382608029565499,5,0.4,0.0,1004
2021-10-22,3.2773830752571387,12,0.2705823079831212,0.0,1004
2021-10-23,3.390243097047057,13,0.1573089662659857,0.0,1004
2021-10-24,3.2891748527359015,12,0.3569869033980321,0.0,1004
2021-10-25,3.2172762529799375,2,0.24887590303541016,0.0,1004
2021-10-26,3.264113081213621,8,0.3603531786340267,0.0,1004
2021-10-27,3.318363257691922,5,0.4,0.0,1004
2021-10-28,3.2177437559949276,8,0.2898005930415347,0.0,1004
2021-10-29,3.315267615733679,6,0.2958267348940888,0.0,1004
2021-10-30,3.206442998150783,8,0.4,0.0,1004
2021-10-31,3.3288358230786406,14,0.3602212847493449,0.0,1004
2021-11-01,3.2778649420372092,6,0.4,0.0,1004
2021-11-02,3.202904093933648,8,0.33994260838843277,0.0,1004
2021-11-03,3.3238675933005175,7,0.21142726422762104,0.0,1004
2021-11-04,3.2636059609664403,7,0.2743763435882064,0.0,1004
2021-11-05,3.337605411099851,9,0.4,0.0,1004
2021-11-06,3.3632048223170767,11,0.2611789919460946,0.0,1004
2021-11-07,3.293511716924312,9,0.4,0.0,1004
2021-11-08,3.3317878640881444,5,0.14652030246297254,0.0,1004
2021-11-09,3.3070295501800286,6,0.23824481786391494,0.0,1004
2021-11-10,3.3072063824669633,5,0.18611512031887784,0.0,1004
2021-11-11,3.2610831701802785,7,0.4,0.0,1004
2021-11-12,3.3404999271042377,7,0.35942554888159384,0.0,1004
2021-11-13,3.3806677871549304,13,0.2616003625342681,0.0,1004
2021-11-14,3.3108330066438945,7,0.14400113718599328,0.0,1004
2021-11-15,3.3303407663460463,9,0.4,0.0,1004
2021-11-16,3.337718068271245,9,0.32552892179444914,0.0,1004
2021-11-17,3.2337251657587918,12,0.20395736849129095,0.0,1004
2021-11-18,3.287551155409395,3,0.2659071572148285,0.0,1004
2021-11-19,3.239681033520423,5,0.3661976862232936,0.0,1004
2021-11-20,3.268125970915191,15,0.36809956007629036,0.0,1004
2021-11-21,3.2721319097409594,13,0.2918897611036926,0.0,1004
2021-11-22,3.3096341968655922,6,0.2181481390881347,0.0,1004
2021-11-23,3.2785539518633473,6,0.27271361502400254,0.0,1004
2021-11-24,3.170834403084105,7,0.391762582159825,0.0,1004
2021-11-25,3.30122986186582,8,0.4,0.0,1004
2021-11-26,3.279726162429309,12,0.4,0.0,1004
2021-11-27,3.252077079819099,16,0.18551697458391794,0.0,1004
2021-11-28,3.2420719617022176,8,0.32237977789808275,0.0,1004
2021-11-29,3.289371836560841,8,0.27099146536843394,0.0,1004
2021-11-30,3.314106470804245,11,0.24337761616623674,0.0,1004
2021-12-01,3.2827414650661133,8,0.4,0.0,1004
2021-12-02,3.2877645048683695,5,0.2753919407725817,0.0,1004
2021-12-03,3.350058482392468,9,0.4,0.0,1004
2021-12-04,3.342562088131475,15,0.4,0.0,1004
2021-12-05,3.251486754279604,16,0.160692464017703,0.0,1004
2021-12-06,3.307354383154471,5,0.4,0.0,1004
2021-12-07,3.3596894248950377,11,0.35931259542948124,0.0,1004
2021-12-08,3.2895339563152426,9,0.3610195134296808,0.0,1004
2021-12-09,3.2948995571070334,8,0.1205018898627462,0.0,1004
2021-12-10,3.314619169266047,9,0.32098115322813564,0.0,1004
2021-12-11,3.1635057301061904,15,0.4,0.0,1004
2021-12-12,3.3316911365385953,13,0.12298055898143455,0.0,1004
2021-12-13,3.3481507430194375,13,0.29372114656602727,0.0,1004
2021-12-14,3.3547437848890027,11,0.2644043310102041,0.0,1004
2021-12-15,3.2965674708644594,9,0.3640698629941648,0.0,1004
2021-12-16,3.2826218329022363,10,0.3178606683625772,0.0,1004
2021-12-17,3.284302456077935,5,0.30632638946035956,0.0,1004
2021-12-18,3.3474853722201523,12,0.20948121783838744,0.0,1004
2021-12-19,3.2658719965621072,11,0.12614133386916623,0.0,1004
2021-12-20,3.3311594358291603,3,0.33539902626530477,0.0,1004
2021-12-21,3.290047765977663,10,0.4,0.0,1004
2021-12-22,3.3034965391145246,5,0.4,0.0,1004
2021-12-23,3.217839605520497,6,0.2390874721822675,0.0,1004
2021-12-24,3.2464336522272723,5,0.22600639196556616,0.0,1004
2021-12-25,3.326780515754526,12,0.35116505522017616,0.0,1004
2021-12-26,3.287471137857779,16,0.2930524040201938,0.0,1004
2021-12-27,3.2747723304639447,7,0.28881385378108015,0.0,1004
2021-12-28,3.317864183341435,8,0.4,0.0,1004
2021-12-29,3.33294234916049,5,0.2183431225227506,0.0,1004
2021-12-30,3.2598042170241914,5,0.3379427871255501,0.0,1004
2021-12-31,3.3692422627679215,7,0.20760378476339977,0.0,1004
2022-01-01,3.312201188552029,9,0.2475508424862802,0.0,1004
2022-01-02,3.3722418705952135,13,0.3323172119928582,0.0,1004
2022-01-03,3.338552386493407,7,0.3144392953946404,0.0,1004
2022-01-04,3.3152036484842857,6,0.4,0.0,1004
2022-01-05,3.303025257404751,9,0.4,0.0,1004
2022-01-06,3.324254016639987,10,0.3853996215389982,0.0,1004
2022-01-07,3.19943749671618,6,0.28178870956038443,0.0,1004
2022-01-08,3.237507706220587,17,0.24469930902954612,0.0,1004
2022-01-09,3.377038584438987,14,0.3514649056876485,0.0,1004
2022-01-10,3.375745543054348,7,0.3987140800337547,0.0,1004
2022-01-11,3.2731187610097745,7,0.21109291054906457,0.0,1004
2022-01-12,3.2692803151758985,5,0.22112024571809313,0.0,1004
2022-01-13,3.3387082368270327,14,0.2956353555892242,0.0,1004
2022-01-14,3.35071382692459,8,0.1,0.0,1004
2022-01-15,3.2243104077536815,11,0.31389402625557766,0.0,1004
2022-01-16,3.299885412729407,12,0.2925167336332009,0.0,1004
2022-01-17,3.3214287705991823,6,0.24635498836328276,0.0,1004
2022-01-18,3.257040850086413,4,0.29552180076523316,0.0,1004
2022-01-19,3.3038608144753683,4,0.31320026040006954,0.0,1004
2022-01-20,3.2195075867714587,7,0.3037075307044821,0.0,1004
2022-01-21,3.2892637736556183,7,0.2843927286247287,0.0,1004
2022-01-22,3.3397019774178975,12,0.24749305515610026,0.0,1004
2022-01-23,3.2450239717702036,13,0.32750893572115874,0.0,1004
2022-01-24,3.3512987207806884,5,0.4,0.0,1004
2022-01-25,3.2831536612283507,3,0.23717271961872302,0.0,1004
2022-01-26,3.2463262620459292,7,0.17973769780043958,0.0,1004
2022-01-27,3.242886180778203,7,0.3833900586363651,0.0,1004
2022-01-28,3.319875607520057,11,0.1991059398615043,0.0,1004
2022-01-29,3.311859562449214,10,0.3981411585536149,0.0,1004
2022-01-30,3.2569015272990445,10,0.4,0.0,1004
2022-01-31,3.2319370853045046,13,0.2921337623374471,0.0,1004
2022-02-01,3.302327314910386,5,0.1795337572082584,0.0,1004
2022-02-02,3.2952084999807485,7,0.4,0.0,1004
2022-02-03,3.3276169245427534,7,0.4,0.0,1004
2022-02-04,3.295979300792397,5,0.35771505316212027,0.0,1004
2022-02-05,3.412152746897659,10,0.2873403042628226,0.0,1004
2022-02-06,3.316157068853754,11,0.36813962928141497,0.0,1004
2022-02-07,3.278751604525807,5,0.4,0.0,1004
2022-02-08,3.2220401181611287,5,0.4,0.0,1004
2022-02-09,3.3360915878690776,7,0.23412971988906692,0.0,1004
2022-02-10,3.3272705763190933,10,0.15254264419856775,0.0,1004
2022-02-11,3.278882014230307,8,0.3417664043723141,0.0,1004
2022-02-12,3.339844829657461,14,0.23044809333204744,0.0,1004
2022-02-13,3.351025024324218,12,0.234849982483159,0.0,1004
2022-02-14,3.29589167002295,4,0.2999139103921488,0.0,1004
2022-02-15,3.314523130929253,7,0.29675800692886745,0.0,1004
2022-02-16,3.359767409419905,6,0.30807265766220066,0.0,1004
2022-02-17,3.285531251904311,5,0.32343393785536967,0.0,1004
2022-02-18,3.313927874317476,4,0.25128631127171475,0.0,1004
2022-02-19,3.2495510487425485,12,0.22627498430930817,0.0,1004
2022-02-20,3.303883657300038,12,0.35045958677971784,0.0,1004
2022-02-21,3.381565275041596,10,0.4,0.0,1004
2022-02-22,3.2566532854568586,5,0.317416732729029,0.0,1004
2022-02-23,3.328030690063388,9,0.2259011993670893,0.0,1004
2022-02-24,3.294741947447771,6,0.17954730627532164,0.0,1004
2022-02-25,3.2876326092661885,10,0.12683413150165096,0.0,1004
2022-02-26,3.3078348126999417,11,0.38758762225506554,0.0,1004
2022-02-27,3.244806805616192,15,0.29699604625246884,0.0,1004
2022-02-28,3.361727681223204,3,0.39617765131919125,0.0,1004
2022-03-01,3.3340648815287683,11,0.3593976582010783,0.0,1004
2022-03-02,3.323713378355001,11,0.3315614105010549,0.0,1004
2022-03-03,3.3628778322432757,9,0.28320612127316963,0.0,1004
2022-03-04,3.2661849878447526,7,0.38973890669150013,0.0,1004
2022-03-05,3.346526587015502,7,0.2696004208563013,0.0,1004
2022-03-06,3.370672009673547,17,0.20371947374452531,0.0,1004
2022-03-07,3.352668121099006,9,0.25009047762715236,0.0,1004
2022-03-08,3.3399665133637577,13,0.24661891285452628,0.0,1004
2022-03-09,3.2551126970551665,9,0.4,0.0,1004
2022-03-10,3.317907159869078,6,0.30247638270776755,0.0,1004
2022-03-11,3.3055958690372824,10,0.4,0.0,1004
2022-03-12,3.318439440189649,16,0.3031001811512634,0.0,1004
2022-03-13,3.271643197450898,7,0.2503814924064416,0.0,1004
2022-03-14,3.2357962236325237,9,0.2461462520882674,0.0,1004
2022-03-15,3.3243311508733515,9,0.4,0.0,1004
2022-03-16,3.3384615747119,12,0.4,0.0,1004
2022-03-17,3.287269098551493,13,0.21744641799934927,0.0,1004
2022-03-18,3.311665990271049,6,0.27583450343931387,0.0,1004
2022-03-19,3.266887961498518,9,0.3511226254297391,0.0,1004
2022-03-20,3.2455469590925805,13,0.2344281668414623,0.0,1004
2022-03-21,3.3129055701479735,7,0.21924055529256953,0.0,1004
2022-03-22,3.3035414098769524,5,0.3436116151108045,0.0,1004
2022-03-23,3.3450892028084276,6,0.15761778281929031,0.0,1004
2022-03-24,3.292123085854112,6,0.28109246030287804,0.0,1004
2022-03-25,3.2559722791495282,2,0.3942710869213797,0.0,1004
2022-03-26,3.383072466712497,9,0.3320079983757727,0.0,1004
2022-03-27,3.405044547147862,10,0.29773112973879284,0.0,1004
2022-03-28,3.2787704915665263,7,0.4,0.0,1004
2022-03-29,3.2588334769540404,14,0.25819674420969135,0.0,1004
2022-03-30,3.284025212095949,10,0.27546665637566553,0.0,1004
2022-03-31,3.3144190004073115,3,0.24901921036296001,0.0,1004
2022-04-01,3.265069585220262,11,0.2780104234644033,0.0,1004
2022-04-02,3.3691857938621745,12,0.21546243783931562,0.0,1004
2022-04-03,3.3146148579609194,12,0.16361759873889506,0.0,1004
2022-04-04,3.2937441474268185,10,0.3129181095485985,0.0,1004
2022-04-05,3.3491713173859585,8,0.24006424404725124,0.0,1004
2022-04-06,3.280593482427592,9,0.36219675840404353,0.0,1004
2022-04-07,3.3363479063424073,13,0.3511290185914623,0.0,1004
2022-04-08,3.322179656979617,8,0.2449860663502741,0.0,1004
2022-04-09,3.2510465545138314,12,0.2286905451601664,0.0,1004
2022-04-10,3.313974567704827,9,0.17708960938995205,0.0,1004
2022-04-11,3.3659279591402314,11,0.2146051031525522,0.0,1004
2022-04-12,3.3635819528247612,10,0.1372995715947082,0.0,1004
2022-04-13,3.25353209320866,5,0.22792626491676138,0.0,1004
2022-04-14,3.2935814484125654,6,0.4,0.0,1004
2022-04-15,3.166017622960148,12,0.4,0.0,1004
2022-04-16,3.311287975448016,13,0.24616535141096466,0.0,1004
2022-04-17,3.2952979552517423,17,0.29976928274906806,0.0,1004
2022-04-18,3.2269596431514,11,0.31122764104688494,0.0,1004
2022-04-19,3.3479154379772753,7,0.16133289234002904,0.0,1004
2022-04-20,3.303563144920821,14,0.27094423138002216,0.0,1004
2022-04-21,3.3068005380747127,6,0.24251119559538895,0.0,1004
2022-04-22,3.300792658268093,8,0.2526044704128914,0.0,1004
2022-04-23,3.294641888840506,16,0.3708836204815117,0.0,1004
2022-04-24,3.2691116368323416,12,0.36271710167001253,0.0,1004
2022-04-25,3.2539857938399153,8,0.20022945279259602,0.0,1004
2022-04-26,3.389572119395876,8,0.3218791125606832,0.0,1004
2022-04-27,3.3024157908651435,4,0.31213659685251,0.0,1004
2022-04-28,3.241950310813764,4,0.17914616196043098,0.0,1004
2022-04-29,3.405138801298125,3,0.293870027969903,0.0,1004
2022-04-30,3.2724776646868543,10,0.20676530091291104,0.0,1004
2022-05-01,3.2735004931989575,14,0.1196167275330226,0.0,1004
2022-05-02,3.242512724191718,8,0.2855039676314666,0.0,1004
2022-05-03,3.2816547670158034,13,0.22633361866421078,0.0,1004
2022-05-04,3.2667522930449655,6,0.4,0.0,1004
2022-05-05,3.268480092358039,6,0.31214174681410306,0.0,1004
2022-05-06,3.346619987014224,4,0.2414969844653013,0.0,1004
2022-05-07,3.261592212127968,13,0.38908099175395855,0.0,1004
2022-05-08,3.2740124654966887,11,0.3337424227625583,0.0,1004
2022-05-09,3.419668967899333,8,0.22888214805779983,0.0,1004
2022-05-10,3.3549229860618364,7,0.4,0.0,1004
2022-05-11,3.267596851797894,5,0.3599500268865536,0.0,1004
2022-05-12,3.2424048753210046,6,0.2332243374880631,0.0,1004
2022-05-13,3.2521270598919045,9,0.2706863200896313,0.0,1004
2022-05-14,3.2794125444144604,8,0.18806328973644784,0.0,1004
2022-05-15,3.3124468304912935,13,0.22676033056486264,0.0,1004
2022-05-16,3.264227011765556,10,0.39117050469804915,0.0,1004
2022-05-17,3.198218893399038,9,0.3199167767329893,0.0,1004
2022-05-18,3.348354378556186,10,0.2722204991451754,0.0,1004
2022-05-19,3.312199751592864,8,0.26979241178564295,0.0,1004
2022-05-20,3.363305824461111,9,0.21267475702691566,0.0,1004
2022-05-21,3.3480968139054417,11,0.24773592107978665,0.0,1004
2022-05-22,3.276551656959005,16,0.3503046879648734,0.0,1004
2022-05-23,3.2674600929509734,11,0.23148043310377517,0.0,1004
2022-05-24,3.3700203270974125,10,0.4,0.0,1004
2022-05-25,3.2850038821837897,7,0.4,0.0,1004
2022-05-26,3.314588579993205,3,0.3496246340636514,0.0,1004
2022-05-27,3.2118908329717257,5,0.31768618909329827,0.0,1004
2022-05-28,3.2705530996662757,15,0.3736405698421711,0.0,1004
2022-05-29,3.2830323962662447,18,0.4,0.0,1004
2022-05-30,3.2980652058573616,8,0.35613693359491644,0.0,1004
2022-05-31,3.3387858261180203,5,0.4,0.0,1004
2022-06-01,3.287242174078016,9,0.20489205462047821,0.0,1004
2022-06-02,3.3434039891374927,9,0.29371583326904854,0.0,1004
2022-06-03,3.3343897795680983,6,0.20393070782273132,0.0,1004
2022-06-04,3.3075259724073742,12,0.4,0.0,1004
2022-06-05,3.3332750759901244,11,0.4,0.0,1004
2022-06-06,3.362500184249236,8,0.4,0.0,1004
2022-06-07,3.226647626583562,3,0.4,0.0,1004
2022-06-08,3.284451248825472,9,0.32486653270841387,0.0,1004
2022-06-09,3.3250169053920495,7,0.17492374060966104,0.0,1004
2022-06-10,3.2101206981087995,10,0.23391118729015795,0.0,1004
2022-06-11,3.1919403281554763,11,0.18150667139175822,0.0,1004
2022-06-12,3.4157514071499446,11,0.12073689507034176,0.0,1004
2022-06-13,3.2621460361487755,4,0.3038355523790852,0.0,1004
2022-06-14,3.354993789402658,3,0.20468089054723462,0.0,1004
2022-06-15,3.2196105807955178,14,0.17721700015809352,0.0,1004
2022-06-16,3.324568259669449,11,0.19649217887387418,0.0,1004
2022-06-17,3.290563536735189,6,0.25156460994749275,0.0,1004
2022-06-18,3.290700768202654,7,0.30020704935945686,0.0,1004
2022-06-19,3.3431541064414323,11,0.18178953100896836,0.0,1004
2022-06-20,3.3564413093740946,9,0.3166833468909172,0.0,1004
2022-06-21,3.2311830622851643,10,0.11352413123425005,0.0,1004
2022-06-22,3.329585060555252,7,0.34004941657592674,0.0,1004
2022-06-23,3.3038077870941036,9,0.28370006000531944,0.0,1004
2022-06-24,3.378013572433313,8,0.38942442585332726,0.0,1004
2022-06-25,3.2635102074917897,16,0.213308165318262,0.0,1004
2022-06-26,3.251511928653044,15,0.35450294077577366,0.0,1004
2022-06-27,3.359411783815081,5,0.29264079130962967,0.0,1004
2022-06-28,3.1966740190532152,11,0.3491948108801643,0.0,1004
2022-06-29,3.3064569890945097,9,0.1,0.0,1004
2022-06-30,3.303550780199008,6,0.252235355712014,0.0,1004
2022-07-01,3.2855677368002736,11,0.37812360415865803,0.0,1004
2022-07-02,3.3557064816477284,16,0.31870342335409796,0.0,1004
2022-07-03,3.2721333736208975,13,0.224411551218805,0.0,1004
2022-07-04,3.3438207175505243,12,0.4,0.0,1004
2022-07-05,3.3054810907331094,8,0.4,0.0,1004
2022-07-06,3.396538268211334,9,0.4,0.0,1004
2022-07-07,3.3207227349774064,14,0.2698574346679757,0.0,1004
2022-07-08,3.259945622220784,10,0.4,0.0,1004
2022-07-09,3.2741945001047497,7,0.4,0.0,1004
2022-07-10,3.337216570032714,8,0.2060894082319012,0.0,1004
2022-07-11,3.2608829666836128,6,0.27643604283676526,0.0,1004
2022-07-12,3.317149797189781,13,0.23763809416507517,0.0,1004
2022-07-13,3.2759032364354694,10,0.2697820168766653,0.0,1004
2022-07-14,3.3440442051652535,4,0.4,0.0,1004
2022-07-15,3.2276837201973634,8,0.32797192110147394,0.0,1004
2022-07-16,3.2631290854370856,20,0.14031394769528083,0.0,1004
2022-07-17,3.2473365867099675,13,0.38021616344725057,0.0,1004
2022-07-18,3.3536928606086303,11,0.35325321423970546,0.0,1004
2022-07-19,3.2937382055943707,9,0.4,0.0,1004
2022-07-20,3.3114221882576653,6,0.24885901017265402,0.0,1004
2022-07-21,3.4027837211545178,6,0.4,0.0,1004
2022-07-22,3.250257871564804,11,0.3356345103281554,0.0,1004
2022-07-23,3.2308606629792886,12,0.35183005839573883,0.0,1004
2022-07-24,3.3436502685822025,12,0.3520971897506117,0.0,1004
2022-07-25,3.231265681770605,11,0.2017153260387573,0.0,1004
2022-07-26,3.289189586111064,17,0.27106031832516786,0.0,1004
2022-07-27,3.3476389695919417,7,0.23742447364583175,0.0,1004
2022-07-28,3.3160296980046673,8,0.37343751980191714,0.0,1004
2022-07-29,3.3479864985960233,9,0.25194254905258434,0.0,1004
2022-07-30,3.310184822943626,14,0.2825075546780058,0.0,1004
2022-07-31,3.3569807690208915,14,0.34550812319469376,0.0,1004
2022-08-01,3.415280054696159,11,0.19600000210586044,0.0,1004
2022-08-02,3.3090499967541707,7,0.4,0.0,1004
2022-08-03,3.2786169418801365,10,0.2778971922289784,0.0,1004
2022-08-04,3.2910460622957176,9,0.2549022320398159,0.0,1004
2022-08-05,3.260254043972199,9,0.34881795121895975,0.0,1004
2022-08-06,3.3095962242671275,10,0.20449518030003017,0.0,1004
2022-08-07,3.2678536304828887,11,0.3061918220026357,0.0,1004
2022-08-08,3.2208545460709583,14,0.1784871156743962,0.0,1004
2022-08-09,3.287761044700435,6,0.4,0.0,1004
2022-08-10,3.260934347959537,5,0.2686206199771292,0.0,1004
2022-08-11,3.28872119253764,14,0.4,0.0,1004
2022-08-12,3.211229022920544,15,0.4,0.0,1004
2022-08-13,3.295781590533413,8,0.4,0.0,1004
2022-08-14,3.3124097157792107,10,0.4,0.0,1004
2022-08-15,3.287110549876188,10,0.35157959326535115,0.0,1004
2022-08-16,3.2675413366355106,8,0.27957868293685284,0.0,1004
2022-08-17,3.2997565844479686,7,0.3810007585103965,0.0,1004
2022-08-18,3.2929245248345933,9,0.3240471395659376,0.0,1004
2022-08-19,3.327526582418856,9,0.4,0.0,1004
2022-08-20,3.2789321221700694,11,0.2493524818604013,0.0,1004
2022-08-21,3.295431406203136,9,0.1674937697001505,0.0,1004
2022-08-22,3.3360278350686725,11,0.2604704184563434,0.0,1004
2022-08-23,3.270320129602456,3,0.3536164494094006,0.0,1004
2022-08-24,3.3266612348075473,9,0.28077546046785806,0.0,1004
2022-08-25,3.2894023393657457,11,0.25694159942550554,0.0,1004
2022-08-26,3.331205946020949,8,0.23759388494933087,0.0,1004
2022-08-27,3.334838125580945,15,0.23026203350995275,0.0,1004
2022-08-28,3.310485682980438,13,0.19266153456168503,0.0,1004
2022-08-29,3.198910640332537,7,0.4,0.0,1004
2022-08-30,3.3375801256999065,9,0.4,0.0,1004
2022-08-31,3.3866755232530443,9,0.2860599795417096,0.0,1004
2022-09-01,3.271794148578382,6,0.20692999296554457,0.0,1004
2022-09-02,3.259350540691511,4,0.36268010398749634,0.0,1004
2022-09-03,3.212553616731872,10,0.3031296062137212,0.0,1004
2022-09-04,3.3682511876667216,19,0.1,0.0,1004
2022-09-05,3.3232473682610264,7,0.3623950369838685,0.0,1004
2022-09-06,3.322697758319239,10,0.33318682587241055,0.0,1004
2022-09-07,3.276720577974167,10,0.2580869640378237,0.0,1004
2022-09-08,3.4557689571740533,9,0.32266314180103306,0.0,1004
2022-09-09,3.317205887918677,10,0.290691502204562,0.0,1004
2022-09-10,3.2363398265368164,14,0.20141212065533537,0.0,1004
2022-09-11,3.2976128462829837,6,0.3751136611538551,0.0,1004
2022-09-12,3.345531823634302,10,0.254468330993048,0.0,1004
2022-09-13,3.3141824859486237,7,0.4,0.0,1004
2022-09-14,3.2238692097266886,11,0.3288321727197378,0.0,1004
2022-09-15,3.2899950309290604,4,0.3609275046828003,0.0,1004
2022-09-16,3.267808215320794,9,0.3288371082696757,0.0,1004
2022-09-17,3.3768430158537597,13,0.2892819754329803,0.0,1004
2022-09-18,3.239781001547625,14,0.4,0.0,1004
2022-09-19,3.316589084576962,12,0.36181367830981936,0.0,1004
2022-09-20,3.176653717156789,13,0.4,0.0,1004
2022-09-21,3.231408486367309,11,0.3047063804867965,0.0,1004
2022-09-22,3.23021457739995,5,0.4,0.0,1004
2022-09-23,3.3235520757313197,4,0.2722312845858895,0.0,1004
2022-09-24,3.2824496481256173,11,0.2630314037146588,0.0,1004
2022-09-25,3.315146104682997,9,0.207171121093397,0.0,1004
2022-09-26,3.335114403968117,6,0.4,0.0,1004
2022-09-27,3.357992078315618,5,0.37832022313390096,0.0,1004
2022-09-28,3.301902564622185,7,0.2481801096653016,0.0,1004
2022-09-29,3.2666503533696574,9,0.4,0.0,1004
2022-09-30,3.279959699949056,11,0.16870209398619207,0.0,1004
2022-10-01,3.2073871459137324,8,0.2197989984845692,0.0,1004
2022-10-02,3.332431054791138,14,0.13399722020004864,0.0,1004
2022-10-03,3.3435169814923222,3,0.2784762252753112,0.0,1004
2022-10-04,3.306146496389158,5,0.39013960624331806,0.0,1004
2022-10-05,3.316166642373936,7,0.18840855973751186,0.0,1004
2022-10-06,3.3794514368708635,8,0.4,0.0,1004
2022-10-07,3.368223509538679,7,0.121977405419082,0.0,1004
2022-10-08,3.2105585261355505,8,0.2851162951486483,0.0,1004
2022-10-09,3.3163997992735226,8,0.24651430662446197,0.0,1004
2022-10-10,3.360061388238219,4,0.10366576649388069,0.0,1004
2022-10-11,3.3137024195800815,4,0.21244178758493554,0.0,1004
2022-10-12,3.284193664324796,7,0.3543847070070695,0.0,1004
2022-10-13,3.394879249600408,9,0.4,0.0,1004
2022-10-14,3.2816404311506306,4,0.303131144764597,0.0,1004
2022-10-15,3.3146987053592087,13,0.3099698949534794,0.0,1004
2022-10-16,3.378156374952458,16,0.14432450310438555,0.0,1004
2022-10-17,3.281113496360553,3,0.34125067734002756,0.0,1004
2022-10-18,3.222262815017471,15,0.34168885782184727,0.0,1004
2022-10-19,3.318653282915097,10,0.24782137995076867,0.0,1004
2022-10-20,3.2623245041825424,11,0.14875441883219453,3.523879708537746e-07,1004
2022-10-21,3.2910399219189457,5,0.17220626296817027,1.3784568130201784e-06,1004
2022-10-22,3.2824910091750032,9,0.2941373747262126,4.591444546558205e-06,1004
2022-10-23,3.221621534508805,22,0.3213000945250276,1.37558748504798e-05,1004
2022-10-24,3.367035566489253,8,0.4,3.6627816407871754e-05,1004
2022-10-25,3.302794867802234,4,0.37823680583148017,8.781135755875499e-05,1004
2022-10-26,3.29603240041357,5,0.14201116459180144,0.00019020983145708986,1004
2022-10-27,3.213492035811832,7,0.4,0.00037320070333982336,1004
2022-10-28,3.2765404624478536,10,0.23357513268894542,0.0006668351482991233,1004
2022-10-29,3.3328631048640602,8,0.4,0.0010901934911146265,1004
2022-10-30,3.339274164772666,15,0.255424593839173,0.001641071870194949,1004
2022-10-31,3.240176870614395,9,0.21085142698329168,0.002291394179779557,1004
2022-11-01,3.2658228714500224,7,0.17499459027204617,0.0029913834585406397,1004
2022-11-02,3.062925485519949,9,0.3,0.0036806561356960334,1004
2022-11-03,3.2486854451928346,7,0.16606836375819173,0.004300027659825383,1004
2022-11-04,3.1138342484117434,10,0.25941835734669366,0.00479924175887954,1004
2022-11-05,3.3432884194835397,8,0.3,0.005142373542203787,1004
2022-11-06,3.117167797100851,4,0.17965158193133393,0.005312499158381905,1004
2022-11-07,3.1756523221179447,12,0.18635157102976777,0.005315838355935996,1004
2022-11-08,3.2862792128143496,8,0.09698987268629324,0.0051833361199382835,1004
2022-11-09,3.2321312327292007,9,0.1517882301396705,0.004966677521776316,1004
2022-11-10,3.206002800173179,5,0.2017510280409608,0.004729989828821594,1004
2022-11-11,3.251895831953678,9,0.3,0.004538288717764415,1004
2022-11-12,3.1467267411241697,20,0.3,0.004444255582709899,1004
2022-11-13,3.209545564068339,7,0.09616241235109123,0.004476512628389546,1004
2022-11-14,3.230872080888661,4,0.2147664713293891,0.004631838203664863,1004
2022-11-15,3.343313013001193,3,0.21758835285672634,0.004877087321877181,1004
2022-11-16,3.2773340705402116,7,0.2182281311520251,0.005158450301140724,1004
2022-11-17,3.1471082882858643,8,0.09792862901548814,0.005416356798663687,1004
2022-11-18,3.062110310906149,4,0.18707502849193913,0.0055984063484527105,1004
2022-11-19,3.127411311879936,11,0.08362670168902182,0.005669668661460441,1004
2022-11-20,3.208865057278325,16,0.20420192295269232,0.005616851569312654,1004
2022-11-21,3.2807872513115686,6,0.3,0.005463149829538976,1004
2022-11-22,3.1844051508467897,4,0.20214310071638558,0.005271467097468764,1004
2022-11-23,3.1840338710682268,10,0.1695587067810715,0.005154901330441167,1004
2022-11-24,3.253862488893234,10,0.11764542721832248,0.005273692027224033,1004
2022-11-25,3.172950555800993,10,0.08654710469218174,0.0058302102829547,1004
2022-11-26,3.1971858772245025,12,0.1591653354794766,0.0070530380105007775,1004
2022-11-27,3.1966551380355175,19,0.25911063592235967,0.009165131093551077,1004
2022-11-28,3.1663734478512007,5,0.13535395475316855,0.012313839864231556,1004
2022-11-29,3.1411464797173902,10,0.10454869566256374,0.016487208061260077,1004
2022-11-30,3.1739310405851366,10,0.23895963335474427,0.021443875349643232,1004
2022-12-01,3.2066841737361305,12,0.24139821639376136,0.02672184679825171,1004
2022-12-02,3.2516018129162303,9,0.13182185347726993,0.031738145248583274,1004
2022-12-03,3.1805645527549715,14,0.20626247288673297,0.03594888069247724,1004
2022-12-04,3.271315189816157,8,0.1730966514495398,0.038999404294472496,1004
2022-12-05,3.139726849616582,5,0.10759940701727742,0.04078898575475695,1004
2022-12-06,3.1419365086575244,6,0.3,0.04144234198509234,1004
2022-12-07,3.1497328041094366,8,0.19912474581138512,0.04120481405978263,1004
2022-12-08,3.2278445129818145,6,0.18071158923571595,0.04033430623640748,1004
2022-12-09,3.207126059203996,7,0.10787347952230324,0.039046455728131375,1004
2022-12-10,3.1996989962463855,17,0.19316924755605414,0.037541302423127636,1004
2022-12-11,3.173770729907624,11,0.2877331557080055,0.0360717952626115,1004
2022-12-12,3.148862429208827,7,0.3,0.034978008436242346,1004
2022-12-13,3.2966945083457326,11,0.17065558647623838,0.03461966575949495,1004
2022-12-14,3.279418572105216,10,0.12656013671355676,0.03523125935957744,1004
2022-12-15,3.2082305934109825,12,0.13258921319351605,0.036800950480502005,1004
2022-12-16,3.281625487793464,8,0.23647577652761134,0.03907217834558465,1004
2022-12-17,3.2606324591102123,12,0.11073135236471188,0.041688790388082264,1004
2022-12-18,3.167637930022557,12,0.2655896389046539,0.04434808997581682,1004
2022-12-19,3.1764416990929014,6,0.19748026654331982,0.04688462565448888,1004
2022-12-20,3.202077955072047,7,0.2694737600789872,0.04922064267023246,1004
2022-12-21,3.235734482729712,4,0.11146397716273955,0.05126103801317673,1004
2022-12-22,3.2436523217044355,8,0.13856369780076985,0.05283543651460284,1004
2022-12-23,3.1465926602999175,7,0.28601821118192816,0.05373478239892539,1004
2022-12-24,3.2675766930919097,9,0.3,0.05379403902497894,1004
2022-12-25,3.198632868303726,8,0.11274762335687594,0.05295955867219003,1004
2022-12-26,3.1908869072473593,3,0.139822883837498,0.05129649951390123,1004
2022-12-27,3.317095087348888,5,0.20499743326046754,0.04895234909384,1004
2022-12-28,3.2373802422600853,8,0.1520313938170576,0.04612675860882463,1004
2022-12-29,3.1417235984128022,5,0.06008156469423341,0.04304443722429037,1004
2022-12-30,3.2215865941331563,7,0.27865112441365436,0.03994583577255513,1004
2022-12-31,3.275979781554254,15,0.23139700415577547,0.037066133344226135,1004
2023-01-01,3.160933213092009,21,0.3,0.03461839492945948,1004
2023-01-02,3.0560258700597616,8,0.3,0.03278369376588132,1004
2023-01-03,3.1565276149864796,9,0.17981766339972,0.03170844645705686,1004
2023-01-04,3.1607501369774007,8,0.13932097319509268,0.031479388520744646,1004
2023-01-05,3.2228936168692988,9,0.21837267682103248,0.0320935385198327,1004
2023-01-06,3.154213746796975,5,0.3,0.033442054846232,1004
2023-01-07,3.1207772725822105,16,0.10748919429761872,0.035337639054089647,1004
2023-01-08,3.0968323815181917,16,0.06424603933342163,0.03757486241480608,1004
2023-01-09,3.135272364549285,9,0.27485138706272433,0.0399695726140373,1004
2023-01-10,3.0930114999663356,18,0.21453670803485597,0.04235685591859118,1004
2023-01-11,3.296409689183523,8,0.26250786283811056,0.04456318038018207,1004
2023-01-12,3.2683133874709704,7,0.20714794348203444,0.04640252652178708,1004
2023-01-13,3.232758420578007,8,0.1737550071522207,0.04769818419277089,1004
2023-01-14,3.087400440135022,18,0.0731656386668636,0.04833222808089563,1004
2023-01-15,3.2456986298588544,17,0.22822869288818728,0.04826975733744213,1004
2023-01-16,2.955385306538941,6,0.29572285137998144,0.04755374884941522,1004
2023-01-17,3.2124946711414792,11,0.2549199335439257,0.04628887647896413,1004
2023-01-18,3.179421489184212,7,0.2055765273977417,0.04463210292690518,1004
2023-01-19,3.065360839437753,11,0.14506059687135173,0.04277078683593784,1004
2023-01-20,3.1789859038151547,6,0.07703586379141034,0.04088606605868492,1004
2023-01-21,3.413138312154468,16,0.291556510640826,0.03911882582102491,1004
2023-01-22,3.268743225815791,7,0.27233254507581106,0.037564029450825584,1004
2023-01-23,3.158380650087639,6,0.2588806612761724,0.036310498564887245,1004
2023-01-24,3.003618290470359,10,0.0801287067000193,0.03546737277911537,1004
2023-01-25,3.3007605738894124,10,0.17969523336118343,0.03516509185065046,1004
2023-01-26,3.115382974270183,7,0.09747103819915161,0.035512305995139486,1004
2023-01-27,3.1160083882540177,5,0.2293713766610168,0.03655356893613526,1004
2023-01-28,3.383769488990375,20,0.3,0.038253406730443175,1004
2023-01-29,3.2116907391111553,18,0.19924299521538733,0.04050216298132815,1004
2023-01-30,3.1245900295005224,7,0.0857975193370578,0.043084920994824805,1004
2023-01-31,3.339781044347943,11,0.10315080621163446,0.045635600242368304,1004
2023-02-01,3.0125604242093935,13,0.088343475491962,0.047643053863170866,1004
2023-02-02,3.3131830213586224,6,0.10960492103293158,0.04858773249922979,1004
2023-02-03,3.174126875848472,7,0.06403386232910974,0.048194923197877534,1004
2023-02-04,3.224860667142237,13,0.09269050504480854,0.04663334766163203,1004
2023-02-05,3.2366348647980265,14,0.10224885906269811,0.044525599094867224,1004
2023-02-06,3.203814168628379,14,0.29382357971777684,0.042706473825534726,1004
2023-02-07,3.3183701160474,5,0.18115632962916273,0.041869692826464626,1004
2023-02-08,3.15554032518227,11,0.052142347600313464,0.042269360029224615,1004
2023-02-09,3.336287074082783,12,0.2524419890209735,0.043648584790467126,1004
2023-02-10,3.147988740387907,7,0.1539112130263229,0.045387260082690645,1004
2023-02-11,3.073894604685072,15,0.06863906560962506,0.04679263429320469,1004
2023-02-12,3.26901619318785,19,0.3,0.047382772254632395,1004
2023-02-13,3.201978946747303,14,0.07031164806629911,0.04705470859626336,1004
2023-02-14,3.1078482716695297,9,0.18510160757291944,0.046066916691513096,1004
2023-02-15,3.1585333134583875,10,0.13381826432706084,0.0448845371957052,1004
2023-02-16,3.236583536504858,11,0.25176260829114,0.0439705081399615,1004
2023-02-17,3.107747832081149,9,0.15843320547782344,0.043630494675527876,1004
2023-02-18,3.278105377777439,12,0.18509146842520277,0.04396450735481798,1004
2023-02-19,3.1597138994509923,9,0.18711369713629267,0.04489383273337864,1004
2023-02-20,3.3364070427627888,13,0.10580731786527132,0.04621912899076357,1004
2023-02-21,3.2404205458070257,9,0.20067226876626496,0.04765491995963452,1004
2023-02-22,3.1753693675098837,11,0.20920866783248698,0.04886316342238436,1004
2023-02-23,3.2551467456552547,9,0.20443792198892452,0.04951265705605744,1004
2023-02-24,3.291261271771917,12,0.298414088232909,0.0493767595315116,1004
2023-02-25,3.196975320092467,21,0.20277618199916927,0.04842210590057178,1004
2023-02-26,3.079185893793189,11,0.19017812765474695,0.04682462255120439,1004
2023-02-27,3.2035959948677677,2,0.18501941846516595,0.04488260463294134,1004
2023-02-28,3.1814584051730015,11,0.1213764691134847,0.04288521919204406,1004
2023-03-01,3.1217070810387395,8,0.21069092703265313,0.04102732284871362,1004
2023-03-02,3.240945805326137,5,0.10046585705251447,0.03941362756273444,1004
2023-03-03,3.2500278666103752,13,0.275568806737271,0.03812716004278841,1004
2023-03-04,3.268266239280393,12,0.12427507483235739,0.03725801219141096,1004
2023-03-05,3.065334684371872,10,0.09481425364253619,0.03687187203033145,1004
2023-03-06,3.226816040122164,9,0.2519517407860994,0.0369409953548316,1004
2023-03-07,3.1785689428308475,5,0.21447391243362057,0.037339132893938934,1004
2023-03-08,3.146890889811695,16,0.274550349140337,0.03790097505636074,1004
2023-03-09,3.1541860039346363,9,0.2716885452577375,0.03849945549888385,1004
2023-03-10,3.2540993763903874,6,0.27522715292207844,0.039087057803254804,1004
2023-03-11,3.1328786230108294,6,0.20840206822984023,0.03966311009382077,1004
2023-03-12,3.1425757973203545,15,0.1734197162642032,0.04021135487922656,1004
2023-03-13,3.1418174583554506,12,0.26973488352556524,0.04066678511339884,1004
2023-03-14,3.346081494137792,9,0.3,0.04093668722179413,1004
2023-03-15,3.2338226803485677,6,0.20655308181203497,0.04096426373251812,1004
2023-03-16,3.056841426100605,9,0.17856297505121163,0.04078835475121836,1004
2023-03-17,3.2494897295293983,12,0.20513565850387086,0.04057546004096266,1004
2023-03-18,3.180342602596754,15,0.3,0.04059227978594022,1004
2023-03-19,3.311405719275605,8,0.13594958420065315,0.04111693349705022,1004
2023-03-20,3.1582503880299067,9,0.1426390606516559,0.042303626199188024,1004
2023-03-21,3.2213365840363353,12,0.26415095373797903,0.04408669110413019,1004
2023-03-22,3.1351970350128844,15,0.27571772068242867,0.04618795840016436,1004
2023-03-23,3.195235569426714,5,0.17359704008908491,0.048244368183749664,1004
2023-03-24,3.2256276409631415,4,0.23034508815059573,0.04995114283105624,1004
2023-03-25,3.253506405451852,12,0.22060068594474735,0.05114703925446693,1004
2023-03-26,3.189368346747051,13,0.13527224022521603,0.05178476630239533,1004
2023-03-27,3.282277110598672,11,0.3,0.05186902505675371,1004
2023-03-28,3.2268018191560306,12,0.09201113849987336,0.05142928556110303,1004
2023-03-29,3.1976399236166912,10,0.13803361048216745,0.05055023646511204,1004
2023-03-30,3.3439048460178253,8,0.2457361863762572,0.04940776887384216,1004
2023-03-31,3.114515600590498,14,0.21182111120688488,0.04823526133119124,1004
2023-04-01,3.2635554309939376,16,0.24246131098838003,0.04724108213544578,1004
2023-04-02,3.218592436526893,15,0.1594478405318669,0.04653500172677803,1004
2023-04-03,3.1668474895099092,7,0.2785955322544383,0.04610755229724724,1004
2023-04-04,3.3398516118205985,9,0.19142310769375534,0.0458556139672749,1004
2023-04-05,3.297461519816996,9,0.2207166494812523,0.0456239870503662,1004
2023-04-06,3.268645469965599,5,0.14877547796217477,0.045234447242386774,1004
2023-04-07,3.1869151001482408,9,0.07341442762287224,0.04452630716747827,1004
2023-04-08,3.264252804832497,15,0.11833166480563034,0.04340200945291644,1004
2023-04-09,3.279815487379168,14,0.24306565787178194,0.041876675388300755,1004
2023-04-10,3.192772976339616,7,0.26426278622882116,0.04011090524590619,1004
2023-04-11,3.063373987956688,10,0.09947060599127136,0.038378251366866345,1004
2023-04-12,3.1108953169941294,9,0.1385802441256528,0.03700255484897879,1004
2023-04-13,3.1263067959923667,9,0.2886468227844246,0.036249655991217454,1004
2023-04-14,3.240600133526976,4,0.3,0.03624848951582178,1004
2023-04-15,3.0587651971976735,15,0.09457733640638465,0.036942018566176356,1004
2023-04-16,3.2944708768669795,18,0.27966081259089126,0.03810413254629311,1004
2023-04-17,3.181423251160217,5,0.18656953181691963,0.03941151133190337,1004
2023-04-18,3.1348757849538162,10,0.24893822566117238,0.04055573023694308,1004
2023-04-19,3.114536456051518,9,0.21640725966159546,0.04132197119385803,1004
2023-04-20,3.140137783290351,8,0.09004079356841792,0.04165041060035246,1004
2023-04-21,3.260663827390407,4,0.12534527025154235,0.041627990786004467,1004
2023-04-22,3.1500241378252714,15,0.10435591100631757,0.04147962685486876,1004
2023-04-23,3.1295153536429403,16,0.10021322065219136,0.041580714937929905,1004
2023-04-24,3.329239238894913,8,0.3,0.04246925843847058,1004
2023-04-25,3.21422751981786,13,0.23821424902429048,0.04481388611816506,1004
2023-04-26,3.1890914613898964,13,0.12735348193603208,0.04923531666371529,1004
2023-04-27,3.2800152492336005,4,0.24428924437480298,0.05603629550847329,1004
2023-04-28,3.1462610723078197,14,0.13142863253025677,0.06494085651569034,1004
2023-04-29,3.264996155742683,17,0.0991444320178324,0.07503201531812534,1004
2023-04-30,3.2029158111440386,22,0.2574228705773455,0.0849783648901349,1004
2023-05-01,3.3669647589634772,7,0.11581287587840401,0.09345683779611402,1004
2023-05-02,3.2622875630108688,5,0.12397715041005782,0.09956267902523933,1004
2023-05-03,3.274346336110988,11,0.17965438604160977,0.10302835080266373,1004
2023-05-04,3.1532880627924555,8,0.15406774009667604,0.10415816566763597,1004
2023-05-05,3.1118165646475875,11,0.07109122732613914,0.1035777857436825,1004
2023-05-06,3.2036294971262764,19,0.13273486399590828,0.10195888298664837,1004
2023-05-07,3.1970885864441114,13,0.16441920580144914,0.0998314221381999,1004
2023-05-08,3.2545521657935788,7,0.22723847838718658,0.0975612079878549,1004
2023-05-09,3.216777637409712,5,0.24457874826555479,0.09538932019682737,1004
2023-05-10,3.202605165073757,11,0.14210811984505664,0.09347451510287788,1004
2023-05-11,3.13909864446479,5,0.1597846622610368,0.09189354289329617,1004
2023-05-12,3.3465471626584637,5,0.05,0.09061812002117967,1004
2023-05-13,3.2546619380460604,22,0.23481369218988443,0.08954569205593794,1004
2023-05-14,3.2144778224867507,21,0.1627207631691212,0.08859155997565088,1004
2023-05-15,3.328964820227638,13,0.2919169519536492,0.087796609995694,1004
2023-05-16,3.1130911785105737,10,0.14811744804418447,0.08735934105351864,1004
2023-05-17,3.4207621446328287,5,0.15324754764180748,0.08754469362309002,1004
2023-05-18,3.1341173342888666,9,0.2585277448649831,0.08852552295571753,1004
2023-05-19,3.2132410471477137,7,0.11089628826088764,0.09026696483687383,1004
2023-05-20,3.102961892544273,9,0.17183625524503168,0.09253042384633922,1004
2023-05-21,3.16321618926661,12,0.2959164303293974,0.09496806101790956,1004
2023-05-22,3.306351491903374,8,0.10751717858667614,0.09723059386426307,1004
2023-05-23,3.2045581986752376,7,0.27720878360224954,0.09903349856895219,1004
2023-05-24,3.1797253649700776,8,0.21783300125701302,0.1001719875516611,1004
2023-05-25,3.0701305982833818,7,0.15600639034966418,0.10053131229425716,1004
2023-05-26,3.1185323180445206,8,0.26332503374551214,0.10013088088757233,1004
2023-05-27,3.1841290017567974,8,0.15813019242228255,0.09917808906822366,1004
2023-05-28,3.1537828009905526,14,0.16669127456584967,0.0980373144772987,1004
2023-05-29,3.1270178106254476,8,0.2138487428608059,0.09708798687567402,1004
2023-05-30,3.1289916780447977,12,0.14270862037207843,0.09652815045385313,1004
2023-05-31,3.321315150037504,14,0.18179076151880771,0.09626009574339171,1004
2023-06-01,3.09546530827647,12,0.3,0.0959627116027397,1004
2023-06-02,3.1809297529919593,7,0.23952083098267488,0.09532999978192096,1004
2023-06-03,3.3181271771280665,14,0.2616048206790077,0.09436461699278109,1004
2023-06-04,3.1485638741635835,13,0.2918427437474496,0.0935155052894416,1004
2023-06-05,3.1051603569662998,10,0.1527500966864615,0.09352981156994453,1004
2023-06-06,3.1715624675545513,9,0.12241338156634875,0.0950905285902732,1004
2023-06-07,3.352913919277096,10,0.20307797204483088,0.09840498842171692,1004
2023-06-08,3.2433417056164275,13,0.29680460844769757,0.10298560463738114,1004
2023-06-09,3.326880425754882,8,0.14176801365081812,0.10774286263698271,1004
2023-06-10,3.1447071064477825,14,0.16200624397794616,0.11136814058625896,1004
2023-06-11,3.255473244937896,16,0.20759425246563415,0.11283841910842339,1004
2023-06-12,3.170026855246244,4,0.1822372720934688,0.11183020485865333,1004
2023-06-13,3.203182159016592,3,0.3,0.10885938680073626,1004
2023-06-14,3.3312706718937766,8,0.3,0.10507843012014755,1004
2023-06-15,3.1516356889782897,10,0.3,0.10183026191193813,1004
2023-06-16,3.1248130303624775,6,0.2682897652845747,0.10012129931070557,1004
2023-06-17,3.2159912967748228,8,0.10073554699991887,0.10024924824830056,1004
2023-06-18,3.161517122844458,13,0.18581598878809796,0.10174123630729276,1004
2023-06-19,3.2727425468891944,15,0.11222469477945661,0.10362886640373731,1004
2023-06-20,3.209239565820739,14,0.19009131651868097,0.10492403326073366,1004
2023-06-21,3.073164146933533,6,0.3,0.10506004106442864,1004
2023-06-22,3.2547318678058024,7,0.20575377731752886,0.1040772422929008,1004
2023-06-23,3.2284501027110286,6,0.3,0.10248204869545892,1004
2023-06-24,3.1226080299579837,20,0.11081270601167997,0.10091583767455554,1004
2023-06-25,3.173216084873211,14,0.1606633110554844,0.0998442383483639,1004
2023-06-26,3.2683040892739785,7,0.2320153391013727,0.09943103088551752,1004
2023-06-27,3.2245768688032435,8,0.2100084346991853,0.099563922904094,1004
2023-06-28,3.2324223226275737,4,0.2388850305539713,0.09997900084857574,1004
2023-06-29,3.2549832318387715,7,0.23175979526375376,0.10038948459003331,1004
2023-06-30,3.3082861097030323,6,0.3,0.10060362660988459,1004
2023-07-01,3.1155948294398077,13,0.22141734631956367,0.10058598340097277,1004
2023-07-02,3.1676367707935182,19,0.22364634065376832,0.10044289378745647,1004
2023-07-03,3.053631586534833,11,0.11182976076757542,0.10032734560177721,1004
2023-07-04,3.3073300769033764,8,0.10571154514245434,0.10032993505156874,1004
2023-07-05,3.1422408534221975,6,0.0828949058084317,0.10044616568635414,1004
2023-07-06,3.2765567896219814,6,0.1121437565193462,0.10061796251668437,1004
2023-07-07,3.22022737563527,11,0.24112038314535364,0.10078571552649891,1004
2023-07-08,3.3797554550674853,23,0.2353179059911063,0.10089160277749652,1004
2023-07-09,2.9590249317521042,8,0.2144071933041228,0.10083302345036198,1004
2023-07-10,3.2819721550541034,9,0.17473615018549313,0.1004520798761276,1004
2023-07-11,3.306242233236199,6,0.1804753813891845,0.09961979603056269,1004
2023-07-12,3.2116921966962555,14,0.3,0.0983907494092337,1004
2023-07-13,3.2365231387372564,11,0.3,0.0970809695952029,1004
2023-07-14,3.088252588545234,9,0.3,0.09619457134651949,1004
2023-07-15,3.17542859217064,11,0.2875181362418435,0.09620403912599985,1004
2023-07-16,3.110304618840699,18,0.22042947562356233,0.09728623921243978,1004
2023-07-17,3.1123973952145767,6,0.3,0.09917776727536073,1004
2023-07-18,3.211355581036806,7,0.3,0.10123395406778668,1004
2023-07-19,3.301833726252245,13,0.3,0.10266504274100377,1004
2023-07-20,3.268774722304912,7,0.08977158761065471,0.10287684208732252,1004
2023-07-21,3.166238870629313,12,0.3,0.10172306856637157,1004
2023-07-22,3.3085216087230727,14,0.06159754752335558,0.09957423669208612,1004
2023-07-23,3.1481751884988127,18,0.2956268984196942,0.09714075190875279,1004
2023-07-24,3.1469583602321993,9,0.14067451891242963,0.0951762518569709,1004
2023-07-25,3.1510208074992136,8,0.14007954704027958,0.09418976224705598,1004
2023-07-26,3.1933747948983338,6,0.2815160486051394,0.09429408471404582,1004
2023-07-27,3.3044036531115792,11,0.2810389346966603,0.09523370989169401,1004
2023-07-28,3.166617857394261,13,0.16301317626393746,0.09653514848381706,1004
2023-07-29,3.2858873137815774,12,0.3,0.09770292385544563,1004
2023-07-30,3.212499236155138,8,0.23565263929992236,0.09838094606597053,1004
2023-07-31,3.215154249712337,19,0.22907718812762262,0.09845175438230247,1004
2023-08-01,3.2578904334803034,8,0.18758706437716188,0.09805356485229272,1004
2023-08-02,3.2148801256995125,12,0.3,0.097498570092236,1004
2023-08-03,3.1220834551937604,9,0.21787667648776213,0.09714233866893485,1004
2023-08-04,3.213353842899713,8,0.1285830143808807,0.09724641084572314,1004
2023-08-05,3.156546821188924,13,0.3,0.09788281974347161,1004
2023-08-06,3.1357650721621004,12,0.23367267148958754,0.09889899841603557,1004
2023-08-07,3.1786656247945952,9,0.11108220165397721,0.09997762269674164,1004
2023-08-08,3.2901474243404003,13,0.13318249671838203,0.10072958957875272,1004
2023-08-09,3.0897884603174686,12,0.19014587277320744,0.10081316381118373,1004
2023-08-10,3.257747491859343,14,0.15585879606479025,0.10004771598675476,1004
2023-08-11,3.042573153607868,9,0.1647837524843961,0.09848224155696264,1004
2023-08-12,3.2478467143719953,13,0.19974346534535814,0.09640305954644443,1004
2023-08-13,3.2721614989476304,17,0.06829351864279738,0.09425452760212472,1004
2023-08-14,3.325538021598134,9,0.13559830350613622,0.09248248266937548,1004
2023-08-15,3.3181913589664775,9,0.20834465486171705,0.09139593985930308,1004
2023-08-16,3.17995509246798,11,0.17206922819224615,0.0910876674059895,1004
2023-08-17,3.2613077039863163,14,0.14119892990412,0.09142616515700791,1004
2023-08-18,3.1118424768972166,11,0.24130166162544728,0.09212116656069932,1004
2023-08-19,2.9656589497245,13,0.1451846150618884,0.09282465420252686,1004
2023-08-20,3.170688608653574,8,0.28620509146521167,0.0932454815558878,1004
2023-08-21,3.386257782048211,4,0.3,0.09324982665202547,1004
2023-08-22,3.2265136741826983,3,0.18617486684859902,0.09291104693755312,1004
2023-08-23,3.1957352571401936,7,0.11865926733650416,0.09246237425537665,1004
2023-08-24,3.154325977475027,7,0.05487875043363421,0.09220159031925174,1004
2023-08-25,3.1300142958563604,6,0.16557016548698464,0.09234068746823992,1004
2023-08-26,3.305470241795495,9,0.18895301335784703,0.09291378598686609,1004
2023-08-27,3.1277619207513734,17,0.13617081969772182,0.09378247976552602,1004
2023-08-28,3.2848567422387367,8,0.09558250639132515,0.09473025565845447,1004
2023-08-29,3.231323397620701,17,0.3,0.09559269282179184,1004
2023-08-30,3.259054244663404,7,0.1511576341525396,0.09636117945743039,1004
2023-08-31,3.2873817659566527,11,0.3,0.097207107144798,1004
2023-09-01,3.2186057598869326,6,0.22827913741422307,0.09842447055879752,1004
2023-09-02,3.115467777586247,16,0.13678935532172268,0.10028993913317061,1004
2023-09-03,3.0160302263553143,17,0.1429988526581443,0.10288357878299709,1004
2023-09-04,3.2759677464214225,3,0.21092706157365973,0.10595907788133152,1004
2023-09-05,3.2223703645944366,8,0.15661933965027736,0.10893899874201383,1004
2023-09-06,3.229738553680376,13,0.2905308228795575,0.111078897315082,1004
2023-09-07,3.09054913009412,2,0.07976147050612786,0.11175380749329213,1004
2023-09-08,3.2353039932686154,8,0.2211105450015183,0.11069588418554294,1004
2023-09-09,3.097586952113107,12,0.10482648290600775,0.10808729871292726,1004
2023-09-10,3.2096621644658074,8,0.3,0.10449441377629713,1004
2023-09-11,3.1485711664473603,12,0.2056119335357686,0.10069075999608626,1004
2023-09-12,3.2279632637588733,17,0.06747263225232707,0.09745758211601074,1004
2023-09-13,3.142147781243323,13,0.18535660937903262,0.09540339917157883,1004
2023-09-14,3.2427847863364105,8,0.24096656831398974,0.0948403243993991,1004
2023-09-15,3.175253617705055,11,0.3,0.09571440459363943,1004
2023-09-16,3.2300698784524418,14,0.09391735567497196,0.09767172763785026,1004
2023-09-17,3.1352140226624536,14,0.2149605292561511,0.10021754988002815,1004
2023-09-18,3.2014524924675847,8,0.14484743012129184,0.10288938541205475,1004
2023-09-19,3.0772586767410774,12,0.14996152070378133,0.1053658453229325,1004
2023-09-20,3.1018671468230554,12,0.2829702989034948,0.1074440830244694,1004
2023-09-21,3.242762064428852,15,0.20536144234103093,0.10894776475796954,1004
2023-09-22,3.1852861487311497,7,0.28397246750888977,0.10966083943371557,1004
2023-09-23,3.2276877825210373,10,0.22126229143623607,0.10935993409161006,1004
2023-09-24,3.062281994187897,17,0.3,0.10793605046784416,1004
2023-09-25,3.3139329065487173,15,0.054723869046070135,0.10550987607584426,1004
2023-09-26,3.20080613049985,17,0.20858276933569508,0.10242416854069943,1004
2023-09-27,3.1773444233369412,16,0.3,0.09913661768194697,1004
2023-09-28,3.2687967392393045,12,0.27380441714781284,0.09606145073854241,1004
2023-09-29,3.100676526810522,15,0.17848431053220543,0.09351990377065521,1004
2023-09-30,3.2512665672777,15,0.2730288082696726,0.09178221380699261,1004
2023-10-01,3.0710186470960457,21,0.2091709686435328,0.0911237952330054,1004
2023-10-02,3.0655080773487278,6,0.1539915247480384,0.09176950992641986,1004
2023-10-03,3.1887561318539177,10,0.13014257627150427,0.09374810393687574,1004
2023-10-04,3.2430667199650274,11,0.07915755458960505,0.09675880781442256,1004
2023-10-05,3.2331096746120433,7,0.1068260178265394,0.10020461510081896,1004
2023-10-06,3.052419716675772,13,0.3,0.10343601278851251,1004
2023-10-07,3.1134779091092963,12,0.12709090588169933,0.1060234675534439,1004
2023-10-08,3.1151921442238586,10,0.3,0.1079304671925245,1004
2023-10-09,3.212384504711528,10,0.11487234072800276,0.10944788976037466,1004
2023-10-10,3.279079659647689,8,0.16771387386463027,0.11095060999821393,1004
2023-10-11,3.220228983431995,8,0.1639860162729259,0.11262311753363724,1004
2023-10-12,3.0050113892969916,15,0.20619431085887982,0.11434843071492665,1004
2023-10-13,3.2201745373599318,10,0.12010714086533046,0.11582109104844471,1004
2023-10-14,3.1303875974129327,16,0.23062755112732286,0.11678481224138293,1004
2023-10-15,3.135999857868886,11,0.19331642082354605,0.11722060163224231,1004
2023-10-16,3.2965034112095117,12,0.13584832136400393,0.11734246819809166,1004
2023-10-17,3.1585892970060123,11,0.12415014314596073,0.11741681728388076,1004
2023-10-18,3.279776121129568,8,0.24568954707608923,0.11755422113380666,1004
2023-10-19,3.237150861095216,5,0.1816549477283473,0.11760472688153006,1004
2023-10-20,3.0806450875384654,6,0.06494044853023262,0.11721970318248559,1004
2023-10-21,3.095757156930235,13,0.17553816926832713,0.11600969188827007,1004
2023-10-22,3.0856516931735154,13,0.3,0.11371422104864255,1004
2023-10-23,3.311070002046586,7,0.1362854824164893,0.11033659526824592,1004
2023-10-24,3.186361927223954,7,0.3,0.10621791378471707,1004
2023-10-25,3.290748539260543,8,0.22211845440586522,0.10207975450872922,1004
2023-10-26,3.218361009919657,15,0.11659970074933416,0.09897715616885187,1004
2023-10-27,3.1145762494513463,7,0.1823586658162221,0.09815913360250628,1004
2023-10-28,3.1024996606459228,18,0.08543806295487147,0.10078810390956958,1004
2023-10-29,3.2425010700930446,12,0.10983875432164625,0.10756611279085217,1004
2023-10-30,3.179641432804085,15,0.18012917348293328,0.11838819251104955,1004
2023-10-31,3.1212117490346682,8,0.3,0.13216214849710667,1004
2023-11-01,3.231050974694807,8,0.18324760341620946,0.14697160553439836,1004
2023-11-02,3.1286903864906837,12,0.23235513388513274,0.16052437471935527,1004
2023-11-03,3.3539997037952993,6,0.3,0.17082188487388386,1004
2023-11-04,3.213192233848371,15,0.2448760566847594,0.1767669442299193,1004
2023-11-05,3.2544263278414496,16,0.16682045307786875,0.1784868241582183,1004
2023-11-06,3.3135308279753133,6,0.2204442678288238,0.17721357037008353,1004
2023-11-07,3.1366005775659898,12,0.10062523422588095,0.17476636554112684,1004
2023-11-08,3.1469920278689623,18,0.21161737605658507,0.17282947894075068,1004
2023-11-09,3.177949010461194,15,0.15379209860512894,0.17237798419035907,1004
2023-11-10,3.315418827589367,6,0.3,0.17350638674520955,1004
2023-11-11,3.209161155749979,17,0.15151716895680842,0.17567143561599224,1004
2023-11-12,3.1984019469582097,6,0.21848986374410903,0.1781616986750145,1004
2023-11-13,3.225199385563612,12,0.1700813367253385,0.1804701862451688,1004
2023-11-14,3.155071499004095,15,0.23509888512756005,0.18240394618443817,1004
2023-11-15,3.130496098965685,5,0.12297625098528159,0.18398677116125634,1004
2023-11-16,3.165161201858051,8,0.15434093916775102,0.18529665374457344,1004
2023-11-17,3.169605902118318,16,0.11163175889482778,0.18641828622253973,1004
2023-11-18,3.1596683419019547,17,0.24605599574831372,0.18746399299585148,1004
2023-11-19,3.236106118573051,11,0.1312891516003175,0.188593389277086,1004
2023-11-20,3.298474256715609,8,0.16200381342398196,0.18992838373633542,1004
2023-11-21,3.167565978033836,11,0.28725840200090247,0.19142014435868146,1004
2023-11-22,3.2225918996776266,6,0.23773798135195012,0.19278807006864684,1004
2023-11-23,3.061129413993735,12,0.3,0.19360915029456802,1004
2023-11-24,3.155807391844708,6,0.18408442252586346,0.19348568713887593,1004
2023-11-25,3.2348381289162647,17,0.3,0.19217704614036657,1004
2023-11-26,3.323953620011026,27,0.3,0.18961343856059173,1004
2023-11-27,3.225488468824837,13,0.10770030503534633,0.18586387680997146,1004
2023-11-28,3.2794799822538936,7,0.12991608825991957,0.18113990057187956,1004
2023-11-29,3.107103469345184,17,0.12765742810442965,0.17587233062242988,1004
2023-11-30,3.175754101079492,8,0.29906447653758944,0.17072211040604246,1004
2023-12-01,3.168024167406869,13,0.24794594737167217,0.16640725798923428,1004
2023-12-02,3.158615283820258,12,0.3,0.163402796066706,1004
2023-12-03,3.299448798263978,12,0.18299378794901294,0.16172120630346054,1004
2023-12-04,3.167121140513829,7,0.16336881016165553,0.16094508229024454,1004
2023-12-05,2.9595256725775148,10,0.27674736663174765,0.16053856780064774,1004
2023-12-06,3.1028051911352104,19,0.14879526547900032,0.16023065282264512,1004
2023-12-07,3.1922923096354743,8,0.19948817281295186,0.16018686652776531,1004
2023-12-08,3.1957144896942458,3,0.20976273052753133,0.16089549618793333,1004
2023-12-09,3.1948846078656534,15,0.244106003821259,0.16284724601629447,1004
2023-12-10,3.061479462849625,13,0.2404337653317468,0.16620229261578662,1004
2023-12-11,3.1786846749269686,6,0.19793298945273907,0.1706671154239599,1004
2023-12-12,3.2829086343583582,8,0.29452968607372676,0.17556187303821014,1004
2023-12-13,3.2216300308331087,8,0.20282419725406545,0.1800641230424001,1004
2023-12-14,3.2547703681712483,10,0.3,0.1834768340399769,1004
2023-12-15,3.1829031351596577,3,0.17389984634818134,0.185497178029546,1004
2023-12-16,3.166953604468995,19,0.3,0.18634212571732636,1004
2023-12-17,3.284506140650616,24,0.08678969974918913,0.18668136411923658,1004
2023-12-18,3.2233114593034937,11,0.3,0.18731365269420042,1004
2023-12-19,3.218215093178325,5,0.2028243847690828,0.1887882778287871,1004
2023-12-20,3.307260830232365,8,0.23735503625266618,0.1911556290204727,1004
2023-12-21,3.2189499688162,5,0.07375179202881607,0.1940207147583644,1004
2023-12-22,3.2735882416313946,6,0.2527735023942743,0.19681647718748566,1004
2023-12-23,3.1590011759920045,11,0.20419483447355485,0.19910080363610683,1004
2023-12-24,3.308046367881184,17,0.1815846495183389,0.20066714661248797,1004
2023-12-25,3.226775412294184,13,0.2457210063053729,0.20146733157992436,1004
2023-12-26,3.0663754233405,10,0.14991678744647352,0.20148397366373938,1004
2023-12-27,3.3117725358760395,8,0.23123616557474191,0.20066015591725717,1004
2023-12-28,3.209319066659123,24,0.23267304740465528,0.19892847586557896,1004
2023-12-29,3.280590823323406,8,0.3,0.19627247034040013,1004
2023-12-30,3.1631239850814867,15,0.3,0.19277552571987783,1004
2023-12-31,3.29109551799866,17,0.09072993885472697,0.18862035861049803,1004
2024-01-01,3.2448989489838502,15,0.20093709543170019,0.18410162853992051,1004
2024-01-02,3.2682547973566956,11,0.12139191983102461,0.17962601732361788,1004
2024-01-03,3.115935657306886,10,0.1634167385192822,0.17571101287739258,1004
2024-01-04,3.2154066434018858,12,0.16484614670273862,0.17296046802961862,1004
2024-01-05,3.1663675727798335,11,0.053496449150010436,0.17195557972678513,1004
2024-01-06,3.230947659014595,16,0.16619748028518308,0.17307878355719136,1004
2024-01-07,3.0656965730398995,14,0.18228161801186243,0.1763501656623886,1004
2024-01-08,3.268837145382234,3,0.16212562873949968,0.18134218694833348,1004
2024-01-09,3.4160108775418063,11,0.05,0.18721655299920748,1004
2024-01-10,3.242942563410943,15,0.3,0.19288527986618398,1004
2024-01-11,3.353397245937232,6,0.1391583862004632,0.1972413387676742,1004
2024-01-12,3.229751340180758,8,0.27176137196659905,0.19945843741637373,1004
2024-01-13,3.215143601971606,14,0.08770021765725597,0.19922099474591412,1004
2024-01-14,3.143854935323795,15,0.19909840806668483,0.19685233228422883,1004
2024-01-15,3.271452090178434,7,0.05,0.19318625370480513,1004
2024-01-16,3.2427122844831664,12,0.2154135182369631,0.189271922905498,1004
2024-01-17,3.146119573152993,16,0.21813713175914834,0.18600568170545645,1004
2024-01-18,3.301065162541263,5,0.23592840308565238,0.18388403073320214,1004
2024-01-19,3.214420867784444,16,0.2144056577112572,0.18292214406741072,1004
2024-01-20,3.131823380793109,14,0.12122180758479825,0.1827574005545063,1004
2024-01-21,3.081094203277479,17,0.0995289800332828,0.18286846966400946,1004
2024-01-22,3.2445182107129136,7,0.19330260456404133,0.1828641440576917,1004
2024-01-23,3.0860823030258704,7,0.1699175184354223,0.18269307195825446,1004
2024-01-24,3.16668673046595,11,0.06823842733825404,0.1826856764399648,1004
2024-01-25,3.34146008382208,5,0.3,0.18336740832592996,1004
2024-01-26,3.048662763953505,5,0.3,0.18507062338150002,1004
2024-01-27,3.1527253671255284,12,0.13973712507435537,0.1876011386508963,1004
2024-01-28,3.207838261065157,16,0.05,0.19016567380396077,1004
2024-01-29,3.2215927706795866,6,0.2258201378239678,0.19168010458181858,1004
2024-01-30,3.1261873420627904,11,0.1181687027495371,0.1913222126927229,1004
2024-01-31,3.224782979439268,17,0.09145424417727903,0.18900413505457087,1004
2024-02-01,3.121186295753698,8,0.3,0.18544425026402075,1004
2024-02-02,3.3109887575055423,11,0.06632032802155889,0.18182011862667224,1004
2024-02-03,3.2631361642108594,8,0.1938723497861874,0.1791880957968498,1004
2024-02-04,3.261160210583187,16,0.220588683320638,0.17803116062219132,1004
2024-02-05,3.1900859486350344,5,0.2133807154320033,0.17816718132790899,1004
2024-02-06,3.1687649683513324,7,0.2864009974224408,0.1789871775254232,1004
2024-02-07,3.229431578419497,12,0.20870599699030504,0.17984801922655966,1004
2024-02-08,3.197373665555442,8,0.1399435319680689,0.18036224937434403,1004
2024-02-09,3.302472688063008,8,0.1451453184319826,0.18051650530302552,1004
2024-02-10,3.300851981385744,14,0.12270358467458461,0.18061213716538793,1004
2024-02-11,3.216417184705983,19,0.3,0.18112598244874514,1004
2024-02-12,3.2940893272521934,14,0.21376987377521806,0.18259470939780542,1004
2024-02-13,3.306228831157664,8,0.24865618743515222,0.18546660109611302,1004
2024-02-14,3.2592450775100605,8,0.11616429335543278,0.189940692085741,1004
2024-02-15,3.3150167564105977,11,0.22406464241618804,0.1957941885543712,1004
2024-02-16,3.176090173341136,11,0.22623191555975142,0.20228613929991984,1004
2024-02-17,3.1460766196926313,17,0.08953014187546197,0.20829339011154532,1004
2024-02-18,3.376362195826437,14,0.3,0.2126259059115144,1004
2024-02-19,3.1111413277787925,12,0.12454162915267929,0.21442839607372402,1004
2024-02-20,3.151884369785132,10,0.19488954691089133,0.21345526680650206,1004
2024-02-21,3.214819651520987,10,0.3,0.21009147084241575,1004
2024-02-22,3.23102580583197,10,0.09646264283123694,0.20513361015694537,1004
2024-02-23,3.2897662395815503,14,0.3,0.19946623549463002,1004
2024-02-24,3.2266982910293733,6,0.1460361431249596,0.1937875514315051,1004
2024-02-25,3.263980870589901,15,0.13610128206809402,0.18849940176548538,1004
2024-02-26,3.113395715426524,3,0.26338578101942045,0.18373612960308927,1004
2024-02-27,3.1250085839762023,8,0.05219932390523204,0.17945001630567853,1004
2024-02-28,3.2709394302165515,6,0.3,0.17551516402904746,1004
2024-02-29,3.216911967533817,10,0.20775536965700553,0.1718045661779653,1004
2024-03-01,3.1716523229849933,6,0.1882331773718368,0.168278991728266,1004
2024-03-02,3.2424232267389166,15,0.3,0.16505339768130248,1004
2024-03-03,3.31386270167484,11,0.14380157336580185,0.16239101171303477,1004
2024-03-04,3.2891844928825615,7,0.2821299664922784,0.16058078766895278,1004
2024-03-05,3.2479532689930286,11,0.2634983004746857,0.1597561549881818,1004
2024-03-06,3.2101520021638095,12,0.1844979531313016,0.1597868256533752,1004
2024-03-07,3.1543291100417536,6,0.15914770017643365,0.1603353344512114,1004
2024-03-08,3.15890077306244,11,0.1577504796391183,0.16105781852942908,1004
2024-03-09,3.2930407004210247,16,0.1726083392916481,0.16183167326809625,1004
2024-03-10,3.2334214342437337,12,0.2113830909650313,0.16281533721250652,1004
2024-03-11,3.1260905049873546,7,0.19310202777381294,0.16432608161693987,1004
2024-03-12,3.3838488749331685,5,0.11554589025657427,0.16658119551046888,1004
2024-03-13,3.221398079029659,12,0.1266333740994516,0.16945857299461536,1004
2024-03-14,3.1814946619204822,11,0.28810051315184837,0.1724612906049935,1004
2024-03-15,3.2641263584048996,10,0.3,0.17491899078426568,1004
2024-03-16,3.1141525081862675,8,0.21556243067172934,0.17632827878541374,1004
2024-03-17,3.166546687527788,11,0.2005998470803841,0.1766012873947552,1004
2024-03-18,3.2650059221572025,10,0.12657299847002118,0.1760511268709855,1004
2024-03-19,3.2842749864319747,8,0.25408386237877006,0.17512969461845856,1004
2024-03-20,3.005130968987765,10,0.09131562321025322,0.174162330229816,1004
2024-03-21,3.1148984604850316,10,0.21213001975950593,0.17329594999429837,1004
2024-03-22,3.258999658077258,14,0.15840288243246028,0.1727095946626152,1004
2024-03-23,3.26902570884899,12,0.05,0.1728131536541939,1004
2024-03-24,3.1251945845406754,21,0.1411877054929809,0.17418553844948623,1004
2024-03-25,3.179323347895024,11,0.11286072239881592,0.17722810319528132,1004
2024-03-26,3.008159022991305,7,0.15871164258173617,0.1817595001588179,1004
2024-03-27,3.051717568775208,12,0.13955588713037168,0.18690542890582212,1004
2024-03-28,3.202862715101761,15,0.06892173819804724,0.19140296110903676,1004
2024-03-29,3.2327751599891017,17,0.05340567893377303,0.1941482249811311,1004
2024-03-30,3.160627177179282,14,0.1437612220373253,0.19462528491276587,1004
2024-03-31,3.2677836843284034,14,0.2164750187188958,0.19298888822337304,1004
2024-04-01,3.1378385942946414,12,0.2808408190731463,0.18983248910810668,1004
2024-04-02,3.219494436786045,12,0.17928502560463153,0.1858376303583677,1004
2024-04-03,3.4274422011951846,7,0.10243325901208523,0.1815482788334706,1004
2024-04-04,3.2891218762132857,16,0.1410780060584339,0.17731190086920515,1004
2024-04-05,3.1511671559326815,14,0.12806090060131772,0.17333862357673302,1004
2024-04-06,3.2541284632222607,14,0.20192260750223986,0.1697875785820724,1004
2024-04-07,3.077901581785735,12,0.29187286093753834,0.16682966945268818,1004
2024-04-08,3.185323319277131,8,0.3,0.16471507513998368,1004
2024-04-09,3.2849853180813873,11,0.19843172280330595,0.1637721609301908,1004
2024-04-10,3.178596894725251,14,0.09747434314152448,0.16432954375158185,1004
2024-04-11,3.2172779595078307,8,0.14824143913269958,0.166513133391015,1004
2024-04-12,3.024168377712327,15,0.16923935892219985,0.17008871424425073,1004
2024-04-13,3.219970543970366,15,0.08400175535914212,0.17445512383945627,1004
2024-04-14,3.175214346454514,19,0.17139237787803668,0.17885269909934604,1004
2024-04-15,3.283274659891279,6,0.23605167333892135,0.1826706995991464,1004
2024-04-16,3.3633781831904055,11,0.09657564386348595,0.18563710472400227,1004
2024-04-17,3.1480170828714935,7,0.09205929821409764,0.18780464685206966,1004
2024-04-18,3.159301407401254,8,0.14904637644358468,0.18933891191688892,1004
2024-04-19,3.1868881316404667,7,0.21943707022641593,0.19032722143455913,1004
2024-04-20,3.105146722285057,11,0.17265606187780227,0.19074488691896335,1004
2024-04-21,3.2834046896419435,20,0.3,0.19060582764115222,1004
2024-04-22,3.1064592166861527,7,0.06483792841965574,0.19013024331080547,1004
2024-04-23,3.047705410120812,19,0.18929749504822913,0.18980525862634265,1004
2024-04-24,3.1685645566272376,5,0.09486065501314933,0.19024121366684776,1004
2024-04-25,3.091066476729567,10,0.19334043107726478,0.19192282250381298,1004
2024-04-26,3.1943268755118535,11,0.2682861131621606,0.1949969013970937,1004
2024-04-27,3.269335443659235,14,0.18996322595149173,0.19917092822293087,1004
2024-04-28,3.2946959807045566,11,0.13705368405326102,0.20375632352841894,1004
2024-04-29,3.1891425207716924,6,0.3,0.20784655201222346,1004
2024-04-30,3.2034358489636303,5,0.22389778124528886,0.21057996557909994,1004
2024-05-01,3.1615421436379427,12,0.1432087491818493,0.2114239330299028,1004
2024-05-02,3.1731844156765274,11,0.22875460104780762,0.2103418720668897,1004
2024-05-03,3.1018649822903783,7,0.3,0.20774577757842994,1004
2024-05-04,3.2982738583396376,15,0.0806918165700068,0.20427463471486915,1004
2024-05-05,3.162153431101592,19,0.167447636277181,0.20051806870162348,1004
2024-05-06,3.165013995605161,10,0.23848483822643649,0.1968999386296393,1004
2024-05-07,3.268876426191242,12,0.13982230611650848,0.1937052269391547,1004
2024-05-08,3.1354407741019052,12,0.23897822080687173,0.1912300711189165,1004
2024-05-09,3.1803551373393018,16,0.1198324978953621,0.18983582685963551,1004
2024-05-10,3.1688221477906824,15,0.3,0.1898631930845008,1004
2024-05-11,3.214982299000827,15,0.1605901510214782,0.19140769771244648,1004
2024-05-12,3.064076786099409,16,0.23413554131154313,0.1941323229900581,1004
2024-05-13,3.129223743647777,9,0.3,0.19727242371935613,1004
2024-05-14,3.2107834945428873,6,0.22116483499826783,0.19987267484954818,1004
2024-05-15,3.315310069526878,12,0.1843194459799348,0.20116959033993465,1004
2024-05-16,3.1705221967490678,9,0.15596072254886395,0.2008875899519149,1004
2024-05-17,3.1565890729845756,14,0.267735702423515,0.1993077976849328,1004
2024-05-18,3.1743364873412756,23,0.24531164842652498,0.19709226223416523,1004
2024-05-19,3.2962556999793993,12,0.213874301525362,0.19503020266818333,1004
2024-05-20,3.198235480611141,12,0.2360870855637727,0.1938099503161743,1004
2024-05-21,3.2223428253710336,9,0.17109357660542182,0.19390365627319137,1004
2024-05-22,3.1802451474887943,9,0.11887319832858402,0.19551487550926047,1004
2024-05-23,3.2405751155570006,10,0.3,0.19854137123621918,1004
2024-05-24,3.098860546157911,7,0.15965361243831308,0.20254549897191637,1004
2024-05-25,3.0702779743962116,11,0.1228585568701463,0.2067690603566413,1004
2024-05-26,3.1151166818183276,11,0.09314557680484303,0.2102656010827253,1004
2024-05-27,3.150321185346516,7,0.25431548769857765,0.212157142784233,1004
2024-05-28,3.167760296068346,10,0.16971107183799183,0.21193584111331742,1004
2024-05-29,3.0105088095705246,9,0.240045304058867,0.20965277216146977,1004
2024-05-30,3.310457355736475,6,0.10987270078666811,0.20586646949865822,1004
2024-05-31,3.2730061478305843,7,0.16338231747087714,0.2013597694314055,1004
2024-06-01,3.217283621622986,15,0.05,0.19679395814975562,1004
2024-06-02,3.118994759220325,16,0.1781217840322786,0.1925018920936719,1004
2024-06-03,3.120365679926264,10,0.2243732886937113,0.1885493180197246,1004
2024-06-04,3.2399406898336673,11,0.1493724694490231,0.18492406937043304,1004
2024-06-05,3.259510437157784,6,0.22857237413368187,0.18173476858190585,1004
2024-06-06,3.1225464884245744,7,0.0959115918079612,0.17925774748201592,1004
2024-06-07,3.21847966248722,9,0.1374255466504183,0.1778492648853289,1004
2024-06-08,3.155595177810496,15,0.08610780995209524,0.17780346965016247,1004
2024-06-09,3.2268053550038887,24,0.08675053303834498,0.179194566514506,1004
2024-06-10,3.188940343815706,7,0.2954234837543185,0.18179098343838468,1004
2024-06-11,3.200038375321513,7,0.22544861910229735,0.1850810707814569,1004
2024-06-12,3.2310338108454455,15,0.26489010960064463,0.1884094900009061,1004
2024-06-13,3.2413530533795822,7,0.25891490446234133,0.19118283625646465,1004
2024-06-14,3.2106702119187127,9,0.3,0.19302082541620724,1004
2024-06-15,3.1681703777447394,19,0.3,0.1937899946602689,1004
2024-06-16,3.1724903145241914,18,0.09188018798620065,0.19351696664491042,1004
2024-06-17,3.1754082136575197,5,0.19080479898544306,0.19224485043961034,1004
2024-06-18,3.1929281528028763,5,0.16283616926407055,0.18993556030283754,1004
2024-06-19,3.418688180688097,10,0.16655752217366862,0.18651136017126055,1004
2024-06-20,3.3359265057768375,14,0.1882193180992471,0.18201516837055615,1004
2024-06-21,3.348361218485004,7,0.13703145011494172,0.17681565055068058,1004
2024-06-22,3.1227932723231877,14,0.3,0.17168043442390296,1004
2024-06-23,3.1757195667224214,12,0.11660072744069819,0.16762773091128785,1004
2024-06-24,3.2018856723906075,11,0.12943187673329778,0.16559681673433424,1004
2024-06-25,3.2802808030278454,12,0.26538262821297465,0.16606000087554823,1004
2024-06-26,3.2896247562803085,11,0.3,0.16879386476652009,1004
2024-06-27,3.266037154040638,9,0.17454573469620305,0.17288302478689255,1004
2024-06-28,3.2506433745850813,7,0.18171520905770247,0.1770059996550595,1004
2024-06-29,3.2260908877083794,7,0.154287360089143,0.17987322820915555,1004
2024-06-30,3.252554830651311,12,0.2904628011563653,0.18067223978427732,1004
2024-07-01,3.1324246622050254,7,0.12049975386178267,0.17933885422665546,1004
2024-07-02,3.265083964533815,9,0.1884038818714287,0.17657963850276653,1004
2024-07-03,3.195582819820263,9,0.2851475667801268,0.17359251783834373,1004
2024-07-04,3.0361687941245874,15,0.10996411725733461,0.17160284891274225,1004
2024-07-05,3.323587199216937,14,0.20814294745064027,0.17140808447715966,1004
2024-07-06,3.2665271448644764,11,0.1477490568679409,0.1730971974444648,1004
2024-07-07,3.3416646803571903,12,0.17528928490513165,0.17609767365971352,1004
2024-07-08,3.156675858471415,6,0.3,0.17947278659636967,1004
2024-07-09,3.297793847118238,11,0.24436024822678312,0.1823589492919226,1004
2024-07-10,3.170018780393459,6,0.27542064402260785,0.1842923145150069,1004
2024-07-11,3.226324847470805,14,0.20718840139758243,0.1852953493006175,1004
2024-07-12,3.350380925507769,11,0.29755993538792175,0.1856961183358774,1004
2024-07-13,3.122451964606315,14,0.3,0.1858215371816169,1004
2024-07-14,3.362541656866905,15,0.2302847604212656,0.18573994491798104,1004
2024-07-15,3.24800304236039,3,0.0918393975958035,0.1852480213339181,1004
2024-07-16,3.1669386743600363,11,0.14428098440704165,0.18409865627641792,1004
2024-07-17,3.0836554101767137,6,0.2010602427280331,0.18237473738718232,1004
2024-07-18,3.1469045452339777,10,0.22487336866721092,0.18070399169164655,1004
2024-07-19,3.195700084207173,5,0.2809800585200851,0.1800949033546134,1004
2024-07-20,3.11670349831816,16,0.14836637528402802,0.1814400222522139,1004
2024-07-21,3.217428665844917,11,0.08326849593390631,0.18493410228934393,1004
2024-07-22,3.237148591247045,10,0.1639044895684111,0.18980557098993422,1004
2024-07-23,3.1250418458158338,16,0.3,0.1945297302071968,1004
2024-07-24,3.1782663731440635,9,0.2914653316723912,0.19745213000140438,1004
2024-07-25,3.277980334807597,11,0.16283047201836276,0.19741587098548113,1004
2024-07-26,3.131685617493549,6,0.21869099334122227,0.1941428586263283,1004
2024-07-27,3.347090929211696,18,0.13814246225695578,0.1881994464477864,1004
2024-07-28,3.2240559679063607,9,0.3,0.1807427280023355,1004
2024-07-29,3.111084847893663,7,0.15845761224491708,0.17319479231019064,1004
2024-07-30,3.27929255767015,6,0.14216310977156082,0.16694294466371562,1004
2024-07-31,3.2995772126115357,15,0.27518295964290396,0.16310979673530096,1004
2024-08-01,3.0705111474564877,9,0.18343667690300347,0.1623302298633192,1004
2024-08-02,3.336852753274823,7,0.3,0.16462195698204618,1004
2024-08-03,3.1070644044476317,15,0.1397905184446148,0.16936589611160208,1004
2024-08-04,3.3470058609796762,20,0.3,0.17547679134084537,1004
2024-08-05,3.1688925346404613,5,0.05,0.18170624266689003,1004
2024-08-06,3.237437756067501,9,0.16173650214626537,0.1869803142123131,1004
2024-08-07,3.315192210352379,14,0.13286488172393687,0.1906299245051295,1004
2024-08-08,3.1825057463245394,10,0.17651717303705486,0.1924771060673316,1004
2024-08-09,3.1714009083951025,14,0.0890502954819894,0.19276164667771972,1004
2024-08-10,3.228115489416591,12,0.19476238278769228,0.19201076610716572,1004
2024-08-11,3.2363797093004067,19,0.18140688120070836,0.19085571201445548,1004
2024-08-12,3.0646208876464276,12,0.29319163679288784,0.18982983860960792,1004
2024-08-13,3.1485017898321597,5,0.3,0.18921999620099686,1004
2024-08-14,3.1888192653117358,14,0.12335940227585339,0.1890280203390255,1004
2024-08-15,3.302773509027165,2,0.2990340508981382,0.18912385802819823,1004
2024-08-16,3.1383315250935975,5,0.2065232387179587,0.18943859456158366,1004
2024-08-17,3.301815663822736,23,0.1333581162402027,0.19006069297831585,1004
2024-08-18,3.22496490914932,18,0.16232912412081474,0.19110094839418276,1004
2024-08-19,3.2886753022895214,6,0.2038847529218513,0.1924669652208223,1004
2024-08-20,3.132145307860705,11,0.20229986673765313,0.19372964354793099,1004
2024-08-21,3.3409246243073336,7,0.15795099564283765,0.19425481825631702,1004
2024-08-22,3.369085834171923,9,0.21961138731227964,0.1934500077307975,1004
2024-08-23,3.094046428306079,6,0.1875801126727142,0.1910400030381546,1004
2024-08-24,3.2623549617276675,20,0.08318270242501168,0.1871997023622849,1004
2024-08-25,3.1556605409819705,21,0.21152942351926174,0.18255651833194617,1004
2024-08-26,3.263835779385746,7,0.25727581008261097,0.1780534236958134,1004
2024-08-27,3.145518564722185,6,0.06558684951246711,0.17468539394557803,1004
2024-08-28,3.2688529747271144,10,0.21887576607328538,0.1731566195556645,1004
2024-08-29,3.2864031123091415,11,0.3,0.17359036074447803,1004
2024-08-30,3.130827040199165,14,0.3,0.17547116688980907,1004
2024-08-31,3.0661060429974945,14,0.09878233998823988,0.17788086901257436,1004
2024-09-01,3.155119472272676,21,0.1638987203005188,0.17994019485570478,1004
2024-09-02,3.236820360300478,7,0.2779093712330657,0.18117811167161973,1004
2024-09-03,3.30339772405962,7,0.08039838634022793,0.1816598673429702,1004
2024-09-04,3.3657315196882256,14,0.07492831092547274,0.18179360798000954,1004
2024-09-05,3.022754840819807,18,0.27842819707005745,0.1819998133444975,1004
2024-09-06,3.118425840518195,11,0.3,0.1824633650563631,1004
2024-09-07,3.125022295762867,14,0.2535913898038617,0.1830891305674823,1004
2024-09-08,3.1693163877387334,12,0.1188439397301251,0.18365117537037035,1004
2024-09-09,3.06131296091791,9,0.09983025320955957,0.18397718255579004,1004
2024-09-10,3.1458427383556877,20,0.09259576698401001,0.1840606960164522,1004
2024-09-11,3.127439253794866,7,0.2241503541832281,0.1840391312190956,1004
2024-09-12,3.1988887463811415,9,0.14512240825227732,0.1841171259480112,1004
2024-09-13,3.2217176288555973,15,0.19336827792924696,0.18448061897316698,1004
2024-09-14,3.1920166722298213,14,0.2001411561304598,0.18524422168112858,1004
2024-09-15,3.0951006645020294,18,0.3,0.18644417888822856,1004
2024-09-16,3.1632537084003656,5,0.1566625504439661,0.18804438982250912,1004
2024-09-17,3.1247668420565273,15,0.28614028468807495,0.18990917615611586,1004
2024-09-18,3.2109196689864135,12,0.06153928488638983,0.19176661995684144,1004
2024-09-19,3.2634410283197486,12,0.07316444185339294,0.1932276195664926,1004
2024-09-20,3.2033309295149373,7,0.26957260822685497,0.19390225723206922,1004
2024-09-21,3.152219338024264,14,0.21033623131457496,0.1935778050726503,1004
2024-09-22,3.1103262131354996,20,0.2755598855967089,0.19234665383232388,1004
2024-09-23,3.032345420215496,7,0.07822880349727925,0.19056189193714623,1004
2024-09-24,3.1673411261572766,11,0.1540022014809014,0.18868090630608297,1004
2024-09-25,3.219892751191511,7,0.15516540841995877,0.18709161127015456,1004
2024-09-26,3.2242845274253003,9,0.21711749726766702,0.1859980977048451,1004
2024-09-27,3.1355372914693715,14,0.2940340331993486,0.18541664509812078,1004
2024-09-28,3.0086693605759374,20,0.13510734826607523,0.18523697463162933,1004
2024-09-29,2.9680121971443643,11,0.17395179816345388,0.18535453033724258,1004
2024-09-30,3.241466650092075,12,0.19671846718623665,0.18575773056833553,1004
2024-10-01,3.2024381154586488,11,0.26067084841875754,0.18655928686067103,1004
2024-10-02,3.2499108120026596,16,0.21531208179054695,0.1879094494966307,1004
2024-10-03,3.171729098362198,15,0.1455143230761952,0.1898487438869669,1004
2024-10-04,3.197694041679507,9,0.3,0.19220969857311485,1004
2024-10-05,3.2419009425176015,18,0.15317458451504395,0.19463240533817525,1004
2024-10-06,3.3124120665995997,11,0.21055029061254854,0.19669473404656213,1004
2024-10-07,3.1446163485776917,14,0.12232529880746519,0.19806414743075376,1004
2024-10-08,3.385181403423155,11,0.14774238209070203,0.19858676298298644,1004
2024-10-09,3.0658563568759325,7,0.05935659092898112,0.1982800328745547,1004
2024-10-10,3.212452157267616,3,0.29689488597851194,0.19722669884806382,1004
2024-10-11,3.168586995590295,10,0.18853731489524392,0.19547768360633822,1004
2024-10-12,3.083471784364245,15,0.1543723658433308,0.19299000371713498,1004
2024-10-13,3.2019039526652064,19,0.26622880427178464,0.18968319285159982,1004
2024-10-14,3.2197852862299654,11,0.2236091728786616,0.18555851531299689,1004
2024-10-15,3.111049126025236,6,0.16159365271688206,0.18082208251786774,1004
2024-10-16,3.224602193042364,6,0.12528268957663488,0.1758888613006635,1004
2024-10-17,3.206451325327892,11,0.1623331835311384,0.17129198927907754,1004
2024-10-18,3.2724310238392866,9,0.3,0.16756639613628718,1004
2024-10-19,3.207637910279092,12,0.18177163336938165,0.16516185506122882,1004
2024-10-20,3.1146626130812436,12,0.14156571984867353,0.16442432681408306,1004
2024-10-21,3.1548624323206567,7,0.16929906236813522,0.16561771291891467,1004
2024-10-22,3.1899291110527837,10,0.15819226902007041,0.16887730336747148,1004
2024-10-23,3.299451897763316,10,0.15618304673392464,0.17409821638972403,1004
2024-10-24,3.1909498614733347,11,0.3,0.18086288686763313,1004
2024-10-25,3.281222296930628,16,0.06416761476149294,0.18858911208647772,1004
2024-10-26,3.179938138692903,15,0.07790222162572774,0.19684139434815842,1004
2024-10-27,3.1468505077127142,12,0.23118666815680616,0.2056563655821277,1004
2024-10-28,3.309571595640132,15,0.3,0.2155856990891322,1004
2024-10-29,3.0130840443958897,7,0.07327026569263098,0.22734509884626,1004
2024-10-30,3.014918133414007,9,0.20582556504811625,0.24129857396107968,1004
2024-10-31,3.262503254144688,6,0.17369347178794925,0.2570796518808227,1004
2024-11-01,3.0879783384294877,6,0.06773995472009917,0.27356452204612264,1004
2024-11-02,3.1094452477606374,7,0.08721997752992983,0.2891622419056587,1004
2024-11-03,3.1872271395218483,11,0.3,0.30216970799886106,1004
2024-11-04,3.26531060371083,16,0.15297765790830523,0.3111371942976419,1004
2024-11-05,3.2715202935545893,6,0.14113805963200193,0.31520665418874144,1004
2024-11-06,3.1510511244987285,11,0.3,0.3144238028842493,1004
2024-11-07,3.1774042604491375,11,0.14796711655835992,0.3098739826037239,1004
2024-11-08,3.260051332463295,14,0.3,0.3034193222301726,1004
2024-11-09,3.125641862220756,14,0.23400173126809312,0.2971015910655471,1004
2024-11-10,3.221634133146507,5,0.12609409994712162,0.29246372249519814,1004
2024-11-11,3.1687398367239332,11,0.3,0.29013149268320115,1004
2024-11-12,3.3107858537267685,7,0.22762591527377382,0.28991519203952587,1004
2024-11-13,3.2175414884106948,19,0.14099397723251456,0.29127689396923057,1004
2024-11-14,3.29444289583558,6,0.22261300082112065,0.2938191873180085,1004
2024-11-15,3.293767040866282,9,0.1660645897963782,0.29738239452424897,1004
2024-11-16,3.1545987981291863,12,0.2740876972372317,0.30172658424523713,1004
2024-11-17,3.149357426363777,18,0.18273249014804274,0.3061233798781163,1004
2024-11-18,3.1790262506700087,10,0.17446729779132472,0.3092911208006655,1004
2024-11-19,3.0759166965341693,12,0.14761184546908832,0.30987812293246453,1004
2024-11-20,3.148238387251612,6,0.0700984667640145,0.3072513133807794,1004
2024-11-21,3.219035300715236,15,0.15708240476696678,0.30210994896352406,1004
2024-11-22,3.264259637240912,5,0.21371780354576458,0.29646951186236864,1004
2024-11-23,3.2107658845804345,14,0.3,0.29297832718764627,1004
2024-11-24,3.155250010085246,15,0.3,0.2938012261919612,1004
2024-11-25,3.2046543185873952,11,0.10668184296967285,0.2995954758890902,1004
2024-11-26,3.2204643830189363,9,0.1418971455194539,0.30910712084303416,1004
2024-11-27,3.1335471910581223,15,0.06481245276757533,0.3195616148564992,1004
2024-11-28,3.153146252317195,11,0.3,0.327718245732582,1004
2024-11-29,3.1467038002337917,9,0.13854853453740937,0.33103721023505994,1004
2024-11-30,3.237434588506374,16,0.07647977986826902,0.3284411643610822,1004
2024-12-01,3.2476859987589997,7,0.28076770648471716,0.32045322683000116,1004
2024-12-02,3.2525600427240944,12,0.15204505829664366,0.3087675656068705,1004
2024-12-03,3.185638280864207,10,0.14658253573212793,0.2956738994115612,1004
2024-12-04,3.147547033405156,7,0.15513382747761847,0.2835022918446635,1004
2024-12-05,3.044346257962096,15,0.15551561367665417,0.2742344950489961,1004
2024-12-06,3.24379672484561,7,0.23739273832883515,0.2692058572734553,1004
2024-12-07,2.9298201726002615,14,0.20678737539047326,0.2688345563839817,1004
2024-12-08,3.119880487184847,14,0.06364178881307123,0.2724973193090346,1004
2024-12-09,3.1157086903397677,7,0.13835279656462435,0.2786305953373927,1004
2024-12-10,3.2736402174217725,5,0.28107989266332484,0.28514817523882074,1004
2024-12-11,3.247264736471363,9,0.07559267875707705,0.2900831848656965,1004
2024-12-12,3.1936136463705322,6,0.17932081667217545,0.2921982772100725,1004
2024-12-13,3.2817291257367316,12,0.1900130868128046,0.2913278132448469,1004
2024-12-14,3.204581237114348,22,0.20669320518756684,0.28830282523530437,1004
2024-12-15,3.168404930256966,18,0.1578862411031423,0.28450854557131344,1004
2024-12-16,3.1650398607163157,11,0.1609223190751075,0.2813142777980592,1004
2024-12-17,3.1672697581432074,14,0.3,0.2796808831642949,1004
2024-12-18,3.1501553953127828,16,0.1521442982517866,0.2800066419853545,1004
2024-12-19,3.179242526424531,12,0.19009159750399238,0.28225586956399745,1004
2024-12-20,3.2326112454046965,11,0.2755608835949839,0.2860803672179936,1004
2024-12-21,3.2079186150890617,18,0.12562925142233836,0.29083660515859217,1004
2024-12-22,3.2189622500439277,18,0.18413401473435595,0.29559826441612636,1004
2024-12-23,3.208576589913295,9,0.2803732838556861,0.29933099777645816,1004
2024-12-24,3.081973368446645,6,0.223254980570708,0.3012677056321952,1004
2024-12-25,3.1062994350093276,14,0.26951652399886855,0.30132983995010365,1004
2024-12-26,3.2216938447485166,9,0.09310281746399077,0.3001905731446962,1004
2024-12-27,3.1080852109793278,11,0.1709043131840454,0.2988930571161651,1004
2024-12-28,3.219878708635609,12,0.3,0.29824613540470796,1004
2024-12-29,3.183678593654888,14,0.3,0.29842379964241583,1004
2024-12-30,3.278540907482984,9,0.2441449818244549,0.29902117951601054,1004
2024-12-31,3.19443947057762,3,0.2982023031275101,0.2994673736340018,1004
2025-01-01,3.2679844821912223,7,0.1961262426898215,0.2994439854583093,1004
2025-01-02,3.2925327285663215,11,0.19939267958834375,0.2990424636822696,1004
2025-01-03,3.322919184010446,15,0.3,0.2986048571134324,1004
2025-01-04,3.278893923512893,7,0.3,0.29844479264358104,1004
2025-01-05,3.3249537854675455,18,0.2964654058034644,0.2986021335029028,1004
2025-01-06,3.1212097765810993,12,0.27767334106099556,0.2987979903046988,1004
2025-01-07,3.2518327164960517,11,0.24890887371219342,0.29860049922862775,1004
2025-01-08,3.1080527209668634,14,0.19520285256646394,0.29769572037920783,1004
2025-01-09,3.0916582603690164,11,0.1447088183242005,0.29618080756148085,1004
2025-01-10,3.197878174669143,9,0.2909297395695651,0.294595047116019,1004
2025-01-11,3.165720942694695,9,0.10357872486331252,0.29366303532947047,1004
2025-01-12,3.2208743079324775,16,0.2812454676759343,0.2939013679799465,1004
2025-01-13,3.065686093535831,3,0.20952995998742455,0.29527308369470556,1004
2025-01-14,3.2216743523546683,5,0.2616343970184036,0.29717986025284615,1004
2025-01-15,3.2263163459758175,16,0.13587333689001302,0.29869731740594196,1004
2025-01-16,3.193830196076931,7,0.0779321287375749,0.29894485516701774,1004
2025-01-17,3.1818273115472704,14,0.08220399406189763,0.29743046836326914,1004
2025-01-18,3.2004296659186546,15,0.3,0.29424607499575633,1004
2025-01-19,3.028821480080173,19,0.14622945125265324,0.29002814694074863,1004
2025-01-20,3.249167306764782,5,0.05240382806684698,0.2857491884579063,1004
2025-01-21,3.263332730743825,14,0.11833068438925698,0.28235065506473067,1004
2025-01-22,3.1577565596409127,5,0.19980517645245977,0.2804297742026915,1004
2025-01-23,3.223466876960622,12,0.29715669899761693,0.28014577791506645,1004
2025-01-24,3.1426158014281547,12,0.11914664039269939,0.2813167523292863,1004
2025-01-25,3.1552264298073385,14,0.19709902585224687,0.2836151115859302,1004
2025-01-26,3.1873609026996266,19,0.07370782564584939,0.2867032084581143,1004
2025-01-27,3.2244622995867904,11,0.13585168867429162,0.2902075195073538,1004
2025-01-28,3.2251705762537717,7,0.25021210723193704,0.2936352847450145,1004
2025-01-29,3.1119218260508283,16,0.3,0.2963563370313081,1004
2025-01-30,3.2223359009657258,11,0.16486818170799214,0.29775656643690346,1004
2025-01-31,3.324116194347485,12,0.09879318921233977,0.2974701308885993,1004
2025-02-01,3.1217068569260977,18,0.16827984194645448,0.2955432612600065,1004
2025-02-02,3.1922717096722444,14,0.18834197762970054,0.2924213547210883,1004
2025-02-03,3.2475922126072274,12,0.19726866637516924,0.2887114359568392,1004
2025-02-04,3.0790242498252476,10,0.1379127742090069,0.2849981785967903,1004
2025-02-05,3.291435851904112,9,0.11356846196875098,0.28181432642364,1004
2025-02-06,3.269399344464763,11,0.18385626851245115,0.27970539696626984,1004
2025-02-07,3.071671497916969,10,0.1760198824685913,0.2792327351486309,1004
2025-02-08,3.408247779089329,12,0.19913592766643995,0.2807905406396016,1004
2025-02-09,3.20879649341704,20,0.06070539693701943,0.2843702319864937,1004
2025-02-10,3.2227176510516573,10,0.194838473522336,0.28952170346270795,1004
2025-02-11,3.1829397309709515,7,0.3,0.29552986126800096,1004
2025-02-12,3.325559197658623,12,0.14840042775978418,0.301699307759702,1004
2025-02-13,3.2679247627667825,12,0.08182428832437491,0.3074672925336567,1004
2025-02-14,3.2597803275009865,15,0.05712072404507483,0.3123502767230787,1004
2025-02-15,3.215470453801028,14,0.05,0.3158718658009122,1004
2025-02-16,3.147701234018902,14,0.11319239728343979,0.3175923652017652,1004
2025-02-17,3.115884342171992,7,0.178912649703714,0.31726042482470046,1004
2025-02-18,3.2320721719464425,5,0.09980809036427098,0.31496590242997496,1004
2025-02-19,3.2441740145437854,12,0.2353496917421123,0.31118100169843377,1004
2025-02-20,3.241169152663441,10,0.2155205711789968,0.3067036272358047,1004
2025-02-21,3.1777986591779364,10,0.3,0.3025071279575182,1004
2025-02-22,3.2038883745291904,18,0.15550492014800424,0.2995115310742333,1004
2025-02-23,3.183340569738125,18,0.08359332571734358,0.298279135430737,1004
2025-02-24,3.204147836065975,5,0.23919878973502542,0.29885423632897123,1004
2025-02-25,3.1723870463459423,15,0.08969651512694204,0.30079664714560583,1004
2025-02-26,3.197789646564834,7,0.1490051495023462,0.3034447589206741,1004
2025-02-27,3.200922981492162,7,0.23489574828229554,0.3062289115395004,1004
2025-02-28,3.1256277811586615,9,0.12519591201998134,0.3087979096149487,1004
2025-03-01,3.095547943401848,19,0.0920159028820843,0.31097103936724235,1004
2025-03-02,3.231373294323104,14,0.24721369413599031,0.312633710946114,1004
2025-03-03,3.244345979834119,9,0.15021384607224844,0.3137490391346335,1004
2025-03-04,3.1901957433197974,19,0.18161420037316,0.31440297487987345,1004
2025-03-05,3.238234509515171,9,0.20600230973858843,0.3147689376346264,1004
2025-03-06,3.3075387684668143,20,0.2460825724627302,0.31493164005879015,1004
2025-03-07,3.29058453752594,10,0.18643691321330771,0.31468344713501817,1004
2025-03-08,3.3679754112376132,12,0.17907273550869918,0.3135456105299718,1004
2025-03-09,3.0815632729003015,25,0.1713338844353043,0.31100522877722414,1004
2025-03-10,3.22927446106215,6,0.1570696452709109,0.30689607065015134,1004
2025-03-11,3.3554482450753205,11,0.3,0.301633632374724,1004
2025-03-12,3.2786785123670055,10,0.06520319659608267,0.29620693178673746,1004
2025-03-13,3.1490513980606103,12,0.3,0.29187188130944514,1004
2025-03-14,3.286508126399267,16,0.0589222226085136,0.2896730647565169,1004
2025-03-15,3.0750258289515546,20,0.17856792990049475,0.28999874021341154,1004
2025-03-16,3.1906622308656813,11,0.2627525621353442,0.2923765289699446,1004
2025-03-17,3.2244562920899997,6,0.1889350766402355,0.29564589302098127,1004
2025-03-18,3.206732306115105,6,0.20291074548596597,0.29847856833807485,1004
2025-03-19,2.983650004015317,15,0.27058045840984685,0.2999846030215619,1004
2025-03-20,3.182957448097151,11,0.16072589483637065,0.3000994453631784,1004
2025-03-21,3.3116697656453242,7,0.1654453920010562,0.29950126885845524,1004
2025-03-22,3.1219055107282556,19,0.18016380740580434,0.2991828030769297,1004
2025-03-23,3.149784552323123,10,0.107135403330703,0.29988635065460906,1004
2025-03-24,3.2936650736802364,7,0.2718295572714935,0.3016911702139667,1004
2025-03-25,3.0667502355696197,15,0.09499955465192773,0.30397203289843433,1004
2025-03-26,3.10793676807727,9,0.2086331696915346,0.30569000445134553,1004
2025-03-27,3.2658773284454488,9,0.2010244135092941,0.3059361702359829,1004
2025-03-28,3.1914850063079774,15,0.21386539520466138,0.30442105874133285,1004
2025-03-29,3.276609748224887,23,0.3,0.30168645731390553,1004
2025-03-30,3.1325440573785412,9,0.10797321312196408,0.29891170545874557,1004
2025-03-31,3.2370265052169627,18,0.19972391037736806,0.29747689288063345,1004
2025-04-01,3.157453243133692,7,0.24746907625909384,0.29843107472997066,1004
2025-04-02,3.0602828628858063,7,0.11791985441373537,0.30214666109178256,1004
2025-04-03,3.194613581997325,15,0.19682227912627398,0.30822411685198614,1004
2025-04-04,3.1807803886737855,12,0.2244145636429285,0.31563607851839637,1004
2025-04-05,3.0967816721925874,12,0.11523488391351049,0.3230509697975461,1004
2025-04-06,3.1840570359816263,18,0.3,0.32920553423855864,1004
2025-04-07,3.179739363881603,11,0.3,0.3331964311101208,1004
2025-04-08,3.1387333268831994,10,0.3,0.33464749307159514,1004
2025-04-09,3.206513701058681,12,0.21720451882295636,0.3336998259028115,1004
2025-04-10,3.3071704326044786,22,0.22613456619175257,0.33089278481755585,1004
2025-04-11,3.3453149041497627,12,0.24336831571974663,0.3269328630040341,1004
2025-04-12,3.080369688056371,14,0.17691222132385623,0.3224317623605576,1004
2025-04-13,3.2506717438308845,7,0.18588996123818996,0.3177125189113859,1004
2025-04-14,3.230231818491289,6,0.3,0.3128610264367495,1004
2025-04-15,3.1551380870883423,9,0.17736277091770755,0.3079834652234723,1004
2025-04-16,3.17579950919306,11,0.16066674992494356,0.30349358106023105,1004
2025-04-17,3.2958515700730318,12,0.13283602521535887,0.30010404527035595,1004
2025-04-18,3.0633123949991186,9,0.11063133372249435,0.29843155068768834,1004
2025-04-19,3.286237693645878,19,0.24012793599107637,0.29842348084008163,1004
2025-04-20,3.18638950148511,9,0.215832832845308,0.29911354224739384,1004
2025-04-21,3.1501263432026883,11,0.06928019545906858,0.29898771301097343,1004
2025-04-22,3.0726995597478943,7,0.27905735623049455,0.2968383560787582,1004
2025-04-23,3.3125937661998806,7,0.19869146351598344,0.29251247149931847,1004
2025-04-24,3.2723202055527896,10,0.3,0.28705983322001233,1004
2025-04-25,3.163523778267292,11,0.26405110358358946,0.28217776570249486,1004
2025-04-26,3.275057917621197,20,0.1103121474660551,0.27934285522760166,1004
2025-04-27,3.142377133494043,19,0.2639035033240775,0.27910128595789946,1004
2025-04-28,3.2003772488409292,10,0.15948702864741018,0.28095226269803064,1004
2025-04-29,3.1177094882278777,7,0.2519541366347051,0.283768133368256,1004
2025-04-30,3.1264512188589806,11,0.3,0.2864674806878591,1004
2025-05-01,3.2047577852568696,12,0.08743421483589216,0.28854858625984037,1004
2025-05-02,3.1358693987724977,9,0.11576478972215376,0.2901984239085911,1004
2025-05-03,3.3314365314709264,19,0.18461518823504994,0.2920026112940032,1004
2025-05-04,3.221712779852988,24,0.1684167647706227,0.29450094685002765,1004
2025-05-05,3.015293935266083,11,0.19274516343193873,0.29793648880033785,1004
2025-05-06,3.1792166257092043,16,0.24872034712996516,0.30227882786353466,1004
2025-05-07,3.20100074453694,11,0.26549384070553284,0.3073737823661451,1004
2025-05-08,3.312681108087961,10,0.1985250643833446,0.3130062059654046,1004
2025-05-09,3.113889302955223,9,0.3,0.3188159142551745,1004
2025-05-10,3.1070249588957477,18,0.11519033367285518,0.32420861291881,1004
2025-05-11,3.2217713223453575,20,0.15930286222809042,0.328413031722629,1004
2025-05-12,3.1622234550854453,10,0.11434795832006614,0.3307270681487573,1004
2025-05-13,3.1484559354943533,12,0.2541099109348666,0.3308235660601358,1004
2025-05-14,3.09049122104189,14,0.1467434347899166,0.32891386123547023,1004
2025-05-15,3.2827168479263586,2,0.3,0.325703654299989,1004
2025-05-16,3.1018143925614323,9,0.22497707802360603,0.32214568925642406,1004
2025-05-17,3.089506789808646,9,0.3,0.3190955092851321,1004
2025-05-18,3.1700936977781606,16,0.16119231794279829,0.3170536096953164,1004
2025-05-19,3.13758916342336,10,0.3,0.3160208814339383,1004
2025-05-20,3.078646238835843,11,0.1603866182532712,0.3155396201257383,1004
2025-05-21,3.252946170313116,6,0.2630898420834043,0.31485991714981115,1004
2025-05-22,3.1999751604657525,5,0.05,0.3131933118304052,1004
2025-05-23,3.1042959487693262,10,0.16603550674433312,0.3100556040001012,1004
2025-05-24,3.209668949919369,12,0.1865995131058448,0.30555913762489073,1004
2025-05-25,3.336480403586129,15,0.19243432925111842,0.30049401283514215,1004
2025-05-26,3.400023855430882,7,0.12119045948191197,0.29606703541220825,1004
2025-05-27,3.218352453706245,7,0.15521184197810356,0.29340287178307684,1004
2025-05-28,3.0568326030419493,11,0.09477524253984632,0.29301596581841877,1004
2025-05-29,3.2792722997716415,10,0.11232333114073159,0.2945817833931592,1004
2025-05-30,3.148484792634919,11,0.2908188920562507,0.2970716637259915,1004
2025-05-31,3.218056465426412,19,0.05965954250140637,0.2992152648867741,1004
2025-06-01,3.2769019698253166,15,0.2542638561601493,0.3000607449862019,1004
2025-06-02,3.287341625809299,11,0.1983436551466979,0.2993831631222832,1004
2025-06-03,3.115337337404499,10,0.15328456916729455,0.297719702289217,1004
2025-06-04,3.2615470586984183,12,0.3,0.29605063506021995,1004
2025-06-05,3.2766707483695012,11,0.22598176374078405,0.29526510592806476,1004
2025-06-06,3.166980671788525,3,0.17864821253132307,0.2957111809266897,1004
2025-06-07,3.3420743008839104,18,0.19875265625848865,0.2970531828761386,1004
2025-06-08,3.168403334655734,15,0.12737121584229297,0.2984877290818965,1004
2025-06-09,3.119593200085503,14,0.12727987772555682,0.29912308289250644,1004
2025-06-10,3.2133678560201018,11,0.19948999406232196,0.2983619828248637,1004
2025-06-11,3.1694644905428686,6,0.3,0.2961587500534721,1004
2025-06-12,3.1150650703876566,15,0.2458542098055496,0.29309069083163675,1004
2025-06-13,3.3552757226842544,9,0.3,0.290213805810842,1004
2025-06-14,3.211976390168308,11,0.18738609451229454,0.28864072150908393,1004
2025-06-15,3.190734430305135,20,0.09370863315606676,0.2890101316747964,1004
2025-06-16,3.302955466474962,14,0.10945198119877263,0.2911360428383785,1004
2025-06-17,3.0246277742344594,10,0.24581804434546828,0.2940623500863122,1004
2025-06-18,3.2663240487171605,10,0.3,0.2965572358692032,1004
2025-06-19,3.1658517219103772,7,0.08638616823008927,0.29767385793491463,1004
2025-06-20,3.174323714211816,5,0.12700795089801778,0.2970686749396639,1004
2025-06-21,3.188050090678522,16,0.12435963838403523,0.29497280218087396,1004
2025-06-22,3.0894165636924082,15,0.3,0.29194138139448644,1004
2025-06-23,3.2170174166433405,11,0.1412638815107385,0.28856315487359974,1004
2025-06-24,3.2804411038442907,16,0.1438309284988691,0.28525272420266573,1004
2025-06-25,3.1802283930100104,16,0.15424615490477186,0.2821986289037814,1004
2025-06-26,3.1431101466386675,10,0.3,0.27949723196341786,1004
2025-06-27,3.41224329125908,10,0.2092159030236745,0.27735917197284715,1004
2025-06-28,3.1883117212046908,14,0.16702977328579963,0.27625573093157185,1004
2025-06-29,3.400674652049965,11,0.1586413260882054,0.27671514750114834,1004
2025-06-30,3.2320117048180883,9,0.13001059199732753,0.278916971800663,1004
2025-07-01,3.1673133510422895,7,0.17360101268422481,0.28235487760398026,1004
2025-07-02,3.229060752130151,12,0.24804996160827436,0.2859187191046881,1004
2025-07-03,3.1788479366279208,15,0.12711354551817589,0.28841736551293495,1004
2025-07-04,3.156757917296846,11,0.14338718565661243,0.28921305921730267,1004
2025-07-05,3.2074244511051875,15,0.13205215636992096,0.28847884218993947,1004
2025-07-06,3.0117018193815857,19,0.13804955603735858,0.28693799294772704,1004
2025-07-07,3.3683882404008694,7,0.05014691191442119,0.2853450896456511,1004
2025-07-08,3.1429478011020056,7,0.11990039545450179,0.2841482065342907,1004
2025-07-09,3.2418290056625905,9,0.3,0.2835285939322033,1004
2025-07-10,3.2056401018713765,14,0.23898737804371442,0.2836470715617059,1004
2025-07-11,3.201640496055792,12,0.12487443932439976,0.28475642534802764,1004
2025-07-12,3.221417636677405,20,0.27198745781215117,0.28701272107789155,1004
2025-07-13,3.1369580538494,15,0.14300350554806002,0.2901442789498825,1004
2025-07-14,3.1251907219408945,10,0.12110337111888841,0.29330252908621285,1004
2025-07-15,3.2199949393459306,12,0.1471977209389779,0.2952870840408066,1004
2025-07-16,3.1705737419798172,11,0.1923843469877333,0.2950224290621113,1004
2025-07-17,3.2828920113554103,10,0.22382373885801232,0.29209216400889215,1004
2025-07-18,3.1449914820098788,10,0.05,0.2870615297182978,1004
2025-07-19,3.158804441921821,24,0.22386979253990943,0.2814268355396463,1004
2025-07-20,3.2430639973789632,14,0.1908369166023235,0.27715223667146566,1004
2025-07-21,3.259576236733262,5,0.1721394583823856,0.2759138515540561,1004
2025-07-22,3.074561754187409,10,0.3,0.2783968011826772,1004
2025-07-23,3.2717118633302835,10,0.10644306412917398,0.2839855626142009,1004
2025-07-24,3.0940105608732673,12,0.05,0.2911251433118427,1004
2025-07-25,3.273314905455525,11,0.3,0.2980875797493703,1004
2025-07-26,3.0675831388821706,15,0.11410233951415241,0.3037837747033725,1004
2025-07-27,3.211695406821933,18,0.1888409711367324,0.30812335614238684,1004
2025-07-28,3.2263696008069216,9,0.19882249071810756,0.3117784735044178,1004
2025-07-29,3.2910912432425836,11,0.05,0.3155377289695893,1004
2025-07-30,3.3042246114682863,18,0.3,0.3197065187252158,1004
2025-07-31,3.09013328878429,5,0.2544981607298806,0.32388141666978953,1004
2025-08-01,3.275853902113384,9,0.3,0.3272708400623985,1004
2025-08-02,3.2687338222996414,19,0.09371879764579241,0.3292769003443913,1004
2025-08-03,3.162311256550567,16,0.3,0.32990986007828305,1004
2025-08-04,3.2069432166281873,7,0.05,0.32968989745606314,1004
2025-08-05,3.2016226318554897,15,0.2225211862520866,0.3291670245119088,1004
2025-08-06,3.2780183818555497,11,0.23635743803310755,0.32849280786507484,1004
2025-08-07,3.231428353235245,14,0.09562032748841907,0.32741007242247483,1004
2025-08-08,3.164458570289651,15,0.22484451875244846,0.325620261670559,1004
2025-08-09,3.1373022888149262,10,0.19048328102751505,0.3231136700274461,1004
2025-08-10,3.2045662384610294,23,0.21556513725371707,0.3201791257049812,1004
2025-08-11,3.2421506943356917,11,0.18474739735839762,0.3170693584522829,1004
2025-08-12,3.3282069930442733,11,0.3,0.313723035067044,1004
2025-08-13,3.157356160821804,5,0.3,0.3098488020375255,1004
2025-08-14,3.1557071646421946,10,0.1950447566673432,0.3052866584236262,1004
2025-08-15,3.1203672086242866,6,0.22838799480612754,0.30038674650646213,1004
2025-08-16,3.2913612059197783,11,0.17175964988605963,0.29609289200479894,1004
2025-08-17,3.2508626676042165,14,0.21876225551494283,0.2936535606099224,1004
2025-08-18,3.151964256057749,9,0.11657606892962241,0.29410293435956514,1004
2025-08-19,3.3375324448252877,7,0.10710593694689609,0.29778719049042557,1004
2025-08-20,3.0840227099868733,19,0.09533729640615006,0.30419098979249876,1004
2025-08-21,3.2870845524348815,9,0.1716705612323744,0.3122034749254082,1004
2025-08-22,3.1435549463004464,12,0.2620339139678721,0.3206083301210878,1004
2025-08-23,3.090023250007726,23,0.3,0.32849751245193337,1004
2025-08-24,3.2766739390735538,12,0.1997599246610195,0.33532045333483673,1004
2025-08-25,3.2082126017867747,18,0.08207590867602044,0.3406622937594278,1004
2025-08-26,3.171863641623592,12,0.26957508971683614,0.34396492894083464,1004
2025-08-27,3.2322311307521527,10,0.15400501969290614,0.3445253452596539,1004
2025-08-28,3.1119307699120053,3,0.15109373178323796,0.3417659105226851,1004
2025-08-29,3.272420803789756,12,0.07709188562930437,0.3356404930784663,1004
2025-08-30,3.186612862183011,25,0.3,0.32684165193126474,1004
2025-08-31,3.1763330675285153,20,0.07020915255261317,0.31672391895247576,1004
2025-09-01,3.2421573773200656,12,0.1254583018637479,0.3069198038228207,1004
2025-09-02,3.21822114813393,14,0.3,0.2988794039130141,1004
2025-09-03,3.225094024804777,11,0.10812943736081444,0.2935488451005353,1004
2025-09-04,3.243081518082957,12,0.1129930610329729,0.2912933774283478,1004
2025-09-05,3.3023381737050204,9,0.10596596096401378,0.29206089916380407,1004
2025-09-06,3.1619053300054945,15,0.11085992648328043,0.2955394539592112,1004
2025-09-07,3.198477306020994,14,0.3,0.30121827199009094,1004
2025-09-08,3.2005554610062616,6,0.15077714739532347,0.30836013568163734,1004
2025-09-09,3.089270544756702,10,0.17290623744017283,0.31599795833931266,1004
2025-09-10,3.2583248193678753,9,0.2370446533433729,0.32308058300838094,1004
2025-09-11,3.2220594961508047,6,0.13996489326241213,0.328688848893592,1004
2025-09-12,3.138481322434622,6,0.24693146954830641,0.33224565572800424,1004
2025-09-13,3.110470569941265,11,0.22748990727573082,0.33360640951499915,1004
2025-09-14,3.1787940139853275,14,0.1406008536100491,0.33299278355830064,1004
2025-09-15,3.242526935560426,9,0.12921189407629305,0.33080176407561346,1004
2025-09-16,3.15990552356998,14,0.14331743366368505,0.32741527705914325,1004
2025-09-17,3.261645463161976,19,0.09157473127763764,0.3231183268924135,1004
2025-09-18,3.3417115387840326,7,0.2681712125101087,0.31818050870821124,1004
2025-09-19,3.282318832951544,5,0.22337064982074858,0.31300264674566003,1004
2025-09-20,3.1035074368523836,12,0.11624335499048738,0.3081992067897138,1004
2025-09-21,3.215206365253175,11,0.18882676013437819,0.3044554153706486,1004
2025-09-22,3.2636712436373814,14,0.3,0.30230725655472124,1004
2025-09-23,3.2198302886240393,11,0.14756219601973755,0.3019005723653012,1004
2025-09-24,3.2182032945100336,7,0.0647996743795083,0.3029496750390822,1004
2025-09-25,3.1284689014189984,14,0.2607282603491169,0.30482282669340155,1004
2025-09-26,3.237901753837488,9,0.17480280722003882,0.30678030433527737,1004
2025-09-27,3.184243356049624,18,0.2479384517844727,0.3081803600623838,1004
2025-09-28,3.217267945988248,16,0.3,0.30862285106540616,1004
2025-09-29,3.247962090132323,6,0.09193937198714716,0.3079531079338818,1004
2025-09-30,3.1416890850088266,5,0.28415425956915596,0.3061688218719501,1004
2025-10-01,3.1892521566225063,14,0.13821839182600415,0.3033468162348978,1004
2025-10-02,3.211711656647905,6,0.2464370819969428,0.29959883069897064,1004
2025-10-03,3.240212385174005,9,0.13206178144448869,0.2951681221201192,1004
2025-10-04,3.123586055793534,20,0.3,0.29051481195267626,1004
2025-10-05,3.150700242630244,19,0.09741317484358564,0.2863792653196504,1004
2025-10-06,3.181537800676371,10,0.2165070114624681,0.2837083666589203,1004
2025-10-07,3.1467037086860836,11,0.19252289709239642,0.28334737696572304,1004
2025-10-08,3.1682880250303036,14,0.23790233869372293,0.2856222397914695,1004
2025-10-09,3.2186235985565377,6,0.22874415923469674,0.2899800933244509,1004
2025-10-10,3.2034237822288447,7,0.14090390642021106,0.29504124178759206,1004
2025-10-11,3.2153508362549292,15,0.23525258531940674,0.2991278991490359,1004
2025-10-12,3.161073129668077,10,0.1234219510313599,0.3010535319808918,1004
2025-10-13,3.2221246699382795,6,0.1433512625226769,0.3007318131859764,1004
2025-10-14,3.292430602645639,6,0.2872635930534357,0.29917649000045654,1004
2025-10-15,3.257708279384219,10,0.11759128527341102,0.29796944374854506,1004
2025-10-16,3.358987971573552,9,0.19646451369942244,0.29843474825025873,1004
2025-10-17,3.159728492979897,3,0.3,0.300993045679274,1004
2025-10-18,3.150523855934983,3,0.2021917523225749,0.3050322851195635,1004
2025-10-19,3.199337237669565,19,0.12742195894793606,0.30928405816504306,1004
2025-10-20,3.2198574436890763,14,0.3,0.31249306248399417,1004
2025-10-21,3.2347537398909294,9,0.23969948013897766,0.31400001516242526,1004
2025-10-22,3.186045182912957,14,0.17676971539175138,0.31396685533625196,1004
2025-10-23,3.344259280765381,10,0.2097379828016447,0.31317815437779517,1004
2025-10-24,3.3088946895755167,14,0.13742555422585112,0.31255352936564973,1004
2025-10-25,3.207511693921943,16,0.23196230912225987,0.31259220762890755,1004
2025-10-26,3.2001088346482782,10,0.24906133048678644,0.31306019778683697,1004
2025-10-27,3.343879692896707,12,0.2868511920439963,0.3130842730069149,1004
2025-10-28,3.1692172698117713,7,0.3,0.31162466070833705,1004
2025-10-29,3.143996497175849,7,0.11953893005491069,0.3081452414445843,1004
2025-10-30,3.1532605928126105,9,0.09592675510421474,0.3030312092787508,1004
2025-10-31,3.183908358055315,7,0.24016237844161997,0.2975581883039668,1004
2025-11-01,3.2113623597796153,15,0.2818428085560504,0.29340381064733867,1004
2025-11-02,3.131272481198769,12,0.1683858199779328,0.2919037256981599,1004
2025-11-03,3.1728739227804024,5,0.14868000294210204,0.29348206055307435,1004
2025-11-04,3.190169632068588,7,0.2058038943683141,0.2973989315408605,1004
2025-11-05,3.3209569546561384,12,0.10820129532035808,0.3020277238352364,1004
2025-11-06,3.0271402245161343,7,0.11635787706851917,0.30548421959257327,1004
2025-11-07,3.292177892956323,7,0.22428987811153503,0.30641532653620274,1004
2025-11-08,3.2119319472522947,10,0.0608690129010074,0.304590165472382,1004
2025-11-09,3.2447065119322454,19,0.1776779298207307,0.300893632117356,1004
2025-11-10,3.3046002758554947,11,0.13780572578229713,0.2968125991779221,1004
2025-11-11,3.143763462247025,11,0.09790465450549093,0.2935611962560678,1004
2025-11-12,3.1480339934026556,9,0.1133151715150063,0.29148851165714673,1004
2025-11-13,3.1666742242153663,5,0.17450371026551856,0.290055356077884,1004
2025-11-14,3.2637734864434877,6,0.05,0.28837829302768214,1004
2025-11-15,3.2477865385212703,20,0.3,0.28593688912446064,1004
2025-11-16,3.131599998500697,16,0.20266771246997273,0.28294279828445845,1004
2025-11-17,3.165329124733302,10,0.22062325459534515,0.28016395889466883,1004
2025-11-18,3.155936327899488,6,0.19310861121015277,0.27839252576162493,1004
2025-11-19,3.1919005326761645,10,0.27652694983507414,0.2779501007213522,1004
2025-11-20,3.296913401376713,3,0.20988225950827613,0.2785585506996497,1004
2025-11-21,3.216257599265483,10,0.16710683825949196,0.2796445414609546,1004
2025-11-22,3.0896981195951585,18,0.15868633511918004,0.2807631221045269,1004
2025-11-23,3.0925592507576476,18,0.2516375420415705,0.28186605022019834,1004
2025-11-24,3.153036462356199,7,0.12793281467248327,0.2832638364924698,1004
2025-11-25,3.216818355680168,10,0.2973266464413931,0.28532852204916204,1004
2025-11-26,3.192085859462908,10,0.09245992249734876,0.2881885764288289,1004
2025-11-27,3.1965863310231724,7,0.1319010261507205,0.29162556268951223,1004
2025-11-28,3.1638355116331867,1,0.3,0.2951572011285314,1004
2025-11-29,3.275508412725188,7,0.17515809542419558,0.2983151086236335,1004
2025-11-30,3.253167132090267,20,0.24178443010366302,0.30081578223835104,1004
2025-12-01,3.1461351857747415,7,0.05275262894885332,0.30263496499073367,1004
2025-12-02,3.063569757139878,7,0.3,0.3038606841051283,1004
2025-12-03,3.1127423697312815,12,0.21301127233953795,0.3044861772772603,1004
2025-12-04,3.169997530458599,14,0.25847888691889137,0.3043527192582882,1004
2025-12-05,3.271627904863355,10,0.1330491144559743,0.30327196006476204,1004
2025-12-06,3.141968834576127,20,0.2684666357722913,0.3013073051892646,1004
2025-12-07,3.2048298061709266,19,0.3,0.2988914703945517,1004
2025-12-08,3.184017001038679,6,0.13308738092586184,0.29672052918924674,1004
2025-12-09,3.2329061784163096,11,0.2585137673080486,0.29545996661641516,1004
2025-12-10,3.257321187365568,7,0.2757407794824702,0.29545649489989506,1004
2025-12-11,3.191487440978795,19,0.1724696968448898,0.29663192964980356,1004
2025-12-12,3.263549902068578,11,0.23356943033502425,0.29847165707728585,1004
2025-12-13,3.332118245455206,24,0.18020048331996544,0.30007547255640615,1004
2025-12-14,3.1325647983118508,25,0.3,0.30029293813300717,1004
2025-12-15,3.2480754924764024,14,0.16225599808912916,0.29800212160118317,1004
2025-12-16,3.243992035615042,7,0.25142555330993455,0.292568363015106,1004
2025-12-17,3.216508049195549,11,0.2978125859704104,0.2842514522382915,1004
2025-12-18,2.980024535558213,7,0.1388901365085124,0.2742633292589196,1004
2025-12-19,3.1753040206164544,3,0.2283886333066529,0.2644229798510602,1004
2025-12-20,3.2167210449690695,16,0.2950087733845302,0.25662280036108004,1004
2025-12-21,3.2861252159622336,14,0.18546985964128146,0.2523554753000443,1004
2025-12-22,3.2290818164738626,14,0.2445884380885672,0.2524439105980882,1004
2025-12-23,3.2497265392823595,5,0.17374800959572434,0.2569026065803903,1004
2025-12-24,3.072174620314093,15,0.06812312859346469,0.2648139849493307,1004
2025-12-25,3.2445905043033196,19,0.05,0.2744034403339714,1004
2025-12-26,3.218818656758398,10,0.2023983313132724,0.2833652245581239,1004
2025-12-27,3.297116232516159,14,0.20512850015374268,0.2895508943685202,1004
2025-12-28,3.23458724409487,11,0.11256671244747053,0.29170363249780534,1004
2025-12-29,3.340542681756516,12,0.06225225960424189,0.28989243892807526,1004
2025-12-30,3.0778368786781756,10,0.16032719747646207,0.2853973052945875,1004
2025-12-31,3.154681366911439,7,0.25852208317336517,0.2801488798951298,1004
2026-01-01,3.2467360361360176,10,0.08739048162829163,0.27602078453421003,1004
2026-01-02,3.22798404530194,11,0.3,0.2743300849934133,1004
2026-01-03,3.0996860575481193,24,0.17780523374676743,0.2756557429395488,1004
2026-01-04,2.9866373318061523,14,0.09175931598114659,0.2799114894829176,1004
2026-01-05,3.1723737733007678,9,0.245518030818838,0.2865142303284476,1004
2026-01-06,3.2279514586718454,11,0.3,0.29450798378087845,1004
2026-01-07,3.135780215249119,11,0.15467366331412657,0.30267020253733257,1004
2026-01-08,3.227599063570844,10,0.2398487669257814,0.3096686432227606,1004
2026-01-09,3.372052260896039,3,0.25072536508857995,0.3143235639970709,1004
2026-01-10,3.175330099959541,16,0.10332159854027168,0.3158587074176272,1004
2026-01-11,3.175196603767708,11,0.2028052066924259,0.3140321741028308,1004
2026-01-12,3.30253176871403,9,0.25047219925886266,0.30910283078164374,1004
2026-01-13,3.211510654130265,10,0.3,0.3016816195281955,1004
2026-01-14,3.3050933215539002,3,0.20258389387167602,0.2926196112862987,1004
2026-01-15,3.0684712280201896,11,0.1630211445788132,0.2830032445679327,1004
2026-01-16,3.251861397014384,15,0.25091575954938417,0.27418545307760445,1004
2026-01-17,3.2065576299435805,19,0.11825734689128006,0.2677155514498639,1004
2026-01-18,3.3326794481413478,14,0.12399158371779592,0.2650657740193766,1004
2026-01-19,3.16108232779903,7,0.1947174127236066,0.2671796448858357,1004
2026-01-20,3.168151266645943,7,0.24844073729147165,0.2740278504030905,1004
2026-01-21,3.167941223842155,11,0.12459481461305978,0.2844026955825147,1004
2026-01-22,3.1828729130943936,7,0.262755144625117,0.29610331558162184,1004
2026-01-23,3.1821764713878284,10,0.24481587664137064,0.3065599710053951,1004
2026-01-24,3.3136867977668203,14,0.2649079305938616,0.3136679376857813,1004
2026-01-25,3.3842432896671175,10,0.27133922515880526,0.31644321864486297,1004
2026-01-26,3.3477369056505424,12,0.3,0.315235244545425,1004
2026-01-27,3.1818530739584814,10,0.081908077910714,0.3113472111313732,1004
2026-01-28,3.2278372012753294,6,0.2211363646446195,0.3063238777245759,1004
2026-01-29,3.1667321632329846,11,0.20270492370910595,0.30126539089144433,1004
2026-01-30,3.1703137450800103,10,0.12329746740916338,0.29652818789474855,1004
2026-01-31,3.1864946688440763,20,0.3,0.29189166490256496,1004
2026-02-01,3.131886551279426,20,0.24717568482479016,0.2869952021136002,1004
2026-02-02,3.1769537292236483,11,0.23611209859511806,0.2817765311625688,1004
2026-02-03,3.1727943777386836,7,0.12988980205859496,0.27664144152691733,1004
2026-02-04,3.1961481725369074,14,0.16151418368672332,0.27232888904638924,1004
2026-02-05,3.1489135257833696,14,0.1659680744317009,0.26953860679066916,1004
2026-02-06,3.1559885881917977,9,0.282257323698201,0.2685364819743722,1004
2026-02-07,3.1923114270989936,16,0.1933157778890249,0.2690480378645133,1004
2026-02-08,3.3436158040023294,9,0.1594255493797674,0.270544109874269,1004
2026-02-09,3.2155134796107916,6,0.1465028741336757,0.272796649547017,1004
2026-02-10,3.157270892613414,12,0.06828781467667676,0.2762647730009383,1004
2026-02-11,3.0754383629906905,7,0.14795928551139037,0.2819484401453951,1004
2026-02-12,3.101192037142089,14,0.2829338787227356,0.2906801217940194,1004
2026-02-13,3.220158160590393,12,0.3,0.30227133696991987,1004
2026-02-14,3.1772488103746723,15,0.10674683097794259,0.3151729291444598,1004
2026-02-15,3.1426482657548345,24,0.17521885326939055,0.32690554025662205,1004
2026-02-16,3.082287991547889,6,0.24122909259430553,0.33503571161877543,1004
2026-02-17,3.249821767989434,6,0.1605436141521754,0.33813011465816417,1004
2026-02-18,3.1059828293773113,14,0.18221068273164884,0.33619344383315364,1004
2026-02-19,3.1045449362058455,10,0.24652184597496826,0.3304929213573726,1004
2026-02-20,3.1801541624900422,7,0.2586124035501178,0.3229475757273928,1004
2026-02-21,3.2656800253255303,7,0.16073024013510046,0.31544596206213543,1004
2026-02-22,3.0958676091221062,28,0.06781989912215469,0.30932259503331855,1004
2026-02-23,3.170413001626486,6,0.21121620333935004,0.3051458766117576,1004
2026-02-24,3.231867055928405,9,0.18504928458536307,0.30279937809210467,1004
2026-02-25,3.199324092741423,2,0.28105831615900584,0.30176146490704303,1004
2026-02-26,3.249997348994238,9,0.14156054917244945,0.3014308757782661,1004
2026-02-27,3.2526530239187563,11,0.2134620839071007,0.3013736826651537,1004
2026-02-28,3.2643013609080738,15,0.1844603690353318,0.3014377374347243,1004
2026-03-01,3.2325404374057523,14,0.3,0.30168337956649827,1004
2026-03-02,3.2876688875570514,5,0.15384123340763342,0.3022653163595946,1004
2026-03-03,3.218051868151053,3,0.12266559288353215,0.3032313029911394,1004
2026-03-04,3.34801127801593,6,0.28285046215869675,0.30440469878784393,1004
2026-03-05,3.246617634524931,10,0.1575983481745891,0.3053938878747148,1004
2026-03-06,3.159200165340204,9,0.3,0.3057476122419731,1004
2026-03-07,3.185131620271442,16,0.20618347994003414,0.30518351030292834,1004
2026-03-08,3.3469193299835562,15,0.3,0.3037012202781155,1004
2026-03-09,3.1509028056242316,6,0.10881430605277659,0.3015508309276701,1004
2026-03-10,3.0555357443313578,6,0.21383348741291597,0.299082107149904,1004
2026-03-11,3.143440914603536,15,0.25090073986669537,0.29660049406121514,1004
2026-03-12,3.187648586189841,7,0.3,0.2943234425742987,1004
2026-03-13,3.1634561394786824,9,0.2494147660216136,0.2924471872591799,1004
2026-03-14,3.330757687672194,9,0.16891677811627573,0.2911384893335453,1004
2026-03-15,3.197414541963512,18,0.17279289934364186,0.2904733244514326,1004
2026-03-16,3.222021545116708,11,0.2622643317482819,0.2902779556669193,1004
2026-03-17,3.1424952079607613,10,0.2083065403553801,0.29011577079690365,1004
2026-03-18,3.190129847996383,16,0.16015596219316672,0.28952202626724904,1004
2026-03-19,3.224484740537674,12,0.3,0.28839404733165086,1004
2026-03-20,3.172754554421461,10,0.13680300343302962,0.28717862884410195,1004
2026-03-21,3.231259758601491,12,0.27238986605274584,0.2866127735519456,1004
2026-03-22,2.928388304963665,11,0.3,0.2871721213101964,1004
2026-03-23,2.9880603226779443,7,0.1539710692257093,0.2886883785233299,1004
2026-03-24,3.1988608278625796,12,0.22584692925409355,0.29042779814659136,1004
2026-03-25,3.2696698121571934,10,0.3,0.29162003174510703,1004
2026-03-26,3.2716619804795304,12,0.17102142041072202,0.2919533866115471,1004
2026-03-27,3.122557008199851,5,0.11013080825252484,0.29165375272602423,1004
2026-03-28,3.207445987042919,18,0.3,0.2912057834124242,1004
2026-03-29,3.293885284586751,19,0.14064195045627997,0.29093323133459326,1004
2026-03-30,3.014407363443821,6,0.15031378418368765,0.2908425150549742,1004
2026-03-31,3.3271177452295144,7,0.15173587601770572,0.29066222425822036,1004
2026-04-01,3.199888455126277,11,0.09796184631386136,0.2900278829874489,1004
2026-04-02,3.2518098565770273,11,0.21516182905389383,0.2886380378959235,1004
2026-04-03,3.1883607436518666,12,0.21293418053922053,0.2863897643494765,1004
2026-04-04,3.160222459739003,6,0.3,0.2835166128928378,1004
2026-04-05,3.1338056496972784,11,0.05310456909094907,0.28059151483888234,1004
2026-04-06,3.199883043237992,6,0.2534956198373489,0.27837171790619336,1004
2026-04-07,3.204639605783878,10,0.05051753415011916,0.2774747713771257,1004
2026-04-08,3.1134657450733325,12,0.14557660253124236,0.2781685671970556,1004
2026-04-09,3.191418983412216,6,0.22611510983784802,0.2803805504943746,1004
2026-04-10,3.1908807036409366,7,0.28475720015052963,0.2839181345263355,1004
2026-04-11,3.268991953242576,14,0.3,0.2886385193923285,1004
2026-04-12,3.2956231742695565,14,0.29271567812889615,0.2943759774065338,1004
2026-04-13,3.277596785336544,2,0.3,0.3006915051600284,1004
2026-04-14,3.46966177367596,9,0.08417439881034536,0.3067619807968899,1004
2026-04-15,3.0453291471049755,10,0.27693741325636034,0.3116383402206644,1004
2026-04-16,3.108069518609022,11,0.1281313295627133,0.3147244012786007,1004
2026-04-17,3.180860528752349,14,0.3,0.3160868907366604,1004
2026-04-18,3.208770305917453,19,0.29059894506817646,0.3163990371061348,1004
2026-04-19,3.2530640476960824,11,0.3,0.316478432433573,1004
2026-04-20,3.1485302447087067,14,0.2633361285570125,0.3168516992528556,1004
2026-04-21,3.1892923145272243,11,0.1815944495830134,0.3175848150771977,1004
2026-04-22,3.2763325953653846,7,0.10678775676669144,0.31843202402092863,1004
2026-04-23,3.2420318878073724,11,0.13351694050278043,0.31910448062776703,1004
2026-04-24,3.1041538684361645,12,0.3,0.3194481689539559,1004
2026-04-25,3.25845211703816,11,0.12860929263799337,0.31947024829919585,1004
2026-04-26,3.147017929860492,7,0.2676430076440154,0.31920614237364925,1004
2026-04-27,3.2950391476273055,10,0.3,0.3185792399708413,1004
2026-04-28,3.231006383086778,3,0.1738378850713909,0.31733358695608566,1004
2026-04-29,3.148166236696394,10,0.15690550555184046,0.315088796127967,1004
2026-04-30,3.1450624424175926,15,0.2653220068412621,0.3115922970376228,1004
2026-05-01,3.3259519205001347,11,0.3,0.3070153407745267,1004
2026-05-02,3.1355329230503712,20,0.22350058447568058,0.3021557088431758,1004
2026-05-03,3.0403096022013543,18,0.24290115195434317,0.29827491031701275,1004
2026-05-04,3.242255560061436,12,0.21185200664258108,0.29665508748003117,1004
2026-05-05,3.309043311108475,16,0.1454145112402805,0.29804169363778,1004
2026-05-06,3.1755732590992105,9,0.11158073950619024,0.30225860780719627,1004
2026-05-07,3.217152210304505,14,0.07801665961382194,0.30821241033076247,1004
2026-05-08,3.1821995189178347,7,0.1252097498908346,0.31422614763133055,1004
2026-05-09,3.126056632123626,18,0.3,0.31855937632047343,1004
2026-05-10,3.1037601993704858,25,0.08482382091397793,0.3199255192347426,1004
2026-05-11,3.223981671265969,11,0.17850833955988213,0.3178916022305925,1004
2026-05-12,3.378708312870526,9,0.2584995858845263,0.31302467542664325,1004
2026-05-13,3.1423975451131225,15,0.15654111992179792,0.30667445453161213,1004
2026-05-14,3.1591561724223505,7,0.2123808010743735,0.3004483652027645,1004
2026-05-15,3.1561520853027676,18,0.15837256410504794,0.2956139141491445,1004
2026-05-16,3.222652227656818,15,0.11500076100545041,0.2927058917508544,1004
2026-05-17,3.1072162260242298,16,0.3,0.2915367627880809,1004
2026-05-18,3.1972830273790036,11,0.18434003508389202,0.2914965502333598,1004
2026-05-19,3.3034205024621595,9,0.14889697414501496,0.2918560470424825,1004
2026-05-20,3.219975691141093,3,0.11205633652654653,0.2919892067934789,1004
2026-05-21,3.1074733684140274,7,0.2055642135985393,0.2914683099124727,1004
2026-05-22,3.180274264211974,15,0.16404818252140851,0.2901788328069756,1004
2026-05-23,3.3160787984336633,15,0.2362314022539445,0.28837581555673936,1004
2026-05-24,3.4059313536957982,14,0.09695733235853499,0.2866213581579986,1004
2026-05-25,3.1118426084102997,6,0.2780929423142925,0.2855680377212505,1004
2026-05-26,3.1909640739254677,5,0.255814123673022,0.285747649548927,1004
2026-05-27,3.3231939113002666,3,0.2919407808869757,0.2875076300213417,1004
2026-05-28,3.152100674990033,7,0.15190773888508402,0.291092090311593,1004
2026-05-29,3.181326990263114,10,0.22568523954282652,0.2966285203084873,1004
2026-05-30,3.2565491329896004,14,0.13123826461629667,0.3039783567249431,1004
2026-05-31,3.1060658936250563,11,0.21953195101761122,0.31251699982013914,1004
2026-06-01,3.072184828632288,9,0.09252907201802056,0.32106640694332883,1004
2026-06-02,3.1264971360245126,9,0.26597607334550416,0.3281746676089238,1004
2026-06-03,3.0753166814153916,7,0.273577465527806,0.3326583171006094,1004
2026-06-04,3.1476524222408377,9,0.13244931452646966,0.3340774246221838,1004
2026-06-05,3.3891320879710936,18,0.10094055014754588,0.3328815013527778,1004
2026-06-06,3.248520164077291,15,0.08846767113696678,0.3301259441342453,1004
2026-06-07,3.220069159928832,14,0.3,0.32693993486016454,1004
2026-06-08,3.2694032204340155,7,0.17006483566444539,0.32404915365968545,1004
2026-06-09,3.326298063842841,6,0.12019571516623237,0.3215916063281645,1004
2026-06-10,3.0940931104051965,15,0.0734367186856438,0.31928648974515583,1004
2026-06-11,3.1126076135767065,15,0.18351414392499377,0.3167436157610596,1004
2026-06-12,3.1672701355434434,6,0.12946592175844776,0.31371654577137953,1004
2026-06-13,3.2205240118830316,12,0.2008558799064229,0.3102331262457158,1004
2026-06-14,3.1758140431750137,10,0.3,0.3065819191204202,1004
2026-06-15,3.293417612744688,9,0.15674552908497252,0.3033066541765399,1004
2026-06-16,3.1657332816722827,10,0.2923540747121283,0.3010678507390777,1004
2026-06-17,3.2139277107621917,10,0.20717803463045706,0.3004125364209148,1004
2026-06-18,3.2618287370810983,16,0.2793925361777437,0.30147641203692155,1004
2026-06-19,3.3903598389030494,11,0.27127547911794614,0.3038285095540756,1004
2026-06-20,3.2086704822154513,14,0.07844223011872253,0.3066159766731609,1004
2026-06-21,3.1524394377347544,24,0.07193235857479544,0.30897390679907144,1004
2026-06-22,3.1810195675552926,9,0.1714037847669214,0.31047196129320903,1004
2026-06-23,2.9643580064580357,7,0.18472640714856037,0.3112949245616533,1004
2026-06-24,3.2095759929733934,15,0.08200452534681253,0.3120038716278014,1004
2026-06-25,3.1578438090343073,7,0.2363766919216473,0.31303938289579086,1004
2026-06-26,3.220025875984687,12,0.16517107949821855,0.31433407335451635,1004
2026-06-27,3.2725100222842047,23,0.2066237076840684,0.3153107693085439,1004
2026-06-28,3.1642829628410913,14,0.0881571499683788,0.315322825824162,1004
2026-06-29,3.1622612081884958,10,0.2278591952970754,0.3142118471158162,1004
2026-06-30,3.3063581369549424,12,0.13086766999284055,0.31254701746804003,1004
2026-07-01,3.153224906526605,9,0.09460930604212384,0.31132835877165504,1004
2020-01-01,3.272503776968023,10,0.1,0.0,1005
2020-01-02,3.2823485090326496,12,0.28251325377505887,0.0,1005
2020-01-03,3.2372854114570866,6,0.4,0.0,1005
2020-01-04,3.2999280009172685,15,0.3799561368424987,0.0,1005
2020-01-05,3.2235553805221766,9,0.36131581696520204,0.0,1005
2020-01-06,3.281167257890857,12,0.33403336357835284,0.0,1005
2020-01-07,3.3282731449755723,5,0.12473131910142109,0.0,1005
2020-01-08,3.4075975002451466,9,0.12444355455420306,0.0,1005
2020-01-09,3.3473170178364424,8,0.4,0.0,1005
2020-01-10,3.2313176170983495,7,0.10751568202409115,0.0,1005
2020-01-11,3.3027048801957184,13,0.2991534048178028,0.0,1005
2020-01-12,3.304746516631629,5,0.12893228381770996,0.0,1005
2020-01-13,3.3197683777376854,8,0.20889626806257092,0.0,1005
2020-01-14,3.345807091345987,15,0.18308662739349463,0.0,1005
2020-01-15,3.328201537668146,11,0.4,0.0,1005
2020-01-16,3.3558109385521213,11,0.20290249862833393,0.0,1005
2020-01-17,3.2812119466444343,9,0.27123985297075864,0.0,1005
2020-01-18,3.2992135766281856,6,0.2434601238736826,0.0,1005
2020-01-19,3.2946355792087254,15,0.38360533960386356,0.0,1005
2020-01-20,3.3390454875075353,8,0.23292338500310975,0.0,1005
2020-01-21,3.316986002231204,7,0.153993662508063,0.0,1005
2020-01-22,3.2745716816017496,7,0.2122922022538718,0.0,1005
2020-01-23,3.254876518165762,10,0.2058627760639057,0.0,1005
2020-01-24,3.3804725442005523,9,0.2542026542411423,0.0,1005
2020-01-25,3.3806741670665255,10,0.37669805210835555,0.0,1005
2020-01-26,3.327650588051987,16,0.2646012349841057,0.0,1005
2020-01-27,3.339729760756964,11,0.20850823968459248,0.0,1005
2020-01-28,3.3012373154469383,3,0.25820537850671227,0.0,1005
2020-01-29,3.263056168763312,12,0.3860249854587398,0.0,1005
2020-01-30,3.2927495259975363,7,0.29095273675633326,0.0,1005
2020-01-31,3.2553338848519573,2,0.29414823331301493,0.0,1005
2020-02-01,3.3204728141087094,16,0.2374466784045191,0.0,1005
2020-02-02,3.2281172786657084,11,0.31328005093815625,0.0,1005
2020-02-03,3.259318196688026,6,0.2925721224473453,0.0,1005
2020-02-04,3.2409424389013193,13,0.38472438600643405,0.0,1005
2020-02-05,3.2482574844185867,9,0.3373079433526957,0.0,1005
2020-02-06,3.285801967467558,6,0.20118748251162233,0.0,1005
2020-02-07,3.3137158978161754,4,0.4,0.0,1005
2020-02-08,3.276178811351629,12,0.22567697200852432,0.0,1005
2020-02-09,3.3229738110033784,8,0.1679565424755046,0.0,1005
2020-02-10,3.2661416449316087,10,0.35071449680172345,0.0,1005
2020-02-11,3.3270781890011665,11,0.3729452966493218,0.0,1005
2020-02-12,3.376914110993889,4,0.4,0.0,1005
2020-02-13,3.253731885213019,11,0.4,0.0,1005
2020-02-14,3.3297719714145257,12,0.1126852770409788,0.0,1005
2020-02-15,3.3649402539172253,13,0.2667554838517692,0.0,1005
2020-02-16,3.164669650660668,16,0.2531768476668977,0.0,1005
2020-02-17,3.3119559989172735,4,0.34213825416462007,0.0,1005
2020-02-18,3.3481072264210483,5,0.2901745243714719,0.0,1005
2020-02-19,3.3633821554328076,6,0.13371571640661875,0.0,1005
2020-02-20,3.321973563290007,10,0.1,0.0,1005
2020-02-21,3.270539979761763,7,0.36724582629638447,0.0,1005
2020-02-22,3.3246997455612712,6,0.27499718941594237,0.0,1005
2020-02-23,3.371335810133521,13,0.37028491069556985,0.0,1005
2020-02-24,3.277583536719396,7,0.31674743480059897,0.0,1005
2020-02-25,3.276763096864064,9,0.23295683177295756,0.0,1005
2020-02-26,3.3282812035234626,7,0.14819297798324732,0.0,1005
2020-02-27,3.424690009120143,4,0.4,0.0,1005
2020-02-28,3.2454599127015316,4,0.15264591279497342,0.0,1005
2020-02-29,3.241562203924447,17,0.2620897608418032,0.0,1005
2020-03-01,3.3697289133818673,18,0.1,0.0,1005
2020-03-02,3.3594518550145094,5,0.33478657086846075,0.0,1005
2020-03-03,3.305943706874998,6,0.35433726946880606,0.0,1005
2020-03-04,3.3139067372416764,9,0.2956185995366699,0.0,1005
2020-03-05,3.33054639989533,5,0.1,0.0,1005
2020-03-06,3.261297324940416,10,0.32390100944741274,0.0,1005
2020-03-07,3.311069517232784,12,0.13064944097650688,0.0,1005
2020-03-08,3.259462050982214,9,0.2474892250709517,0.0,1005
2020-03-09,3.2923491144836508,14,0.4,0.0,1005
2020-03-10,3.289561410671954,9,0.31413516149921344,0.0,1005
2020-03-11,3.3002615553637917,8,0.3527851508712368,0.0,1005
2020-03-12,3.2873968075470694,8,0.3617615771982948,0.0,1005
2020-03-13,3.2960856416714113,5,0.3307848700850405,0.0,1005
2020-03-14,3.267669348309124,11,0.3555212559969628,0.0,1005
2020-03-15,3.3012831946854826,15,0.23740187475846258,0.0,1005
2020-03-16,3.3658825160875296,9,0.4,0.0,1005
2020-03-17,3.309076127539245,13,0.4,0.0,1005
2020-03-18,3.32774993229316,7,0.4,0.0,1005
2020-03-19,3.3720739498437355,8,0.30377059743704155,0.0,1005
2020-03-20,3.204040664032271,9,0.22116864457016294,0.0,1005
2020-03-21,3.2423697528695445,13,0.1421284522129864,0.0,1005
2020-03-22,3.232969138083807,11,0.24450090325086324,0.0,1005
2020-03-23,3.313027106018132,5,0.21614280879094416,0.0,1005
2020-03-24,3.3321675716899164,5,0.18954755590833158,0.0,1005
2020-03-25,3.240514274422141,6,0.17387798246905195,0.0,1005
2020-03-26,3.3232280613803447,16,0.3403548378659872,0.0,1005
2020-03-27,3.3165617650362904,12,0.3419166588028419,0.0,1005
2020-03-28,3.2670091997636006,8,0.29210216070625833,0.0,1005
2020-03-29,3.2370834821706738,6,0.3477275147112618,0.0,1005
2020-03-30,3.329665345724413,12,0.20105171979850286,0.0,1005
2020-03-31,3.312433997995181,9,0.4,0.0,1005
2020-04-01,3.298628900180447,8,0.3376515175536515,0.0,1005
2020-04-02,3.342725619387013,5,0.4,0.0,1005
2020-04-03,3.340066600537444,6,0.4,0.0,1005
2020-04-04,3.3463676117878705,15,0.28240594478633474,0.0,1005
2020-04-05,3.345443560276659,9,0.35657870558219723,0.0,1005
2020-04-06,3.389566302930895,9,0.29909986074639244,0.0,1005
2020-04-07,3.3101253893944733,9,0.38110699436922024,0.0,1005
2020-04-08,3.2639703203520347,3,0.19797689975735577,0.0,1005
2020-04-09,3.3603815336378653,6,0.2323122569905592,0.0,1005
2020-04-10,3.245062448716062,11,0.3584361181498757,0.0,1005
2020-04-11,3.3383309688263654,5,0.3802402058890401,0.0,1005
2020-04-12,3.2095721705202753,11,0.1580732697771766,0.0,1005
2020-04-13,3.3224315112918594,13,0.2998652129869653,0.0,1005
2020-04-14,3.3078347959072136,5,0.4,0.0,1005
2020-04-15,3.3499044030520824,12,0.28707072269193357,0.0,1005
2020-04-16,3.2430124342418924,8,0.30332177306654234,0.0,1005
2020-04-17,3.2475224216115337,9,0.3267661814667521,0.0,1005
2020-04-18,3.38988122528945,8,0.4,0.0,1005
2020-04-19,3.344167677345331,14,0.24362672362818408,0.0,1005
2020-04-20,3.2350974936811796,6,0.35935804278776223,0.0,1005
2020-04-21,3.3714922932502147,8,0.18166368081570747,0.0,1005
2020-04-22,3.3010674498238735,11,0.3528818570514688,0.0,1005
2020-04-23,3.293562028898684,5,0.35599420211742433,0.0,1005
2020-04-24,3.2714458032415887,10,0.24310679878494396,0.0,1005
2020-04-25,3.2527015062681897,13,0.15201467188646012,0.0,1005
2020-04-26,3.335249491933092,11,0.3508453184880748,0.0,1005
2020-04-27,3.3894969660269987,7,0.24211232520095313,0.0,1005
2020-04-28,3.2493098507657026,11,0.3231879911031612,0.0,1005
2020-04-29,3.3487056195647775,7,0.2372128561247195,0.0,1005
2020-04-30,3.2471554752162297,9,0.18313587609593154,0.0,1005
2020-05-01,3.3403394073756445,13,0.20212272311702925,0.0,1005
2020-05-02,3.332350673142324,10,0.4,0.0,1005
2020-05-03,3.273707023883016,16,0.22158450164862203,0.0,1005
2020-05-04,3.2676786306171786,11,0.4,0.0,1005
2020-05-05,3.3864913668449677,9,0.4,0.0,1005
2020-05-06,3.213040555149544,8,0.4,0.0,1005
2020-05-07,3.3624992950980843,9,0.21784865788551128,0.0,1005
2020-05-08,3.229854699931913,7,0.26214197065187855,0.0,1005
2020-05-09,3.3232822065177845,16,0.35545973987775903,0.0,1005
2020-05-10,3.3264105585840573,14,0.24425420126115946,0.0,1005
2020-05-11,3.2769696097139676,10,0.26450602753344304,0.0,1005
2020-05-12,3.290366811605361,7,0.3665069167249761,0.0,1005
2020-05-13,3.3039503081883517,5,0.2150657265246002,0.0,1005
2020-05-14,3.379322992872133,7,0.3201234509875723,0.0,1005
2020-05-15,3.33536090012977,5,0.4,0.0,1005
2020-05-16,3.3285381642450806,15,0.4,0.0,1005
2020-05-17,3.32231507517156,14,0.19047208274945615,0.0,1005
2020-05-18,3.268073925938653,10,0.3821664066306415,0.0,1005
2020-05-19,3.3731704111276697,8,0.22908376599542546,0.0,1005
2020-05-20,3.3032471577811884,8,0.28264615551827665,0.0,1005
2020-05-21,3.316714151703506,3,0.4,0.0,1005
2020-05-22,3.3393681882677098,6,0.2944160405852389,0.0,1005
2020-05-23,3.3070875409823466,15,0.4,0.0,1005
2020-05-24,3.3131705606038193,24,0.2889576711550839,0.0,1005
2020-05-25,3.342192813665456,7,0.4,0.0,1005
2020-05-26,3.3519357171691455,11,0.16138219043543992,0.0,1005
2020-05-27,3.2928189451243473,4,0.1,0.0,1005
2020-05-28,3.335131925402564,4,0.4,0.0,1005
2020-05-29,3.25245430800409,8,0.3195802266954297,0.0,1005
2020-05-30,3.3065267774309612,11,0.25327860595140944,0.0,1005
2020-05-31,3.3474852848608956,9,0.3746197375805906,0.0,1005
2020-06-01,3.2723428016317007,8,0.3051084385629523,0.0,1005
2020-06-02,3.330566393026338,6,0.27769314383162275,0.0,1005
2020-06-03,3.333599641899726,9,0.4,0.0,1005
2020-06-04,3.337831319954293,6,0.23298774206026143,0.0,1005
2020-06-05,3.3035480561717847,7,0.22145701052762126,0.0,1005
2020-06-06,3.313906134564768,3,0.35153250029039834,0.0,1005
2020-06-07,3.244729521561427,12,0.12979092871491082,0.0,1005
2020-06-08,3.2525070767405104,6,0.18724689131668318,0.0,1005
2020-06-09,3.3103048239182415,9,0.2662696368775525,0.0,1005
2020-06-10,3.256133569448803,8,0.2003174990554725,0.0,1005
2020-06-11,3.2575290238888672,15,0.27228859669767996,0.0,1005
2020-06-12,3.3197450120984224,8,0.35398682742275833,0.0,1005
2020-06-13,3.280318158443995,9,0.2682131726923945,0.0,1005
2020-06-14,3.351448396489741,6,0.4,0.0,1005
2020-06-15,3.33809031932806,13,0.4,0.0,1005
2020-06-16,3.209730832796868,5,0.15326990768839238,0.0,1005
2020-06-17,3.2666394266747036,2,0.30955187497504777,0.0,1005
2020-06-18,3.383739713233143,6,0.2433187672361856,0.0,1005
2020-06-19,3.2225083530420253,5,0.2653981916803141,0.0,1005
2020-06-20,3.209030386551532,13,0.2619700960603093,0.0,1005
2020-06-21,3.3894716026389005,7,0.19638891289649751,0.0,1005
2020-06-22,3.2811630207697413,9,0.3943122095666303,0.0,1005
2020-06-23,3.3111884988004485,4,0.31257284488541165,0.0,1005
2020-06-24,3.2849920358542826,9,0.4,0.0,1005
2020-06-25,3.275932948214486,5,0.33209805143419846,0.0,1005
2020-06-26,3.3513138006722145,8,0.29040559534258126,0.0,1005
2020-06-27,3.2413838000100705,8,0.2502770768230811,0.0,1005
2020-06-28,3.2499784257706166,13,0.17232833842282425,0.0,1005
2020-06-29,3.3527628363941147,10,0.4,0.0,1005
2020-06-30,3.2941077563522274,8,0.26120960336240845,0.0,1005
2020-07-01,3.2906958169789657,7,0.3770055788209669,0.0,1005
2020-07-02,3.357665394030455,11,0.27575865996322324,0.0,1005
2020-07-03,3.266097203585938,7,0.2387975084287386,0.0,1005
2020-07-04,3.2759432936647914,18,0.29180698122811694,0.0,1005
2020-07-05,3.31718311969761,10,0.39483421240035393,0.0,1005
2020-07-06,3.297024688258886,8,0.29513192407630934,0.0,1005
2020-07-07,3.2721960987460146,6,0.37455713421977976,0.0,1005
2020-07-08,3.3459694613881275,7,0.20877428625000496,0.0,1005
2020-07-09,3.345484018865354,1,0.2847372021540082,0.0,1005
2020-07-10,3.2085585018194234,7,0.3237196142151361,0.0,1005
2020-07-11,3.3177788541547564,12,0.31908007283994727,0.0,1005
2020-07-12,3.2740587333446283,6,0.29389880976560573,0.0,1005
2020-07-13,3.244728910814626,9,0.30896071663050106,0.0,1005
2020-07-14,3.3357066549612395,10,0.37752280684512046,0.0,1005
2020-07-15,3.296934034155681,15,0.23814144689202071,0.0,1005
2020-07-16,3.3215592511536447,8,0.13534656981196846,0.0,1005
2020-07-17,3.304428460126837,11,0.23182733125489505,0.0,1005
2020-07-18,3.327949496585459,15,0.4,0.0,1005
2020-07-19,3.2937459381392764,7,0.4,0.0,1005
2020-07-20,3.31958848668559,8,0.3394698984675933,0.0,1005
2020-07-21,3.3906370854003707,6,0.19713358074990928,0.0,1005
2020-07-22,3.278318123910476,3,0.27741395019630083,0.0,1005
2020-07-23,3.3728387814157013,7,0.23797171769722353,0.0,1005
2020-07-24,3.271263937030485,11,0.22787088999858213,0.0,1005
2020-07-25,3.378072943930997,6,0.14410239695406793,0.0,1005
2020-07-26,3.2826787053199413,8,0.4,0.0,1005
2020-07-27,3.323917158115364,10,0.36594357086534174,0.0,1005
2020-07-28,3.276619278578785,5,0.11141465671601222,0.0,1005
2020-07-29,3.3120292937988216,10,0.16584093990183796,0.0,1005
2020-07-30,3.350184020252528,11,0.3477391813170264,0.0,1005
2020-07-31,3.3486830118136943,6,0.2574704224992902,0.0,1005
2020-08-01,3.274488798268509,10,0.26231778379611953,0.0,1005
2020-08-02,3.245922015395396,17,0.31313479912052566,0.0,1005
2020-08-03,3.2937065945172765,7,0.18799411338584007,0.0,1005
2020-08-04,3.3629645545947104,7,0.23840448695173352,0.0,1005
2020-08-05,3.355385358273026,7,0.23013474723912494,0.0,1005
2020-08-06,3.1881730087210225,11,0.4,0.0,1005
2020-08-07,3.3701164802121673,4,0.24983399571160914,0.0,1005
2020-08-08,3.3444981824302054,5,0.22984240974948852,0.0,1005
2020-08-09,3.2638187852850633,7,0.18491801083021303,0.0,1005
2020-08-10,3.3077410561879623,12,0.2073850036295486,0.0,1005
2020-08-11,3.3888214105918517,8,0.4,0.0,1005
2020-08-12,3.2958144686750943,6,0.3021515033687213,0.0,1005
2020-08-13,3.285835526920387,8,0.27872118088037545,0.0,1005
2020-08-14,3.3497504811976917,10,0.23477052299274973,0.0,1005
2020-08-15,3.2829167135318977,16,0.4,0.0,1005
2020-08-16,3.2317370566557573,15,0.25185586942551214,0.0,1005
2020-08-17,3.288664183004555,4,0.4,0.0,1005
2020-08-18,3.3392396986027255,10,0.33122236770339086,0.0,1005
2020-08-19,3.308773876668249,7,0.3069391520445606,0.0,1005
2020-08-20,3.2935040209872204,8,0.21413372518526105,0.0,1005
2020-08-21,3.304986076384442,11,0.31446125361960253,0.0,1005
2020-08-22,3.279204556164745,7,0.11368347850850172,0.0,1005
2020-08-23,3.2026947563353776,11,0.36999788151310725,0.0,1005
2020-08-24,3.2841551520380197,8,0.20356974384624127,0.0,1005
2020-08-25,3.295332522114062,13,0.3346107592401748,0.0,1005
2020-08-26,3.3497620696229937,7,0.340311136019507,0.0,1005
2020-08-27,3.3106167483612325,9,0.36542379763066946,0.0,1005
2020-08-28,3.2802736034777147,10,0.3614894513718955,0.0,1005
2020-08-29,3.3193654949402562,15,0.3035552252794153,0.0,1005
2020-08-30,3.269097399513953,11,0.27812731177125427,0.0,1005
2020-08-31,3.313486563492349,11,0.1191735982567718,0.0,1005
2020-09-01,3.3224824519028493,9,0.34930841640577687,0.0,1005
2020-09-02,3.3597493328994963,6,0.32764005334294916,0.0,1005
2020-09-03,3.2886070498720645,8,0.4,0.0,1005
2020-09-04,3.355746201342813,9,0.21978362504649848,0.0,1005
2020-09-05,3.2732109709346546,16,0.2312706418169801,0.0,1005
2020-09-06,3.3363143795309225,12,0.3817093988671776,0.0,1005
2020-09-07,3.2872402167280135,9,0.24573451519560108,0.0,1005
2020-09-08,3.3591869722563725,11,0.3244978475736987,0.0,1005
2020-09-09,3.3575689888845472,9,0.3269902200610053,0.0,1005
2020-09-10,3.3257783378404686,3,0.3362781785522478,0.0,1005
2020-09-11,3.2114850071424876,8,0.4,0.0,1005
2020-09-12,3.2991701250171475,14,0.4,0.0,1005
2020-09-13,3.2812063243150518,8,0.39064518611263244,0.0,1005
2020-09-14,3.3467231962234534,8,0.16731068832840806,0.0,1005
2020-09-15,3.311862154838879,5,0.36479204473608945,0.0,1005
2020-09-16,3.263674100258768,3,0.4,0.0,1005
2020-09-17,3.2884901185483586,7,0.1896799499670429,0.0,1005
2020-09-18,3.2848904318698278,9,0.2886991834304498,0.0,1005
2020-09-19,3.3517195389265386,16,0.4,0.0,1005
2020-09-20,3.3714561692563487,9,0.4,0.0,1005
2020-09-21,3.245876977291187,10,0.1,0.0,1005
2020-09-22,3.3175064108079604,12,0.14567291472271335,0.0,1005
2020-09-23,3.2789779918693123,10,0.28935756433113097,0.0,1005
2020-09-24,3.299394959974207,5,0.4,0.0,1005
2020-09-25,3.339379128757298,9,0.17973722232704678,0.0,1005
2020-09-26,3.2562745986127735,15,0.30075640405363707,0.0,1005
2020-09-27,3.419389850660286,19,0.2986655366918274,0.0,1005
2020-09-28,3.2691286262518604,5,0.22838101049084902,0.0,1005
2020-09-29,3.3720477448490356,15,0.3421888972346999,0.0,1005
2020-09-30,3.240431902850805,9,0.3195145037382603,0.0,1005
2020-10-01,3.173883205775389,4,0.4,0.0,1005
2020-10-02,3.283473688032743,8,0.3217347094297076,0.0,1005
2020-10-03,3.3289397168165307,13,0.4,0.0,1005
2020-10-04,3.274139150161174,6,0.11396694682696572,0.0,1005
2020-10-05,3.3059386940807243,13,0.21727008011071192,0.0,1005
2020-10-06,3.287862055649231,5,0.2664281736791585,0.0,1005
2020-10-07,3.3410843629097564,10,0.4,0.0,1005
2020-10-08,3.2930188807381597,4,0.4,0.0,1005
2020-10-09,3.375821972088619,10,0.22452048002098185,0.0,1005
2020-10-10,3.359182240898605,8,0.3732538492249308,0.0,1005
2020-10-11,3.2576928298078474,9,0.32870428632371657,0.0,1005
2020-10-12,3.298363208127359,13,0.18341056857092727,0.0,1005
2020-10-13,3.34450054914691,3,0.2738157138899552,0.0,1005
2020-10-14,3.27151006017678,5,0.4,0.0,1005
2020-10-15,3.233333959836635,13,0.11448976198936177,0.0,1005
2020-10-16,3.4024999777786054,7,0.4,0.0,1005
2020-10-17,3.2367005904558916,8,0.24729555067177655,0.0,1005
2020-10-18,3.29095650734611,15,0.2553270905758899,0.0,1005
2020-10-19,3.4191167753383858,7,0.1841338609769286,0.0,1005
2020-10-20,3.322494402822888,12,0.24465967873190583,0.0,1005
2020-10-21,3.3070232653119573,5,0.2918029205229208,0.0,1005
2020-10-22,3.3868381898945175,6,0.3707383837800865,0.0,1005
2020-10-23,3.2231815794574734,9,0.28988020525533625,0.0,1005
2020-10-24,3.2936061454226215,11,0.20192798237948503,0.0,1005
2020-10-25,3.320413173124175,12,0.3043143856633689,0.0,1005
2020-10-26,3.3314789657514625,13,0.4,0.0,1005
2020-10-27,3.3257893056507952,13,0.19477135191272799,0.0,1005
2020-10-28,3.267060766226133,9,0.3727146648881609,0.0,1005
2020-10-29,3.3407924914091773,10,0.4,0.0,1005
2020-10-30,3.2602796253778026,9,0.1617606415819655,0.0,1005
2020-10-31,3.363913489040923,13,0.30156985667251857,0.0,1005
2020-11-01,3.337782229271471,17,0.28687815162661284,0.0,1005
2020-11-02,3.2435911116490463,9,0.1801491000367065,0.0,1005
2020-11-03,3.220940855840419,7,0.10390805838645308,0.0,1005
2020-11-04,3.3140263847006777,8,0.12626981513308239,0.0,1005
2020-11-05,3.244957110279689,6,0.1781889087421955,0.0,1005
2020-11-06,3.2547541186854256,6,0.4,0.0,1005
2020-11-07,3.3132895477769138,11,0.1462894765947782,0.0,1005
2020-11-08,3.3741437189037744,12,0.19622203487862794,0.0,1005
2020-11-09,3.3548722694295092,9,0.26669251507890585,0.0,1005
2020-11-10,3.200923604921768,9,0.2487911850312742,0.0,1005
2020-11-11,3.2810228830114565,7,0.4,0.0,1005
2020-11-12,3.263040199365922,8,0.25401697829609504,0.0,1005
2020-11-13,3.3202314206323003,12,0.26944694925520346,0.0,1005
2020-11-14,3.26363603654017,9,0.3058994384037024,0.0,1005
2020-11-15,3.317962140284315,12,0.34984988232124264,0.0,1005
2020-11-16,3.2805938820395695,10,0.27638050621672106,0.0,1005
2020-11-17,3.29536475716871,9,0.23605415520376927,0.0,1005
2020-11-18,3.3128266630116636,4,0.16859934060298554,0.0,1005
2020-11-19,3.3017546740965096,12,0.31684276477433615,0.0,1005
2020-11-20,3.205160950465093,8,0.29731001072585683,0.0,1005
2020-11-21,3.3783853330487412,11,0.2738425490990176,0.0,1005
2020-11-22,3.327602875854084,14,0.38673782339715357,0.0,1005
2020-11-23,3.2367666363569065,8,0.2633062379993002,0.0,1005
2020-11-24,3.27178715904122,8,0.3391806318562362,0.0,1005
2020-11-25,3.314514740242363,10,0.4,0.0,1005
2020-11-26,3.262325498234637,15,0.39412365833803625,0.0,1005
2020-11-27,3.3275013611402504,10,0.35899311168191045,0.0,1005
2020-11-28,3.32223989964714,11,0.20129339648101413,0.0,1005
2020-11-29,3.231623274645874,17,0.18271405608922453,0.0,1005
2020-11-30,3.2627165899727752,7,0.4,0.0,1005
2020-12-01,3.2614535509725857,3,0.24924868298214034,0.0,1005
2020-12-02,3.256909858101207,8,0.34737132778819524,0.0,1005
2020-12-03,3.310694308246719,5,0.3903882057402231,0.0,1005
2020-12-04,3.2769652845949904,8,0.31880624082135073,0.0,1005
2020-12-05,3.34099154986679,9,0.15696332969069168,0.0,1005
2020-12-06,3.3163551654311605,9,0.3075551533465121,0.0,1005
2020-12-07,3.3061675890318423,4,0.2764904584896991,0.0,1005
2020-12-08,3.249275473127171,11,0.29691376063650426,0.0,1005
2020-12-09,3.306486595069269,6,0.34000051942646936,0.0,1005
2020-12-10,3.3537168029910096,4,0.37274016052611914,0.0,1005
2020-12-11,3.3480052264669053,11,0.23503328555019765,0.0,1005
2020-12-12,3.227979873749922,12,0.270463954973292,0.0,1005
2020-12-13,3.295713370148591,13,0.2968606139958545,0.0,1005
2020-12-14,3.2564268578377273,4,0.34674532632024385,0.0,1005
2020-12-15,3.286637529544178,4,0.27081487023716067,0.0,1005
2020-12-16,3.2846137642650493,5,0.23537867664743098,0.0,1005
2020-12-17,3.3579679649911562,4,0.1321881895972247,0.0,1005
2020-12-18,3.3131415922568133,9,0.1510565405311227,0.0,1005
2020-12-19,3.269291603680856,13,0.23071788560764206,0.0,1005
2020-12-20,3.360789674863139,14,0.19633374303792103,0.0,1005
2020-12-21,3.409817331631239,14,0.3013788597976821,0.0,1005
2020-12-22,3.2402645361449447,11,0.4,0.0,1005
2020-12-23,3.383850085003683,5,0.4,0.0,1005
2020-12-24,3.3061420770499867,12,0.3105492035883403,0.0,1005
2020-12-25,3.282372448061728,6,0.16224537370827682,0.0,1005
2020-12-26,3.2770199128060162,11,0.18455150202210782,0.0,1005
2020-12-27,3.2910717161493834,4,0.1799510403743989,0.0,1005
2020-12-28,3.314827661917949,6,0.371161580368832,0.0,1005
2020-12-29,3.2697552223314,2,0.36037408362382634,0.0,1005
2020-12-30,3.252432909772422,11,0.1939786620639433,0.0,1005
2020-12-31,3.278892826882161,1,0.32474253666960134,0.0,1005
2021-01-01,3.328728115405362,6,0.29210828799172633,0.0,1005
2021-01-02,3.2694425014885065,9,0.2592974144553448,0.0,1005
2021-01-03,3.1934349067994585,12,0.2610022686424304,0.0,1005
2021-01-04,3.2996791873690703,11,0.34327065439129006,0.0,1005
2021-01-05,3.2562969805367823,5,0.2909733783682996,0.0,1005
2021-01-06,3.2205826270929294,6,0.16775407888294397,0.0,1005
2021-01-07,3.3249334276426086,10,0.3624326873054505,0.0,1005
2021-01-08,3.3465251451169373,6,0.35282586816077566,0.0,1005
2021-01-09,3.2985912705787155,18,0.4,0.0,1005
2021-01-10,3.376858702020909,14,0.2794626172981767,0.0,1005
2021-01-11,3.3142876016781524,9,0.27164089132257085,0.0,1005
2021-01-12,3.205662102574541,11,0.3086736373987615,0.0,1005
2021-01-13,3.327618803821517,9,0.19636823814629023,0.0,1005
2021-01-14,3.291593812521752,6,0.21349633929306086,0.0,1005
2021-01-15,3.217444240917973,15,0.2217222070169611,0.0,1005
2021-01-16,3.3443369806131,15,0.4,0.0,1005
2021-01-17,3.2904804852095357,17,0.22767835839393932,0.0,1005
2021-01-18,3.2868208479762715,9,0.3081867036214236,0.0,1005
2021-01-19,3.2867929192503604,5,0.17775883039832155,0.0,1005
2021-01-20,3.3890223189564934,6,0.326961444862522,0.0,1005
2021-01-21,3.2615823606550376,10,0.24286298536126577,0.0,1005
2021-01-22,3.2494901930827957,4,0.2978345204321124,0.0,1005
2021-01-23,3.3476365576626965,13,0.15580968395249248,0.0,1005
2021-01-24,3.3518768565166406,10,0.12201506821203481,0.0,1005
2021-01-25,3.2887579003184313,7,0.30817657564506357,0.0,1005
2021-01-26,3.3889375536834074,5,0.29801968246524285,0.0,1005
2021-01-27,3.378495010548319,7,0.26023979012791726,0.0,1005
2021-01-28,3.3418292152236018,12,0.2954956437127068,0.0,1005
2021-01-29,3.3805195801286363,6,0.3176034783567714,0.0,1005
2021-01-30,3.3764226775640007,10,0.3133673711348063,0.0,1005
2021-01-31,3.2652589140003223,9,0.27122660150354383,0.0,1005
2021-02-01,3.2100538673657097,8,0.4,0.0,1005
2021-02-02,3.241006283482942,5,0.20646107424823487,0.0,1005
2021-02-03,3.3276912785959616,11,0.22629917428986285,0.0,1005
2021-02-04,3.300903643701425,8,0.1779249346494004,0.0,1005
2021-02-05,3.2081166859328176,7,0.37239731696797884,0.0,1005
2021-02-06,3.3082527468886367,11,0.34482173363630425,0.0,1005
2021-02-07,3.3056687396005633,8,0.4,0.0,1005
2021-02-08,3.32393284517326,12,0.37319505587695134,0.0,1005
2021-02-09,3.2141641695972063,7,0.4,0.0,1005
2021-02-10,3.260582373688611,9,0.14086063925810852,0.0,1005
2021-02-11,3.2410829068814624,10,0.4,0.0,1005
2021-02-12,3.3317839329714545,14,0.20872294175623823,0.0,1005
2021-02-13,3.4063765091488136,15,0.3255791831977804,0.0,1005
2021-02-14,3.283028149248535,19,0.38124281435377505,0.0,1005
2021-02-15,3.305483352301925,5,0.4,0.0,1005
2021-02-16,3.255925730319642,8,0.27803172258988157,0.0,1005
2021-02-17,3.2281190237010504,9,0.3645481891626146,0.0,1005
2021-02-18,3.3769318801961474,12,0.24514312455582207,0.0,1005
2021-02-19,3.337007366291705,4,0.32838786247309226,0.0,1005
2021-02-20,3.3501095999788406,8,0.308722548570291,0.0,1005
2021-02-21,3.2917989760420903,10,0.3890426004931561,0.0,1005
2021-02-22,3.2835863109874595,11,0.2673405611104482,0.0,1005
2021-02-23,3.407342892956949,4,0.4,0.0,1005
2021-02-24,3.3525823828382353,11,0.23048942356708482,0.0,1005
2021-02-25,3.23980258691331,15,0.3800998411316447,0.0,1005
2021-02-26,3.3630016402005354,11,0.2084762036051465,0.0,1005
2021-02-27,3.428755639224826,15,0.14854167129408344,0.0,1005
2021-02-28,3.23837292472792,13,0.3389441169918671,0.0,1005
2021-03-01,3.2991335434392823,8,0.2986303613509982,0.0,1005
2021-03-02,3.4017198535857682,9,0.32624551771620086,0.0,1005
2021-03-03,3.3065132614533574,11,0.28172911716591104,0.0,1005
2021-03-04,3.286376178001184,6,0.24365820191352758,0.0,1005
2021-03-05,3.31309184351543,3,0.30772744472904195,0.0,1005
2021-03-06,3.2377875094503596,13,0.4,0.0,1005
2021-03-07,3.2811227054598824,13,0.22431503005340112,0.0,1005
2021-03-08,3.3279763121950903,13,0.15065819397076877,0.0,1005
2021-03-09,3.3072597717179817,8,0.35804342998358,0.0,1005
2021-03-10,3.274594739330003,17,0.2618180961196714,0.0,1005
2021-03-11,3.3388650042636234,7,0.2656112986966039,0.0,1005
2021-03-12,3.3040703956014212,9,0.27475457064639736,0.0,1005
2021-03-13,3.3170224241043784,14,0.3181140395221097,0.0,1005
2021-03-14,3.292356190352117,15,0.1829621460067706,0.0,1005
2021-03-15,3.278243140506925,7,0.23633292180856594,0.0,1005
2021-03-16,3.3207833800668074,6,0.3103262500542504,0.0,1005
2021-03-17,3.3334404659707024,4,0.26585429037641095,0.0,1005
2021-03-18,3.2693019128175957,4,0.2553589294195138,0.0,1005
2021-03-19,3.246801022109449,8,0.16508443458481065,0.0,1005
2021-03-20,3.342664830666019,6,0.3330331420583422,0.0,1005
2021-03-21,3.230875578251593,9,0.2904376416766556,0.0,1005
2021-03-22,3.247822885393492,8,0.281318874884869,0.0,1005
2021-03-23,3.302337647504623,8,0.33573515953091654,0.0,1005
2021-03-24,3.3019128130087063,7,0.4,0.0,1005
2021-03-25,3.363175212366587,4,0.28560821255559965,0.0,1005
2021-03-26,3.262555709202865,7,0.3148404157038463,0.0,1005
2021-03-27,3.331624911477619,16,0.2674454849230029,0.0,1005
2021-03-28,3.306318733603651,7,0.3391857505532543,0.0,1005
2021-03-29,3.2912552378076367,12,0.4,0.0,1005
2021-03-30,3.2640781705087165,10,0.4,0.0,1005
2021-03-31,3.2816013805482,11,0.2730317062819959,0.0,1005
2021-04-01,3.3071109175544,5,0.16578287056512483,0.0,1005
2021-04-02,3.2451223816024335,8,0.2715661326327245,0.0,1005
2021-04-03,3.2333025723933755,14,0.19653666959728272,0.0,1005
2021-04-04,3.2140397640991796,15,0.24774821439417588,0.0,1005
2021-04-05,3.30719232335818,12,0.28698663067051844,0.0,1005
2021-04-06,3.1892159097812334,7,0.4,0.0,1005
2021-04-07,3.3528286257616857,7,0.22995401943037597,0.0,1005
2021-04-08,3.3237205939450005,8,0.3204835953807084,0.0,1005
2021-04-09,3.2265384122023293,5,0.3124767248636483,0.0,1005
2021-04-10,3.3144067613000483,7,0.3059560234736492,0.0,1005
2021-04-11,3.279055861343709,9,0.2268338833886566,0.0,1005
2021-04-12,3.2557247864351293,6,0.23138250675727695,0.0,1005
2021-04-13,3.3044957404399913,8,0.32263884711419977,0.0,1005
2021-04-14,3.324760600264439,10,0.2777807489601131,0.0,1005
2021-04-15,3.2998997911589965,14,0.4,0.0,1005
2021-04-16,3.349050892752702,9,0.13858485168849932,0.0,1005
2021-04-17,3.2831207026135427,20,0.19133042033681408,0.0,1005
2021-04-18,3.340126930010263,9,0.3819549878026424,0.0,1005
2021-04-19,3.258750497007762,8,0.25477055885619926,0.0,1005
2021-04-20,3.4131426625321426,9,0.37282477918365103,0.0,1005
2021-04-21,3.3111223238486818,8,0.31444741314544095,0.0,1005
2021-04-22,3.2900286991331997,10,0.2944159143486825,0.0,1005
2021-04-23,3.2659424899365734,7,0.25083266364929313,0.0,1005
2021-04-24,3.2358792253844797,12,0.11848606003001237,0.0,1005
2021-04-25,3.395126230181509,8,0.22181579077248478,0.0,1005
2021-04-26,3.3436108522111416,11,0.12333556723884688,0.0,1005
2021-04-27,3.293489696962776,9,0.4,0.0,1005
2021-04-28,3.3380313557183294,8,0.4,0.0,1005
2021-04-29,3.3467103130396243,7,0.4,0.0,1005
2021-04-30,3.2747988244503614,9,0.1406025086207452,0.0,1005
2021-05-01,3.4112154493148537,12,0.24821152322010887,0.0,1005
2021-05-02,3.3085769680952977,10,0.1582288210576011,0.0,1005
2021-05-03,3.391011701526806,12,0.2799655075591977,0.0,1005
2021-05-04,3.3797221672365922,10,0.12693146228936056,0.0,1005
2021-05-05,3.316761769595667,11,0.22747869458585918,0.0,1005
2021-05-06,3.3481675214881577,12,0.37779961568272635,0.0,1005
2021-05-07,3.264694449012722,14,0.21779332958032038,0.0,1005
2021-05-08,3.272066611772926,10,0.38734035820435236,0.0,1005
2021-05-09,3.3158476414873097,12,0.20619917691096099,0.0,1005
2021-05-10,3.3185837902309054,7,0.18437123067312733,0.0,1005
2021-05-11,3.4141804132159708,6,0.2458637725156304,0.0,1005
2021-05-12,3.2456493767923535,4,0.4,0.0,1005
2021-05-13,3.222432605382642,7,0.4,0.0,1005
2021-05-14,3.25569008352473,11,0.2856748394118874,0.0,1005
2021-05-15,3.3180699132658114,6,0.3601429458670956,0.0,1005
2021-05-16,3.388633675053633,14,0.2756691407214824,0.0,1005
2021-05-17,3.283709437200585,7,0.24846771682722107,0.0,1005
2021-05-18,3.2919525985782694,9,0.20396101590865778,0.0,1005
2021-05-19,3.250751407197032,2,0.1841046880699838,0.0,1005
2021-05-20,3.2918255116933812,9,0.26468553191805905,0.0,1005
2021-05-21,3.2344184360710377,5,0.3601724810196905,0.0,1005
2021-05-22,3.2573467062320054,8,0.3127230870823222,0.0,1005
2021-05-23,3.214299380771538,11,0.25577237345912557,0.0,1005
2021-05-24,3.380168874515863,10,0.19079870035742674,0.0,1005
2021-05-25,3.29016338224939,1,0.31605431368245857,0.0,1005
2021-05-26,3.3271631946696685,11,0.3537615351687311,0.0,1005
2021-05-27,3.285939713052025,11,0.3324319842651372,0.0,1005
2021-05-28,3.3001580947182094,9,0.37553778984776237,0.0,1005
2021-05-29,3.3187541359610804,12,0.21121130360139384,0.0,1005
2021-05-30,3.2543221921355583,8,0.4,0.0,1005
2021-05-31,3.319859762397886,9,0.4,0.0,1005
2021-06-01,3.323941727510146,11,0.2210926617874106,0.0,1005
2021-06-02,3.300993495636431,11,0.4,0.0,1005
2021-06-03,3.2689752708294595,2,0.25682351574611495,0.0,1005
2021-06-04,3.270502474670356,3,0.1,0.0,1005
2021-06-05,3.380633751496431,11,0.4,0.0,1005
2021-06-06,3.2848493637725023,15,0.1,0.0,1005
2021-06-07,3.2498348773200636,11,0.1,0.0,1005
2021-06-08,3.3537436764157023,7,0.16131242632203702,0.0,1005
2021-06-09,3.3555712685675694,2,0.3900202993500918,0.0,1005
2021-06-10,3.24770310647909,5,0.4,0.0,1005
2021-06-11,3.291154651381148,10,0.2001196405769211,0.0,1005
2021-06-12,3.3537136046554212,18,0.2558758369577775,0.0,1005
2021-06-13,3.2928477685169417,4,0.3897653459959338,0.0,1005
2021-06-14,3.3401836358607913,4,0.4,0.0,1005
2021-06-15,3.2336251138143886,10,0.2819948666954931,0.0,1005
2021-06-16,3.2625631202477368,9,0.26382526660902184,0.0,1005
2021-06-17,3.31387251932965,12,0.3371210081715592,0.0,1005
2021-06-18,3.35096549933646,12,0.3198790720279821,0.0,1005
2021-06-19,3.432963075322041,7,0.31071001969945644,0.0,1005
2021-06-20,3.3499425364273665,12,0.2909284598564564,0.0,1005
2021-06-21,3.3061078797242365,10,0.4,0.0,1005
2021-06-22,3.2679023358335666,7,0.29269341667924315,0.0,1005
2021-06-23,3.3183733026708997,7,0.31835732107621817,0.0,1005
2021-06-24,3.2541797775858505,15,0.25467378712444655,0.0,1005
2021-06-25,3.367330059634471,7,0.2785107169668445,0.0,1005
2021-06-26,3.2957495486317305,11,0.26476081073483193,0.0,1005
2021-06-27,3.390484803736362,9,0.29717903200838447,0.0,1005
2021-06-28,3.2595948703722044,6,0.32545251412129483,0.0,1005
2021-06-29,3.2736484856298502,14,0.1537853373086086,0.0,1005
2021-06-30,3.2568829622124555,18,0.28487771469274004,0.0,1005
2021-07-01,3.348877171145217,10,0.34984027202535245,0.0,1005
2021-07-02,3.2667146008957357,7,0.21018080608471504,0.0,1005
2021-07-03,3.272721437235271,13,0.1458964394403464,0.0,1005
2021-07-04,3.3009785307911854,13,0.16619179945587764,0.0,1005
2021-07-05,3.196189160760268,12,0.10934348531481107,0.0,1005
2021-07-06,3.381474995972189,9,0.4,0.0,1005
2021-07-07,3.3531748286624037,12,0.18075876466773605,0.0,1005
2021-07-08,3.290515397546893,8,0.23998244529358315,0.0,1005
2021-07-09,3.313697279277677,10,0.2833280315704488,0.0,1005
2021-07-10,3.277624203735032,14,0.28109440341499214,0.0,1005
2021-07-11,3.3460722304087636,16,0.2902575536482158,0.0,1005
2021-07-12,3.3355592075002582,5,0.30257111899487066,0.0,1005
2021-07-13,3.2914463338868507,1,0.2946918592166122,0.0,1005
2021-07-14,3.242755432260825,13,0.4,0.0,1005
2021-07-15,3.278846994125908,8,0.19187778209354261,0.0,1005
2021-07-16,3.3123609879237574,5,0.4,0.0,1005
2021-07-17,3.3165119499440863,13,0.264618686869534,0.0,1005
2021-07-18,3.257481830415257,8,0.4,0.0,1005
2021-07-19,3.280392480562685,7,0.4,0.0,1005
2021-07-20,3.3767491251865307,5,0.15892404630029677,0.0,1005
2021-07-21,3.300105683354521,12,0.2941177327069969,0.0,1005
2021-07-22,3.278190728982565,7,0.4,0.0,1005
2021-07-23,3.299192589211716,5,0.23412074046779202,0.0,1005
2021-07-24,3.261676193086216,10,0.1593377372341663,0.0,1005
2021-07-25,3.3744705484739597,19,0.3128263744534649,0.0,1005
2021-07-26,3.284975235245002,8,0.25914711081644154,0.0,1005
2021-07-27,3.2516695665327195,13,0.33122879849363884,0.0,1005
2021-07-28,3.347898465417457,9,0.3290060996708799,0.0,1005
2021-07-29,3.32671380094325,13,0.1661513529325206,0.0,1005
2021-07-30,3.3076155294049037,10,0.4,0.0,1005
2021-07-31,3.262606376941544,9,0.1771848692112492,0.0,1005
2021-08-01,3.2765699299537476,10,0.31984220190400486,0.0,1005
2021-08-02,3.32028600876593,3,0.25059440771496233,0.0,1005
2021-08-03,3.271719524980659,7,0.30741580491629317,0.0,1005
2021-08-04,3.3237473935641497,17,0.3997444335437922,0.0,1005
2021-08-05,3.3588824394476093,5,0.27755972095903875,0.0,1005
2021-08-06,3.3206322369504653,7,0.35811015404171986,0.0,1005
2021-08-07,3.327827001617708,9,0.3063500436129892,0.0,1005
2021-08-08,3.2343134860727454,12,0.30678017437374694,0.0,1005
2021-08-09,3.2740399040522665,9,0.4,0.0,1005
2021-08-10,3.328439232656339,4,0.3913144859546546,0.0,1005
2021-08-11,3.240511193801136,5,0.2823700656176581,0.0,1005
2021-08-12,3.320162200091762,7,0.3355180493749339,0.0,1005
2021-08-13,3.3120784729452035,8,0.14078182886446433,0.0,1005
2021-08-14,3.196770193899341,12,0.1633392641366392,0.0,1005
2021-08-15,3.2988898161456572,6,0.4,0.0,1005
2021-08-16,3.3062463098703905,12,0.2870823272477701,0.0,1005
2021-08-17,3.220111214435627,10,0.24582116024814543,0.0,1005
2021-08-18,3.302719687076263,3,0.13756635063719452,0.0,1005
2021-08-19,3.2830903015151724,4,0.33809948642629023,0.0,1005
2021-08-20,3.2420059889360204,5,0.22545963147556464,0.0,1005
2021-08-21,3.2312996454759473,10,0.15968968099046832,0.0,1005
2021-08-22,3.32222542285678,13,0.21441583243625192,0.0,1005
2021-08-23,3.385717090237708,9,0.34035269367393844,0.0,1005
2021-08-24,3.271387398057722,10,0.3746162939105045,0.0,1005
2021-08-25,3.2315560284333706,7,0.32645199726269836,0.0,1005
2021-08-26,3.326656576632396,9,0.3986958419494671,0.0,1005
2021-08-27,3.2714944048643213,11,0.3358383178686663,0.0,1005
2021-08-28,3.2038862128851617,17,0.3558965350727333,0.0,1005
2021-08-29,3.215021075292171,16,0.4,0.0,1005
2021-08-30,3.216409399093062,13,0.3223606057929442,0.0,1005
2021-08-31,3.2741021965289168,10,0.23327146203815233,0.0,1005
2021-09-01,3.3305017131437027,8,0.34922903095446706,0.0,1005
2021-09-02,3.4207513734410955,6,0.3685231198932758,0.0,1005
2021-09-03,3.2985056910861266,6,0.37844561951101596,0.0,1005
2021-09-04,3.3462614554403505,9,0.1,0.0,1005
2021-09-05,3.392234783199773,11,0.3972805566497759,0.0,1005
2021-09-06,3.392435949013749,8,0.24132763496576912,0.0,1005
2021-09-07,3.3009532664182917,6,0.34568773699638694,0.0,1005
2021-09-08,3.3039808688882553,7,0.3485058654010792,0.0,1005
2021-09-09,3.196952553184326,7,0.29170557457332386,0.0,1005
2021-09-10,3.33131068484912,8,0.2058898378405324,0.0,1005
2021-09-11,3.28638414219093,15,0.2526746698317887,0.0,1005
2021-09-12,3.2890589788722275,6,0.2778146512414319,0.0,1005
2021-09-13,3.2787987992124905,8,0.3043318610380396,0.0,1005
2021-09-14,3.2842131147477422,6,0.4,0.0,1005
2021-09-15,3.319449777297105,7,0.3327156345781737,0.0,1005
2021-09-16,3.320162218994919,10,0.28459616653170716,0.0,1005
2021-09-17,3.328450308442849,11,0.34688016211345346,0.0,1005
2021-09-18,3.276601457212104,16,0.4,0.0,1005
2021-09-19,3.2742153376407117,13,0.15948026127367232,0.0,1005
2021-09-20,3.337490161872439,9,0.3187013728185915,0.0,1005
2021-09-21,3.289160194004108,9,0.3020043672660689,0.0,1005
2021-09-22,3.2925907342148593,9,0.23840719123276052,0.0,1005
2021-09-23,3.3273043149917676,9,0.2174955883716409,0.0,1005
2021-09-24,3.288404332293046,7,0.3679232846950105,0.0,1005
2021-09-25,3.4177815016527986,9,0.19749810846388724,0.0,1005
2021-09-26,3.297616198929178,14,0.27871757743431236,0.0,1005
2021-09-27,3.152298911698702,9,0.4,0.0,1005
2021-09-28,3.346983928506748,8,0.1959201793491467,0.0,1005
2021-09-29,3.253280198396521,12,0.4,0.0,1005
2021-09-30,3.2773286900826752,8,0.3127251815805025,0.0,1005
2021-10-01,3.346333910658393,8,0.23758165341814366,0.0,1005
2021-10-02,3.360702747194501,13,0.21607677887171756,0.0,1005
2021-10-03,3.3089879055177627,9,0.2711078829898552,0.0,1005
2021-10-04,3.3150128484082595,9,0.35404099109529746,0.0,1005
2021-10-05,3.3427103739553616,8,0.1921552381730859,0.0,1005
2021-10-06,3.2872657838394197,11,0.4,0.0,1005
2021-10-07,3.2380296416925516,12,0.21469163420791587,0.0,1005
2021-10-08,3.2254657012084675,6,0.3426740656565121,0.0,1005
2021-10-09,3.267216840649567,7,0.10989988499955458,0.0,1005
2021-10-10,3.2584766245916046,13,0.32781956779798693,0.0,1005
2021-10-11,3.3491769501702193,7,0.1,0.0,1005
2021-10-12,3.332798308335796,6,0.25947335744941247,0.0,1005
2021-10-13,3.3233897130198256,9,0.3955826931636536,0.0,1005
2021-10-14,3.250513790823802,4,0.28870054217638513,0.0,1005
2021-10-15,3.2628073823229693,5,0.3367853279624842,0.0,1005
2021-10-16,3.3383646332747756,16,0.4,0.0,1005
2021-10-17,3.350326730882275,9,0.4,0.0,1005
2021-10-18,3.1917323522013445,7,0.15843601207285368,0.0,1005
2021-10-19,3.2640853189945727,7,0.15340435568259983,0.0,1005
2021-10-20,3.233188327389372,8,0.1569865707954405,0.0,1005
2021-10-21,3.322537478706321,3,0.19119399684935065,0.0,1005
2021-10-22,3.2813765173627223,6,0.4,0.0,1005
2021-10-23,3.2741605370319986,10,0.31954688902938994,0.0,1005
2021-10-24,3.3240826598841307,9,0.2437610521905648,0.0,1005
2021-10-25,3.2872479817598554,4,0.19977515495092363,0.0,1005
2021-10-26,3.2873939049237957,10,0.1631888885837255,0.0,1005
2021-10-27,3.2398798782365317,6,0.21989397121968732,0.0,1005
2021-10-28,3.2960495791395914,9,0.15582176197884173,0.0,1005
2021-10-29,3.4031275411565893,7,0.3264385204012077,0.0,1005
2021-10-30,3.353054225255683,9,0.21881501449402377,0.0,1005
2021-10-31,3.2166912352465706,14,0.25311815932407883,0.0,1005
2021-11-01,3.3270710448948004,18,0.2482399473633159,0.0,1005
2021-11-02,3.2628753187771866,5,0.39671438704015727,0.0,1005
2021-11-03,3.2939945223498923,7,0.22975049902151762,0.0,1005
2021-11-04,3.234690426346755,9,0.4,0.0,1005
2021-11-05,3.3158347545908278,10,0.2304066271701532,0.0,1005
2021-11-06,3.299905083242438,11,0.29321330770337845,0.0,1005
2021-11-07,3.3350405860295385,15,0.32281801991524806,0.0,1005
2021-11-08,3.270581622274979,9,0.4,0.0,1005
2021-11-09,3.2931361548806493,10,0.3162492740356866,0.0,1005
2021-11-10,3.333132902420742,12,0.3229952038211759,0.0,1005
2021-11-11,3.344128802451415,6,0.24057674502848048,0.0,1005
2021-11-12,3.36136498688958,4,0.17188316844482654,0.0,1005
2021-11-13,3.263394329855532,7,0.38156133648904567,0.0,1005
2021-11-14,3.3157320951206626,11,0.29813388450555456,0.0,1005
2021-11-15,3.3129508601735673,11,0.15164150946933738,0.0,1005
2021-11-16,3.350417055415293,13,0.3830816622057654,0.0,1005
2021-11-17,3.378194393850658,10,0.16253737922379408,0.0,1005
2021-11-18,3.2530642536987022,8,0.4,0.0,1005
2021-11-19,3.1792849000300727,7,0.4,0.0,1005
2021-11-20,3.2969444211510077,11,0.17478756859520073,0.0,1005
2021-11-21,3.2819449851725593,12,0.17309521683958862,0.0,1005
2021-11-22,3.393535814808973,8,0.2737976153769642,0.0,1005
2021-11-23,3.2138596800129644,9,0.33627471191554337,0.0,1005
2021-11-24,3.310088714741454,9,0.3513023138721048,0.0,1005
2021-11-25,3.3008749561897814,3,0.3454722360988157,0.0,1005
2021-11-26,3.304948811392089,7,0.3936594541098718,0.0,1005
2021-11-27,3.3091975047765034,12,0.4,0.0,1005
2021-11-28,3.3111587433897984,7,0.4,0.0,1005
2021-11-29,3.3060183928988764,8,0.24641201706098675,0.0,1005
2021-11-30,3.3719422637101366,8,0.4,0.0,1005
2021-12-01,3.25264084977027,10,0.30498402778293815,0.0,1005
2021-12-02,3.26834511845838,6,0.29357884826691527,0.0,1005
2021-12-03,3.2394333271557736,10,0.2347239639035604,0.0,1005
2021-12-04,3.2763548928276784,5,0.287334832391766,0.0,1005
2021-12-05,3.3166609275913417,16,0.3845113069302038,0.0,1005
2021-12-06,3.249028981368046,6,0.27260713652296786,0.0,1005
2021-12-07,3.2299691430077497,10,0.12508602237969457,0.0,1005
2021-12-08,3.3395693751705084,6,0.4,0.0,1005
2021-12-09,3.281547878683193,6,0.2683740943965444,0.0,1005
2021-12-10,3.2350042530802567,3,0.2981155067887654,0.0,1005
2021-12-11,3.346862674336681,13,0.4,0.0,1005
2021-12-12,3.2988144064551372,17,0.1541170654474124,0.0,1005
2021-12-13,3.320223599928566,10,0.36714602437042215,0.0,1005
2021-12-14,3.3264164166920676,6,0.2929441652544625,0.0,1005
2021-12-15,3.2987266671739257,8,0.4,0.0,1005
2021-12-16,3.364260107165818,5,0.365535869420792,0.0,1005
2021-12-17,3.3675384355330396,7,0.38942728389724446,0.0,1005
2021-12-18,3.4070647879421636,13,0.2638353048847344,0.0,1005
2021-12-19,3.332704077266524,7,0.4,0.0,1005
2021-12-20,3.2767649517007955,6,0.31046448724621967,0.0,1005
2021-12-21,3.3635458182733378,6,0.18690766835282327,0.0,1005
2021-12-22,3.314974198844447,7,0.20274674243249385,0.0,1005
2021-12-23,3.356096929775835,11,0.4,0.0,1005
2021-12-24,3.3133474784379686,5,0.2899570796262514,0.0,1005
2021-12-25,3.2594084955466034,8,0.3347121054646619,0.0,1005
2021-12-26,3.377539450333745,11,0.39651305102912837,0.0,1005
2021-12-27,3.23502849566861,5,0.4,0.0,1005
2021-12-28,3.310534188973828,5,0.4,0.0,1005
2021-12-29,3.2948921482213387,7,0.3545835188710131,0.0,1005
2021-12-30,3.3363969521725654,8,0.2637016132575391,0.0,1005
2021-12-31,3.2626411886941233,4,0.31686467530698237,0.0,1005
2022-01-01,3.2320491129617914,12,0.33409934196845825,0.0,1005
2022-01-02,3.3432481161154852,6,0.1495173590379183,0.0,1005
2022-01-03,3.274050031327918,6,0.24401660986025014,0.0,1005
2022-01-04,3.35766766995799,8,0.3584774880479836,0.0,1005
2022-01-05,3.25579701263054,17,0.4,0.0,1005
2022-01-06,3.376817152545241,11,0.18447033444753988,0.0,1005
2022-01-07,3.3650117418353735,9,0.14116673191580098,0.0,1005
2022-01-08,3.3577988969964827,14,0.10476612743834743,0.0,1005
2022-01-09,3.3165113045702763,8,0.4,0.0,1005
2022-01-10,3.23213067164697,10,0.3156905101892891,0.0,1005
2022-01-11,3.2599707242231637,9,0.4,0.0,1005
2022-01-12,3.325542151793048,11,0.3847613703271013,0.0,1005
2022-01-13,3.312599709610456,5,0.39014431059921784,0.0,1005
2022-01-14,3.3459781558008643,2,0.14599084865654238,0.0,1005
2022-01-15,3.276596073528584,21,0.22996328692277454,0.0,1005
2022-01-16,3.357894658845904,12,0.2173732890266409,0.0,1005
2022-01-17,3.267117302523758,7,0.39978664852564266,0.0,1005
2022-01-18,3.3045380023012694,7,0.4,0.0,1005
2022-01-19,3.2752198143141293,6,0.2663349672834687,0.0,1005
2022-01-20,3.3076063002401104,7,0.19835940600709448,0.0,1005
2022-01-21,3.3734484391746045,8,0.36530987534489046,0.0,1005
2022-01-22,3.2743027740913906,9,0.4,0.0,1005
2022-01-23,3.2631455998916397,13,0.3557824109822924,0.0,1005
2022-01-24,3.2718414515927003,6,0.20833766623344813,0.0,1005
2022-01-25,3.320800142914309,6,0.18856846712701608,0.0,1005
2022-01-26,3.31356309580616,8,0.4,0.0,1005
2022-01-27,3.2805862292299723,8,0.4,0.0,1005
2022-01-28,3.311820893450266,11,0.3742340185432667,0.0,1005
2022-01-29,3.2407087782539805,16,0.28846442874990313,0.0,1005
2022-01-30,3.263698763679502,8,0.1996742790628645,0.0,1005
2022-01-31,3.2890399731925823,12,0.36118552346722094,0.0,1005
2022-02-01,3.23555213133258,3,0.36802468254534865,0.0,1005
2022-02-02,3.250722680729027,7,0.4,0.0,1005
2022-02-03,3.3497931680810025,8,0.18037763402460127,0.0,1005
2022-02-04,3.332565688779173,8,0.3673518411592566,0.0,1005
2022-02-05,3.418231999816629,15,0.4,0.0,1005
2022-02-06,3.2311652069021433,13,0.2305908133851904,0.0,1005
2022-02-07,3.302263323102031,7,0.24092055927978237,0.0,1005
2022-02-08,3.334191935113405,10,0.3799925943047504,0.0,1005
2022-02-09,3.3279898706995463,2,0.3412245160630665,0.0,1005
2022-02-10,3.325023570640873,7,0.3178161145950509,0.0,1005
2022-02-11,3.2160201330833282,6,0.2579258298463263,0.0,1005
2022-02-12,3.341702255389568,12,0.4,0.0,1005
2022-02-13,3.302883590733007,14,0.36146565110199924,0.0,1005
2022-02-14,3.315779336634668,5,0.262726607717293,0.0,1005
2022-02-15,3.326932357688936,10,0.25145169295455966,0.0,1005
2022-02-16,3.276977410627186,6,0.30279734722792834,0.0,1005
2022-02-17,3.220347033414806,7,0.27008533851599215,0.0,1005
2022-02-18,3.2414014372017874,7,0.34455917022476457,0.0,1005
2022-02-19,3.388802426918636,8,0.2507611489568786,0.0,1005
2022-02-20,3.28781233152253,6,0.21836144163167595,0.0,1005
2022-02-21,3.2876843768059225,10,0.2686847677112598,0.0,1005
2022-02-22,3.3169933756118066,15,0.3276857588194897,0.0,1005
2022-02-23,3.3581050611787857,7,0.4,0.0,1005
2022-02-24,3.2173522151108527,10,0.1,0.0,1005
2022-02-25,3.2507971996936194,12,0.2574021001574143,0.0,1005
2022-02-26,3.275059331521782,15,0.20731496375604652,0.0,1005
2022-02-27,3.3141590392054514,9,0.2629776252330995,0.0,1005
2022-02-28,3.2565412753700307,8,0.20030747522180004,0.0,1005
2022-03-01,3.311356478822928,6,0.30461523983379307,0.0,1005
2022-03-02,3.2871040135736576,8,0.1261955918638429,0.0,1005
2022-03-03,3.3323906834647974,8,0.3442677611821592,0.0,1005
2022-03-04,3.3432178797861516,10,0.28708710192439946,0.0,1005
2022-03-05,3.3048970979279977,7,0.2908016386472996,0.0,1005
2022-03-06,3.3291542003450507,16,0.4,0.0,1005
2022-03-07,3.3663093290632653,6,0.3243041910314919,0.0,1005
2022-03-08,3.2871579150204595,6,0.1454183706542168,0.0,1005
2022-03-09,3.219501446878035,9,0.3087352594594729,0.0,1005
2022-03-10,3.3212293304752434,9,0.3219968447039283,0.0,1005
2022-03-11,3.452253489776825,12,0.3276283313751712,0.0,1005
2022-03-12,3.377720175634189,17,0.24349944784979366,0.0,1005
2022-03-13,3.3475576742062807,13,0.36532154435100034,0.0,1005
2022-03-14,3.3121759852013906,16,0.3853895614820486,0.0,1005
2022-03-15,3.2677554200955377,6,0.36425537668889624,0.0,1005
2022-03-16,3.3550665344485906,9,0.2932903125468593,0.0,1005
2022-03-17,3.2621677531803908,9,0.2982576454985069,0.0,1005
2022-03-18,3.25578128287074,11,0.2635025882201331,0.0,1005
2022-03-19,3.2534622435197567,9,0.3551395054193956,0.0,1005
2022-03-20,3.3302789382737927,14,0.315879057517591,0.0,1005
2022-03-21,3.1677186141007563,9,0.2889710957424284,0.0,1005
2022-03-22,3.243919422916078,5,0.3128343511897188,0.0,1005
2022-03-23,3.2827187057622673,9,0.382174003814065,0.0,1005
2022-03-24,3.374728953450599,6,0.1947730246805458,0.0,1005
2022-03-25,3.3464993189279055,8,0.3001127245153625,0.0,1005
2022-03-26,3.3296226129953044,13,0.36444242197812926,0.0,1005
2022-03-27,3.2662623105712583,13,0.16128736834870747,0.0,1005
2022-03-28,3.2939088021774285,11,0.28817708326662844,0.0,1005
2022-03-29,3.2563579007889683,5,0.226330561805605,0.0,1005
2022-03-30,3.3943176772646937,11,0.26612321735057803,0.0,1005
2022-03-31,3.324394061443566,6,0.13311974809721808,0.0,1005
2022-04-01,3.394345103876465,12,0.25693030526621585,0.0,1005
2022-04-02,3.2714099589531185,16,0.4,0.0,1005
2022-04-03,3.220789316554821,17,0.24668323735735798,0.0,1005
2022-04-04,3.2268523576015777,6,0.14040287960293724,0.0,1005
2022-04-05,3.2441486877069137,9,0.35240431006469863,0.0,1005
2022-04-06,3.2821982512756955,14,0.20732318029144212,0.0,1005
2022-04-07,3.2968976166558646,7,0.23726304097133477,0.0,1005
2022-04-08,3.3217816893516283,12,0.2503615636860034,0.0,1005
2022-04-09,3.307027803438643,18,0.4,0.0,1005
2022-04-10,3.20985462252173,13,0.4,0.0,1005
2022-04-11,3.260221518206787,3,0.295255926886154,0.0,1005
2022-04-12,3.3905071843572747,9,0.2912059652537409,0.0,1005
2022-04-13,3.3328521059779157,9,0.17032099364577566,0.0,1005
2022-04-14,3.4035652142178034,4,0.3569505026629457,0.0,1005
2022-04-15,3.366589307276762,6,0.34416062206360104,0.0,1005
2022-04-16,3.285640951909253,16,0.3442205629211183,0.0,1005
2022-04-17,3.303098837615727,15,0.3510817104571338,0.0,1005
2022-04-18,3.365269770169257,5,0.3336821238081125,0.0,1005
2022-04-19,3.3180070226087617,7,0.33956469909388154,0.0,1005
2022-04-20,3.3250546207454357,8,0.24163846222371005,0.0,1005
2022-04-21,3.322450368138484,9,0.36997717809838954,0.0,1005
2022-04-22,3.266438967817671,6,0.182321465514894,0.0,1005
2022-04-23,3.2636052575110073,12,0.3537517007888926,0.0,1005
2022-04-24,3.434044029472355,14,0.1,0.0,1005
2022-04-25,3.2774870041219173,5,0.4,0.0,1005
2022-04-26,3.356538958002902,10,0.3189114984214896,0.0,1005
2022-04-27,3.399795830428187,6,0.29519478750205924,0.0,1005
2022-04-28,3.2701130739467494,7,0.3317609956510407,0.0,1005
2022-04-29,3.3301818937068677,9,0.31376240774788045,0.0,1005
2022-04-30,3.315561982161898,8,0.3295162103264486,0.0,1005
2022-05-01,3.3382820989305895,17,0.22935957627557746,0.0,1005
2022-05-02,3.29225317600922,12,0.24465413436086533,0.0,1005
2022-05-03,3.28280620079939,7,0.33049800450374506,0.0,1005
2022-05-04,3.277661290221498,18,0.2572164618835919,0.0,1005
2022-05-05,3.2644640150669066,11,0.2086067480456239,0.0,1005
2022-05-06,3.2951258114423876,4,0.4,0.0,1005
2022-05-07,3.265697741971816,15,0.1799964305836034,0.0,1005
2022-05-08,3.233903900041443,5,0.2501097152813703,0.0,1005
2022-05-09,3.3660092258460756,11,0.1595429702908309,0.0,1005
2022-05-10,3.365549903095843,10,0.24838544580461178,0.0,1005
2022-05-11,3.3094559949172226,13,0.1989411833700894,0.0,1005
2022-05-12,3.3372397654177988,9,0.4,0.0,1005
2022-05-13,3.332719433662814,8,0.317772878759531,0.0,1005
2022-05-14,3.3582415006729645,16,0.2264860811285746,0.0,1005
2022-05-15,3.2597290026420924,10,0.25340700960120005,0.0,1005
2022-05-16,3.2391733382567534,12,0.23586379032209706,0.0,1005
2022-05-17,3.2170252841723896,7,0.18581491283171786,0.0,1005
2022-05-18,3.219737915969331,9,0.19747065672627445,0.0,1005
2022-05-19,3.258164229963471,9,0.4,0.0,1005
2022-05-20,3.328640562139168,12,0.22243974615676523,0.0,1005
2022-05-21,3.256199827278864,9,0.4,0.0,1005
2022-05-22,3.328372734307067,11,0.36328696903692925,0.0,1005
2022-05-23,3.235971406843838,5,0.3340552043307914,0.0,1005
2022-05-24,3.329787295359845,6,0.1682955030187549,0.0,1005
2022-05-25,3.314172366977442,8,0.2697047283277806,0.0,1005
2022-05-26,3.374326330596068,9,0.3431368606398574,0.0,1005
2022-05-27,3.2702920864590115,9,0.24055609465358466,0.0,1005
2022-05-28,3.277961167702488,12,0.2762575777562916,0.0,1005
2022-05-29,3.325051497141926,9,0.23404673149373412,0.0,1005
2022-05-30,3.2637954644100655,17,0.4,0.0,1005
2022-05-31,3.3013346890763082,9,0.4,0.0,1005
2022-06-01,3.2269004942374546,6,0.2640435752884647,0.0,1005
2022-06-02,3.3288358494668286,11,0.3881789275380945,0.0,1005
2022-06-03,3.3158840488727717,7,0.20040900289624208,0.0,1005
2022-06-04,3.3442063302416054,9,0.31966910215919697,0.0,1005
2022-06-05,3.3243615480396342,13,0.3646954300151947,0.0,1005
2022-06-06,3.2396840251335655,6,0.3278715788614995,0.0,1005
2022-06-07,3.2940724393743657,10,0.30066725679147804,0.0,1005
2022-06-08,3.3327157831405767,9,0.398708036484544,0.0,1005
2022-06-09,3.286814143887689,8,0.3432409649383268,0.0,1005
2022-06-10,3.309607918645877,9,0.3905266691408179,0.0,1005
2022-06-11,3.481327431904856,4,0.19467051687501408,0.0,1005
2022-06-12,3.382835026666757,11,0.4,0.0,1005
2022-06-13,3.322469987451721,10,0.1666199656526897,0.0,1005
2022-06-14,3.2546472934370847,7,0.35254313157886147,0.0,1005
2022-06-15,3.4009015351270357,10,0.18736131120078828,0.0,1005
2022-06-16,3.306391532153641,2,0.31561389798432504,0.0,1005
2022-06-17,3.339171486138776,8,0.31553592006133885,0.0,1005
2022-06-18,3.3121574475028708,17,0.16263322257469226,0.0,1005
2022-06-19,3.2912484773958384,8,0.18177953654519408,0.0,1005
2022-06-20,3.2741198882568776,10,0.19631762903495906,0.0,1005
2022-06-21,3.30773491261977,6,0.2231746462914508,0.0,1005
2022-06-22,3.3785143094369174,12,0.2765530726641152,0.0,1005
2022-06-23,3.240585321071801,11,0.19880414542887034,0.0,1005
2022-06-24,3.3134317840162284,6,0.2876394707175023,0.0,1005
2022-06-25,3.3389812491467805,13,0.22315872563956085,0.0,1005
2022-06-26,3.280540464867782,12,0.32553739322793807,0.0,1005
2022-06-27,3.365009540271763,5,0.4,0.0,1005
2022-06-28,3.3470034629152283,7,0.3729383633401758,0.0,1005
2022-06-29,3.293571769608822,6,0.3206404088403276,0.0,1005
2022-06-30,3.3408797963754773,8,0.1,0.0,1005
2022-07-01,3.3264304341024538,5,0.37310204332392016,0.0,1005
2022-07-02,3.2161591380027827,12,0.2055661029105686,0.0,1005
2022-07-03,3.339358019364882,6,0.2118320200892822,0.0,1005
2022-07-04,3.2822670371831975,9,0.24095444898430782,0.0,1005
2022-07-05,3.247509633914531,6,0.4,0.0,1005
2022-07-06,3.268998594303705,10,0.4,0.0,1005
2022-07-07,3.2304496554425053,8,0.4,0.0,1005
2022-07-08,3.29430816096623,9,0.3070857227993526,0.0,1005
2022-07-09,3.2894555526891383,14,0.21988847011015936,0.0,1005
2022-07-10,3.278589864895514,14,0.4,0.0,1005
2022-07-11,3.3384877052718265,5,0.4,0.0,1005
2022-07-12,3.177746841983228,3,0.3305735344067132,0.0,1005
2022-07-13,3.3813830585078355,9,0.3326568680921274,0.0,1005
2022-07-14,3.3155457197007108,7,0.3095184967975887,0.0,1005
2022-07-15,3.2953114380538167,6,0.2798635686192242,0.0,1005
2022-07-16,3.2146450848846055,13,0.29412237791975326,0.0,1005
2022-07-17,3.2896564792796923,9,0.19130675442290512,0.0,1005
2022-07-18,3.248456472479503,3,0.32033657136868304,0.0,1005
2022-07-19,3.3407218231289297,8,0.23069664567799025,0.0,1005
2022-07-20,3.306989786354638,12,0.10735333855838779,0.0,1005
2022-07-21,3.32489728431314,12,0.4,0.0,1005
2022-07-22,3.29897323596686,10,0.2382873259151194,0.0,1005
2022-07-23,3.296132229688375,13,0.25054122624779357,0.0,1005
2022-07-24,3.3461760302606245,10,0.18926819958058366,0.0,1005
2022-07-25,3.284312256475261,4,0.2510414175633042,0.0,1005
2022-07-26,3.391901992465062,5,0.4,0.0,1005
2022-07-27,3.436495279379789,12,0.1642069938006618,0.0,1005
2022-07-28,3.3503618588512762,6,0.2796828078877617,0.0,1005
2022-07-29,3.28688869234434,7,0.4,0.0,1005
2022-07-30,3.308134245993078,11,0.3036701650113537,0.0,1005
2022-07-31,3.251559211061605,7,0.19858901291415867,0.0,1005
2022-08-01,3.325332549330638,10,0.37577423554653006,0.0,1005
2022-08-02,3.1842246705351798,13,0.4,0.0,1005
2022-08-03,3.2217919017915864,7,0.21994366663671683,0.0,1005
2022-08-04,3.2682892851888905,7,0.38104198931458555,0.0,1005
2022-08-05,3.3239929958372945,9,0.4,0.0,1005
2022-08-06,3.329408080808358,9,0.2977762639348947,0.0,1005
2022-08-07,3.301998078909792,8,0.31618278424567947,0.0,1005
2022-08-08,3.3507732297361867,3,0.2887409709358901,0.0,1005
2022-08-09,3.3570787822798036,9,0.4,0.0,1005
2022-08-10,3.2570696094969525,9,0.31307342781805664,0.0,1005
2022-08-11,3.2753392689259706,7,0.3753380014906791,0.0,1005
2022-08-12,3.2927773552026913,6,0.31326604836177124,0.0,1005
2022-08-13,3.1623548843883746,7,0.4,0.0,1005
2022-08-14,3.337125794131348,12,0.4,0.0,1005
2022-08-15,3.391288394602925,7,0.4,0.0,1005
2022-08-16,3.331279873896955,8,0.18156662780692978,0.0,1005
2022-08-17,3.311861431211092,13,0.22111680626309266,0.0,1005
2022-08-18,3.304728774620235,10,0.39984266350510367,0.0,1005
2022-08-19,3.2170506021464003,15,0.310869457874847,0.0,1005
2022-08-20,3.2583665868098817,13,0.2710114149381626,0.0,1005
2022-08-21,3.2083134011784855,14,0.4,0.0,1005
2022-08-22,3.3346077212837657,5,0.335994105312764,0.0,1005
2022-08-23,3.345410783419943,9,0.3370038836937359,0.0,1005
2022-08-24,3.356968045777758,6,0.3534745375278588,0.0,1005
2022-08-25,3.3707563107696834,6,0.4,0.0,1005
2022-08-26,3.23118637252641,10,0.4,0.0,1005
2022-08-27,3.2608839956707714,15,0.3986265376006266,0.0,1005
2022-08-28,3.2240594823059787,10,0.20055293035553984,0.0,1005
2022-08-29,3.268122892397958,6,0.4,0.0,1005
2022-08-30,3.2426815483227958,8,0.4,0.0,1005
2022-08-31,3.2105468820732845,10,0.4,0.0,1005
2022-09-01,3.3095603495333745,7,0.4,0.0,1005
2022-09-02,3.1731424910891346,6,0.36494640354589486,0.0,1005
2022-09-03,3.3638702301200354,5,0.29465669998355687,0.0,1005
2022-09-04,3.2852094573043247,9,0.38842866786657093,0.0,1005
2022-09-05,3.321433073219193,9,0.33525213525210446,0.0,1005
2022-09-06,3.3120038161602494,9,0.36899703316043775,0.0,1005
2022-09-07,3.3191143822227893,8,0.28357412760454326,0.0,1005
2022-09-08,3.4088846279748637,8,0.262609338349743,0.0,1005
2022-09-09,3.326516988762322,8,0.32907176604233834,0.0,1005
2022-09-10,3.2117444085449827,11,0.3820770319385125,0.0,1005
2022-09-11,3.2581863801521713,12,0.35446278890259675,0.0,1005
2022-09-12,3.3457019878858443,9,0.4,0.0,1005
2022-09-13,3.2190503524644405,9,0.18079975513294158,0.0,1005
2022-09-14,3.2927020989002376,9,0.2137381164311786,0.0,1005
2022-09-15,3.3417188909023285,8,0.35179327745005745,0.0,1005
2022-09-16,3.301693426243399,3,0.3064601325105879,0.0,1005
2022-09-17,3.1801988513495365,13,0.3120261697425202,0.0,1005
2022-09-18,3.2650415682663536,13,0.3679743308885669,0.0,1005
2022-09-19,3.358294982905545,7,0.3231805838844462,0.0,1005
2022-09-20,3.3402295973368847,5,0.36442413318310013,0.0,1005
2022-09-21,3.208330334941598,8,0.19900150832945548,0.0,1005
2022-09-22,3.24686570457845,8,0.36655270110262045,0.0,1005
2022-09-23,3.3190461748794635,10,0.3449242527471679,0.0,1005
2022-09-24,3.306532077529602,13,0.39005726090156917,0.0,1005
2022-09-25,3.309454385761805,11,0.2020272477145132,0.0,1005
2022-09-26,3.2518983883989465,9,0.18449085469735024,0.0,1005
2022-09-27,3.288410016389303,9,0.18363880758533202,0.0,1005
2022-09-28,3.22736540073031,3,0.3507896826163532,0.0,1005
2022-09-29,3.333980196361442,8,0.20455526498621934,0.0,1005
2022-09-30,3.290625684839907,9,0.12458510262387523,0.0,1005
2022-10-01,3.2686016160463676,18,0.3007101421974994,0.0,1005
2022-10-02,3.253763736859844,14,0.3052540994160101,0.0,1005
2022-10-03,3.307632993964497,5,0.202278501557994,0.0,1005
2022-10-04,3.3567594776406064,6,0.4,0.0,1005
2022-10-05,3.355554666448766,13,0.31255967655244626,0.0,1005
2022-10-06,3.214480499058085,12,0.4,0.0,1005
2022-10-07,3.2528534487838123,7,0.20516119387888465,0.0,1005
2022-10-08,3.29559366214612,11,0.4,0.0,1005
2022-10-09,3.2301236959901822,14,0.2535027534673967,0.0,1005
2022-10-10,3.3119555234730753,3,0.1493170583262079,0.0,1005
2022-10-11,3.2723765350437577,12,0.3653627793811223,0.0,1005
2022-10-12,3.336992526822715,9,0.2954507694069141,0.0,1005
2022-10-13,3.3243871112697483,4,0.28090157495246715,0.0,1005
2022-10-14,3.310275050144042,13,0.12752689116855956,0.0,1005
2022-10-15,3.260331081748431,9,0.27424986111176264,0.0,1005
2022-10-16,3.257944538710696,7,0.2064294540231484,0.0,1005
2022-10-17,3.3129703407012134,8,0.3256988107525888,0.0,1005
2022-10-18,3.340648198792492,12,0.4,0.0,1005
2022-10-19,3.317523847828368,6,0.2446135005772097,0.0,1005
2022-10-20,3.2763356543257047,5,0.24945044905099492,1.3493144351589328e-07,1005
2022-10-21,3.338685004368924,8,0.2634232064462116,5.542228236936888e-07,1005
2022-10-22,3.263898884647481,9,0.2193531601635099,1.921278874285489e-06,1005
2022-10-23,3.3809448203537524,20,0.2043403624772199,5.8287014330830365e-06,1005
2022-10-24,3.4399176845831976,11,0.4,1.604926065134365e-05,1005
2022-10-25,3.270046440694687,6,0.30387998681241174,3.9513090589900205e-05,1005
2022-10-26,3.258030239993119,7,0.12314253925975203,8.834626047290819e-05,1005
2022-10-27,3.3967508626243528,12,0.36003817130789667,0.0001801607858472542,1005
2022-10-28,3.2817399152825004,7,0.23932882047724646,0.00033705772738075674,1005
2022-10-29,3.291875631528678,19,0.37618832672085234,0.0005817613993586216,1005
2022-10-30,3.308570839218985,18,0.3171102899476766,0.0009317160590854745,1005
2022-10-31,3.292665186171136,5,0.3279413630446738,0.001392657188022844,1005
2022-11-01,3.2698787250792014,11,0.3,0.0019520519226628613,1005
2022-11-02,3.2177147225619596,10,0.1660443132003036,0.002575631977445429,1005
2022-11-03,3.0585691186530513,10,0.3,0.003208744537400476,1005
2022-11-04,3.2228594579107486,5,0.24019537132647734,0.0037857791973586394,1005
2022-11-05,3.2705993234563224,13,0.1832704173901849,0.004248637010178496,1005
2022-11-06,3.279068438157612,17,0.21126702151818202,0.004567464968032038,1005
2022-11-07,3.18340074015169,8,0.16515448402324195,0.0047550715482483396,1005
2022-11-08,3.271939755944272,16,0.3,0.00486545257643339,1005
2022-11-09,3.122530134995796,5,0.16896638694776359,0.004973721311017674,1005
2022-11-10,3.1361015716586103,6,0.3,0.0051448783934205985,1005
2022-11-11,3.271391593766581,11,0.14860737407401176,0.005406486498563036,1005
2022-11-12,3.158590522161717,11,0.2876821631718752,0.0057359997372394885,1005
2022-11-13,3.059080585138744,10,0.18937740137601125,0.006070133160366996,1005
2022-11-14,3.263076241096328,8,0.22597913828606578,0.006331127063920483,1005
2022-11-15,3.161190222357459,9,0.11158889809137369,0.006456348442377873,1005
2022-11-16,3.1776137282977825,11,0.1980983211225711,0.0064210170814235175,1005
2022-11-17,3.2102699443130196,6,0.21309303112369868,0.006245583315880435,1005
2022-11-18,3.2484788952739017,12,0.15243443903718135,0.005989357042172548,1005
2022-11-19,3.2033914226069578,7,0.3,0.005730713908417822,1005
2022-11-20,3.189036713306389,14,0.21247668051650645,0.0055404220805628105,1005
2022-11-21,3.0377365602741957,8,0.15629517899539044,0.005454572396168477,1005
2022-11-22,3.1583097107986844,6,0.14745193256623348,0.00547172011875322,1005
2022-11-23,3.319824435141614,8,0.2034102611967846,0.0055751372920273224,1005
2022-11-24,3.218869825344948,10,0.11421802679989403,0.0057762436838645235,1005
2022-11-25,3.086471373235124,10,0.10114396104037124,0.0061583768536037755,1005
2022-11-26,3.268873497121727,11,0.1260396556361099,0.0068977180917214505,1005
2022-11-27,3.2715849434022872,8,0.14345308973814955,0.008224939433019485,1005
2022-11-28,3.3079100031793223,9,0.18689701177778065,0.010337814803392024,1005
2022-11-29,3.1603425825153573,4,0.2568627434624898,0.013278437727250387,1005
2022-11-30,3.2238016916795216,9,0.11034832431396303,0.016851541259830176,1005
2022-12-01,3.2537391652831382,9,0.1835035297151309,0.020645013875630544,1005
2022-12-02,3.1126290525254805,8,0.3,0.024172835668435595,1005
2022-12-03,3.0788001511958574,13,0.3,0.027078613777567748,1005
2022-12-04,3.228897828507512,6,0.3,0.029271204366837777,1005
2022-12-05,3.1284024674304023,5,0.3,0.030902829489617388,1005
2022-12-06,3.279266744301143,12,0.1725651657380146,0.03221008439274055,1005
2022-12-07,3.22648709871437,11,0.13991932321894304,0.03333282378214749,1005
2022-12-08,3.113329392316922,13,0.2794698671608289,0.03422540201499682,1005
2022-12-09,3.237007842374844,11,0.07546449196751358,0.03472585348411596,1005
2022-12-10,3.1441351361819714,10,0.14229781063475042,0.034712487928061,1005
2022-12-11,3.2337648741244194,11,0.08645673135758528,0.034251673862282325,1005
2022-12-12,3.150188375617491,10,0.12929627755954323,0.03364242995144959,1005
2022-12-13,3.3429901618258246,7,0.3,0.033322706314573805,1005
2022-12-14,3.2438735796980316,4,0.20347828211159874,0.03368909358597366,1005
2022-12-15,3.316274420779939,7,0.1824198083421442,0.03491716997400864,1005
2022-12-16,3.0881366562185395,5,0.2524280559380012,0.03687431863663534,1005
2022-12-17,3.1896115523084543,9,0.17037787426592274,0.039156982959501915,1005
2022-12-18,3.2037657235023764,14,0.07681039565007194,0.041257569738322314,1005
2022-12-19,3.182955857156909,9,0.13270908954214328,0.04276492975915251,1005
2022-12-20,3.2237382555961847,6,0.05514581372264839,0.04351595826386359,1005
2022-12-21,3.2232713419400283,5,0.3,0.043627087712557265,1005
2022-12-22,3.202661651763074,5,0.22159514429696517,0.04340110143516111,1005
2022-12-23,3.1071388341334387,12,0.21256666821386583,0.043157129201908895,1005
2022-12-24,3.1110710136737034,12,0.2616492249440394,0.04308304200215825,1005
2022-12-25,3.1378060339074754,19,0.16288270597656873,0.043171435167763055,1005
2022-12-26,3.118893088255395,10,0.29087894065257075,0.043286606895839824,1005
2022-12-27,3.229969803351664,11,0.3,0.04329749340262698,1005
2022-12-28,3.2716733634402853,3,0.21076828862140365,0.04318591311633137,1005
2022-12-29,3.165534534128499,6,0.1634267644133629,0.04306356060382592,1005
2022-12-30,3.2832073637769463,6,0.2757799465183846,0.04309165564602285,1005
2022-12-31,3.2379497329112628,16,0.19489512322726393,0.043374324962262116,1005
2023-01-01,3.1473972832666592,15,0.25334057448588077,0.043889100891408225,1005
2023-01-02,3.1476335761183436,7,0.2829692018715603,0.044497132681702155,1005
2023-01-03,3.2544081995439287,6,0.09111759951729015,0.04499368764683173,1005
2023-01-04,3.1271604211726314,6,0.20097623898590303,0.0451947444177892,1005
2023-01-05,3.118521033283217,13,0.3,0.045003848205694134,1005
2023-01-06,3.1471727039444577,14,0.2778963273599696,0.04447257112012572,1005
2023-01-07,3.3723978980673746,19,0.14495218174109506,0.043828462551463214,1005
2023-01-08,3.3134767194337797,9,0.22553946505139605,0.04343387576111741,1005
2023-01-09,3.1939871468912733,3,0.08424891533142598,0.04367304494224988,1005
2023-01-10,3.1636788255644492,7,0.23330821601705637,0.04477775520764722,1005
2023-01-11,3.0984303554670287,15,0.2008113228978204,0.04670165158496303,1005
2023-01-12,3.2407429195844504,9,0.1576440308162359,0.049093813318017376,1005
2023-01-13,3.095739038522878,3,0.05,0.0514134110922838,1005
2023-01-14,3.1148544255528035,12,0.14871654253860034,0.053118071259312276,1005
2023-01-15,3.1030549393584264,12,0.3,0.05383870169029119,1005
2023-01-16,3.2870676783054162,7,0.22105909278989322,0.05346405581554382,1005
2023-01-17,3.2257002663554366,5,0.3,0.052099384493723366,1005
2023-01-18,3.261701103565237,9,0.2523276058678457,0.049963151692869544,1005
2023-01-19,3.130827293541203,5,0.22568411739729186,0.047301237347838435,1005
2023-01-20,3.343772893045106,5,0.3,0.04436456759030486,1005
2023-01-21,3.1956557853650227,14,0.12964252421235556,0.04144726804581167,1005
2023-01-22,3.1680473755880745,8,0.22524911499957856,0.038903456824968125,1005
2023-01-23,3.199662798646629,4,0.16088722058216817,0.03709087814047445,1005
2023-01-24,3.3200614720147565,8,0.23376038855491912,0.03624659738078173,1005
2023-01-25,3.34621523911638,7,0.0953099966870501,0.036366882466352966,1005
2023-01-26,3.1664741367859524,7,0.15420053925505645,0.03718860956162519,1005
2023-01-27,3.410492355042622,4,0.1612425984967884,0.03827895355784472,1005
2023-01-28,3.1275856047157644,7,0.19046549338721974,0.03920331388839909,1005
2023-01-29,3.033810232555641,11,0.24504747177892583,0.039685336687252555,1005
2023-01-30,3.1063923341557524,5,0.06434828399382708,0.039687004740556704,1005
2023-01-31,3.1380725594372167,10,0.27869402308938407,0.03939870020911243,1005
2023-02-01,3.0793573963861096,13,0.14651181589045456,0.03914765929703237,1005
2023-02-02,3.097513082734185,13,0.11666008272349575,0.039282798045674985,1005
2023-02-03,3.285244177562183,7,0.22125858610914437,0.040046052923137745,1005
2023-02-04,3.3082885851368675,15,0.3,0.041490107565140065,1005
2023-02-05,3.2001758054502507,11,0.18497170866941656,0.0434329277542211,1005
2023-02-06,3.242100053851095,7,0.127248375976177,0.04551588876142485,1005
2023-02-07,3.0962010458191753,9,0.16002322514696446,0.04733989744153924,1005
2023-02-08,3.3010368054128003,11,0.11171398644529067,0.048626706978818345,1005
2023-02-09,3.190767687380127,9,0.21716737719381593,0.04932511457206043,1005
2023-02-10,3.0505948589343523,5,0.08465749311745918,0.04960297726474094,1005
2023-02-11,3.318271329332648,9,0.18730870817971723,0.0497413097949127,1005
2023-02-12,3.1636119415241533,11,0.19820444130610773,0.04998940750084448,1005
2023-02-13,3.3482046689762197,12,0.1896800213801133,0.05046012188304026,1005
2023-02-14,3.2569651266711808,9,0.15801691697020448,0.05109699507012831,1005
2023-02-15,3.089344499988623,5,0.10790508763917929,0.05171566701199856,1005
2023-02-16,3.2054544089501102,5,0.23646135611014357,0.052096471987761614,1005
2023-02-17,3.1511340084391177,10,0.05,0.052100017825645474,1005
2023-02-18,3.270576156790515,13,0.29208612064756084,0.05174625792130158,1005
2023-02-19,3.1217036615018805,15,0.3,0.051202263622221855,1005
2023-02-20,3.2409766553798076,10,0.25677993283812806,0.050680621268771375,1005
2023-02-21,3.173282975704773,6,0.14307693939020508,0.050309405282857225,1005
2023-02-22,3.258071500212328,13,0.11336397654795674,0.05006879647093565,1005
2023-02-23,3.2213197246883576,10,0.21179720107301425,0.049834525077777685,1005
2023-02-24,3.0244658220761504,5,0.061615087007207844,0.04949917507073541,1005
2023-02-25,3.1902575477329616,11,0.21936074032848896,0.04906434842219945,1005
2023-02-26,3.20837848136671,11,0.11207726989979742,0.04867186601263702,1005
2023-02-27,3.1276634604648863,3,0.12513766834954984,0.048539902902485235,1005
2023-02-28,3.200854298300504,9,0.12296863110151272,0.0488482379745452,1005
2023-03-01,3.2799905882850977,10,0.15552336109729306,0.04959637173180903,1005
2023-03-02,3.118944808472715,3,0.11773991485428355,0.05053763989612467,1005
2023-03-03,3.0930875056550358,12,0.17752297129650746,0.05124617225723309,1005
2023-03-04,3.19805171316792,9,0.23083806205986304,0.051319528816152676,1005
2023-03-05,3.0558138184839603,20,0.3,0.05060881549189347,1005
2023-03-06,3.131022906497328,8,0.1490790878614627,0.04930601491863387,1005
2023-03-07,3.3660790544068533,6,0.2947125048990703,0.04781848556584467,1005
2023-03-08,3.2641372621583913,9,0.18342368944680332,0.04649685722247216,1005
2023-03-09,3.1817925645251193,10,0.0798379801193464,0.04541504126381108,1005
2023-03-10,3.248788592083781,11,0.1569829332553457,0.044356150150594964,1005
2023-03-11,3.1755986238652474,18,0.19870447157264592,0.04300573807497886,1005
2023-03-12,3.2070160934661858,12,0.12782480839132399,0.041220134767412625,1005
2023-03-13,3.1966492717822734,10,0.19535711325937669,0.03918674803284302,1005
2023-03-14,3.242246311281525,17,0.15982378561481175,0.037378528361658094,1005
2023-03-15,3.16259279848909,8,0.3,0.03633212718599549,1005
2023-03-16,3.2968168001264844,5,0.3,0.036385224835705596,1005
2023-03-17,3.164716848542048,11,0.15400649646747164,0.03750388033613884,1005
2023-03-18,3.1379265512484302,20,0.15673653077822397,0.03930806553012728,1005
2023-03-19,3.0336279982760925,24,0.23951782378079475,0.04124372562838501,1005
2023-03-20,3.1494202603766883,6,0.3,0.04280778351713839,1005
2023-03-21,3.1860752885178694,16,0.18059000654591975,0.04372396078875009,1005
2023-03-22,3.208815529310278,10,0.09686812733936474,0.0440077427474845,1005
2023-03-23,3.1727317007862377,4,0.3,0.04390749921688156,1005
2023-03-24,3.1806582286119838,12,0.06502044624917955,0.04375283447731938,1005
2023-03-25,3.236987916583337,12,0.18690807960394756,0.04379188333154095,1005
2023-03-26,3.327697243833017,16,0.2994408915260744,0.04409579862363434,1005
2023-03-27,3.163130656138634,10,0.23013671724467918,0.04457679466873,1005
2023-03-28,2.9802539294399826,12,0.3,0.04510143043587615,1005
2023-03-29,3.144420148649047,3,0.3,0.04559746631957118,1005
2023-03-30,3.162392522875089,15,0.16397545378614256,0.046074233853964364,1005
2023-03-31,3.2176773572136246,9,0.2511226751193779,0.04656180815265544,1005
2023-04-01,3.1966384592673007,14,0.3,0.04703785186888131,1005
2023-04-02,3.1416337908333465,18,0.14608903846048177,0.047418182752515026,1005
2023-04-03,3.123143338527163,7,0.10004305540078695,0.0476006522201706,1005
2023-04-04,3.2657738142291897,9,0.19461991118255786,0.04751995951047729,1005
2023-04-05,3.197223226825264,1,0.23621348200367867,0.047163171134692636,1005
2023-04-06,3.1081461098463747,7,0.3,0.04655405370075257,1005
2023-04-07,3.2236768194274377,12,0.19030200305183634,0.045745424779647915,1005
2023-04-08,3.131986157848187,15,0.19148180072767232,0.044824424149544,1005
2023-04-09,3.283815985762555,11,0.10943599645119008,0.04391889475331397,1005
2023-04-10,3.3038588571568233,9,0.20538857904856,0.04316101469735126,1005
2023-04-11,3.2154781079292105,10,0.3,0.042633643218423944,1005
2023-04-12,3.1229618907278516,7,0.2540696873575527,0.04234093596796428,1005
2023-04-13,3.184795395681697,5,0.11668642629457594,0.0422326234340508,1005
2023-04-14,3.2997774515318614,12,0.3,0.042279108167830884,1005
2023-04-15,3.1059075037673702,11,0.08451788199418729,0.042522744684846445,1005
2023-04-16,3.13984371278931,16,0.18327562087154706,0.043088604021691415,1005
2023-04-17,3.2162422617930306,11,0.0665636053550741,0.04411066210548809,1005
2023-04-18,3.3113700684337046,9,0.26766162451633496,0.04564650276121997,1005
2023-04-19,3.18712413696931,17,0.08226997259601421,0.04759180997700663,1005
2023-04-20,3.171419411773636,11,0.18359645824657328,0.04969948001414726,1005
2023-04-21,3.3649049230686314,15,0.1681881640967512,0.05165798546729272,1005
2023-04-22,3.1104011360175114,10,0.18955577894791198,0.05323873828516474,1005
2023-04-23,3.198706687007505,10,0.23565665927052554,0.05442671407869309,1005
2023-04-24,3.0571969497254363,8,0.3,0.055507218704203325,1005
2023-04-25,3.124523569956377,17,0.3,0.05702576408743787,1005
2023-04-26,3.12438835782079,15,0.21083391823015332,0.05962897051712186,1005
2023-04-27,3.181995493461075,3,0.13974130956426553,0.06378100065080443,1005
2023-04-28,3.2236569715982553,5,0.1204617789080665,0.06948043211886959,1005
2023-04-29,3.320072506352201,14,0.1736489261647139,0.0761298113028605,1005
2023-04-30,3.2003357896762843,9,0.16568648329634403,0.0826802744823251,1005
2023-05-01,3.242839414725644,7,0.07946318127579297,0.08800807939100701,1005
2023-05-02,3.101752295482985,8,0.14114271035442652,0.09133402028555462,1005
2023-05-03,3.311601885769256,7,0.3,0.09246136766894908,1005
2023-05-04,3.206632020407765,15,0.05319715342027105,0.09172013193856171,1005
2023-05-05,3.125852353654245,11,0.11965179539025586,0.08974766883505084,1005
2023-05-06,3.293483868671183,11,0.10853706310813044,0.0872677815486993,1005
2023-05-07,3.156884022558212,14,0.2379548409211107,0.08498065505909926,1005
2023-05-08,3.2086221921238485,14,0.05041695112697983,0.08351493876455346,1005
2023-05-09,3.171222158279258,16,0.1835656647864348,0.083346350190558,1005
2023-05-10,3.2130274607827967,4,0.23815744089732546,0.0846487768276962,1005
2023-05-11,3.1378574928791463,9,0.3,0.08716343480641998,1005
2023-05-12,3.1550758371149397,5,0.12309902144023162,0.0902275720856543,1005
2023-05-13,3.1500600641432306,20,0.23638915151976367,0.09300404529990206,1005
2023-05-14,3.117764217633065,16,0.08005545900402146,0.0948352336184948,1005
2023-05-15,3.320634067296336,9,0.05,0.09549240833805663,1005
2023-05-16,3.1617347972985717,10,0.10723767497285382,0.09520968252587331,1005
2023-05-17,3.222728171889481,7,0.14695236204205145,0.09446617862882171,1005
2023-05-18,3.0787047286453864,9,0.10882613910681524,0.09372285127011042,1005
2023-05-19,3.209465385386579,6,0.2909175082781412,0.09327253809725797,1005
2023-05-20,3.2263546051038983,9,0.05,0.09330832535878571,1005
2023-05-21,3.2576269803632,22,0.3,0.09405291811320085,1005
2023-05-22,3.2691997145884373,13,0.05276555810559772,0.0958297691611901,1005
2023-05-23,3.3053740730049617,12,0.09241184041833239,0.0989103390440972,1005
2023-05-24,3.1750501190570115,10,0.17399662787827186,0.10325851800944677,1005
2023-05-25,3.26015124662481,12,0.1513658608197766,0.10834514814909144,1005
2023-05-26,3.1413977388809227,10,0.3,0.11320761612619507,1005
2023-05-27,3.1829362922454547,16,0.20117657749652365,0.11679150171095548,1005
2023-05-28,3.2894218644538804,9,0.18597628013216158,0.11840315063145163,1005
2023-05-29,3.191277061849598,7,0.17071132679435924,0.11802693530773732,1005
2023-05-30,3.079822079718086,7,0.14683537530088353,0.1163125528402917,1005
2023-05-31,3.2671379486446477,4,0.19105894861976375,0.11424825007516268,1005
2023-06-01,3.23579618947194,7,0.23025636247097847,0.11267336267515934,1005
2023-06-02,3.1540629869041186,6,0.12305071762593595,0.1119190527921739,1005
2023-06-03,3.2296711648988,15,0.21674130614968434,0.11172383641435785,1005
2023-06-04,3.3791042491902044,8,0.07114365011929154,0.11146953507735416,1005
2023-06-05,3.1230693991057326,7,0.15000248827441298,0.11055193888930648,1005
2023-06-06,3.157871910626519,6,0.3,0.10870378250010218,1005
2023-06-07,3.0920126441192908,10,0.22302307997510634,0.10609193114043838,1005
2023-06-08,3.2892514573022016,4,0.26923584269003714,0.10319443680017781,1005
2023-06-09,3.244951692776647,3,0.0769011449191938,0.10052431499860706,1005
2023-06-10,3.180564543936833,15,0.14237345262876402,0.09837372215803834,1005
2023-06-11,3.2026823691466855,14,0.19826291958840855,0.09670220670788375,1005
2023-06-12,3.143002316527498,13,0.13827929706045564,0.09521847652748594,1005
2023-06-13,3.0857201859084,10,0.08974987730821878,0.0936230937763288,1005
2023-06-14,3.210162511064991,14,0.16501692462527087,0.09188171216909374,1005
2023-06-15,3.2198947782204415,8,0.3,0.09035921219123814,1005
2023-06-16,3.260187776149354,8,0.05,0.0896946502905201,1005
2023-06-17,3.155073133931348,24,0.13937161471685605,0.09050090739782579,1005
2023-06-18,3.081015165011514,13,0.16188046289062968,0.09302034386720891,1005
2023-06-19,3.2099726898866914,7,0.21174849182572067,0.09696480801651092,1005
2023-06-20,3.196051836907776,14,0.26926824481612255,0.10158821749893863,1005
2023-06-21,2.9801157871885957,6,0.3,0.10593368355902914,1005
2023-06-22,3.183332377463675,10,0.13556467725700197,0.10914919442689405,1005
2023-06-23,3.2531286201077285,10,0.3,0.11074861897672,1005
2023-06-24,3.117156219587124,20,0.2082461520356803,0.11073034536311033,1005
2023-06-25,3.1271147581870675,10,0.27322092067804554,0.10953940711102159,1005
2023-06-26,3.2437302691763628,9,0.18526138665833447,0.10788278126136867,1005
2023-06-27,3.168115788679221,13,0.14271700253722566,0.10649913106245687,1005
2023-06-28,3.4844263580929273,13,0.19602023680780317,0.1059581850882042,1005
2023-06-29,3.2048343887333894,12,0.17193214022739056,0.10652832588329605,1005
2023-06-30,3.301762312054831,9,0.1956299269036625,0.10810827311772059,1005
2023-07-01,3.420561706281887,9,0.12932003127729685,0.11020610152356099,1005
2023-07-02,3.2299603481028267,17,0.10233002760977235,0.11203710002866599,1005
2023-07-03,3.160062765681042,9,0.3,0.11277046084904765,1005
2023-07-04,3.186355015178053,8,0.09846800358608666,0.1118576080260146,1005
2023-07-05,3.1327702646852886,6,0.18904468683047948,0.10928978962619235,1005
2023-07-06,3.1365932591763483,13,0.12429985646160815,0.10562596606984623,1005
2023-07-07,3.3004896022979633,12,0.12858969294639816,0.10176889891083396,1005
2023-07-08,3.056223459944554,6,0.20187860391967313,0.09858198587100002,1005
2023-07-09,3.151246860166871,12,0.09183712678635822,0.09656255157277335,1005
2023-07-10,3.197217729922469,6,0.22195036348787062,0.0957004660159136,1005
2023-07-11,3.147140615601103,12,0.1271097304008307,0.0955827521291609,1005
2023-07-12,3.2195694819554106,9,0.1534314443857698,0.09566092097500738,1005
2023-07-13,3.316977185336789,15,0.1360297599427192,0.095548570861087,1005
2023-07-14,3.2619243220272693,9,0.3,0.0951795297999606,1005
2023-07-15,3.2684960004452828,11,0.11753451600791844,0.09479681866910586,1005
2023-07-16,3.1735334074583097,13,0.06829052354904197,0.09478741692020234,1005
2023-07-17,3.0423270415257724,14,0.1271134649277716,0.0954551295557882,1005
2023-07-18,3.196530439957705,3,0.2373441629184294,0.09684062621815206,1005
2023-07-19,3.2056504568405746,7,0.2690684891614877,0.09864549666462197,1005
2023-07-20,3.235672606153392,4,0.12165516867974206,0.10032370947916308,1005
2023-07-21,3.209223512458893,13,0.11946726566116513,0.1012964634489453,1005
2023-07-22,3.2968125193897038,18,0.11076656526859573,0.1011970275218367,1005
2023-07-23,3.2283255221566747,16,0.25821465954743394,0.10004064550336014,1005
2023-07-24,3.2644349909992116,11,0.19498309902535094,0.09820892782509531,1005
2023-07-25,3.2333061985504306,2,0.08621817556881453,0.09626904100846656,1005
2023-07-26,3.173407579398899,11,0.3,0.0947503632764276,1005
2023-07-27,3.1709414521096013,8,0.0957464164430479,0.09396947665077425,1005
2023-07-28,3.2578160677096113,14,0.20812590127382843,0.09399313609967991,1005
2023-07-29,3.3218535205473207,17,0.20634815253646,0.09467516805316858,1005
2023-07-30,3.135512531214979,12,0.06963685068390496,0.09572252084598132,1005
2023-07-31,3.051810823695632,7,0.1718678030456294,0.09678131760977632,1005
2023-08-01,3.136902804245475,8,0.2015384529955757,0.09755407117215156,1005
2023-08-02,3.17502450894045,6,0.13401614432419087,0.09792721667796903,1005
2023-08-03,3.2787584793340225,4,0.12100611484066208,0.09802822886668484,1005
2023-08-04,3.1178206030861433,9,0.3,0.09815761861660946,1005
2023-08-05,3.2912315568238975,17,0.19413114375049942,0.09864107446976318,1005
2023-08-06,3.224883451512301,8,0.3,0.09969560046061546,1005
2023-08-07,3.172016907317703,7,0.23444235877878622,0.10137592872415921,1005
2023-08-08,3.1354333048057352,12,0.29496806087628175,0.10358031564738793,1005
2023-08-09,3.346063169596246,13,0.15148156974449997,0.10606822395502143,1005
2023-08-10,3.271768613400486,7,0.14455508714942203,0.1084825675287617,1005
2023-08-11,3.1407399391764943,12,0.27478812407090997,0.11042460071155859,1005
2023-08-12,3.1988400528210565,21,0.22578001385020866,0.11157590690658364,1005
2023-08-13,3.1669381178968545,9,0.083822041424909,0.11182731435397887,1005
2023-08-14,3.248679462392302,11,0.12055187579724558,0.11132331632158808,1005
2023-08-15,3.296284752664404,9,0.2527548484594343,0.11039880892890158,1005
2023-08-16,3.0474127173484895,6,0.20894988673151366,0.10944975114000732,1005
2023-08-17,3.22612994120172,17,0.1954445213690294,0.10880049620084178,1005
2023-08-18,2.9425400221002613,9,0.23636841395100697,0.10862996213368589,1005
2023-08-19,3.1095585142956566,13,0.3,0.10895290953358855,1005
2023-08-20,3.2560117411380283,12,0.15511510884272198,0.10962609571109323,1005
2023-08-21,3.255064977800159,4,0.09205610640388875,0.11037227604386339,1005
2023-08-22,3.2714151896407726,8,0.20702344329489306,0.11079317344154949,1005
2023-08-23,3.2482628533686,4,0.16108168331602843,0.1104335850490197,1005
2023-08-24,3.21588449228223,11,0.2538834103113555,0.10888925161201742,1005
2023-08-25,3.1850901941194136,6,0.0864838259602583,0.10595156146721169,1005
2023-08-26,3.26520847649745,16,0.06514466168107338,0.10172981618467962,1005
2023-08-27,3.018371773272411,11,0.23626240214596647,0.09668275240499608,1005
2023-08-28,3.2051586536194776,8,0.3,0.09153237571244018,1005
2023-08-29,3.1859038084267306,8,0.3,0.0870891367303947,1005
2023-08-30,3.2892077075246418,9,0.08264747726279405,0.08402342039045496,1005
2023-08-31,3.27594565847547,13,0.18293726050269937,0.08267350063109126,1005
2023-09-01,3.2626267205647164,9,0.21701911659160036,0.08297240693536896,1005
2023-09-02,3.194888784934835,17,0.23421054847895192,0.08452321931869905,1005
2023-09-03,3.1767269249069985,21,0.16099028076964242,0.0867956843668378,1005
2023-09-04,3.158839582591735,8,0.3,0.08935731437022566,1005
2023-09-05,3.088571387756827,8,0.3,0.09202173493947789,1005
2023-09-06,3.2309244678117235,9,0.3,0.09482976347823222,1005
2023-09-07,3.2790334964467847,12,0.2856738612644345,0.09789124778188724,1005
2023-09-08,3.1918023585551625,7,0.25366809073464885,0.10120336952646583,1005
2023-09-09,3.1576311771933665,9,0.3,0.10459173771212243,1005
2023-09-10,3.4161624765999172,18,0.21655401441873798,0.10777909391671704,1005
2023-09-11,3.2169945030859646,16,0.19334011168239643,0.11054611127589317,1005
2023-09-12,3.1184356339016452,11,0.17260947340634078,0.11283304557154136,1005
2023-09-13,3.266823421059423,9,0.21950404246447855,0.11473592287792855,1005
2023-09-14,3.1065474318741617,7,0.08655240585833968,0.11643473773622487,1005
2023-09-15,3.2297679615454604,14,0.22445283358107676,0.11810294835149372,1005
2023-09-16,3.2988205215676443,18,0.17024412765396277,0.1198628524678319,1005
2023-09-17,3.167913517011197,11,0.07971710723082126,0.12174149020450271,1005
2023-09-18,3.212301835032003,16,0.20919533328069845,0.12363520471672437,1005
2023-09-19,3.31685133558666,2,0.1152901379890046,0.1252720301749823,1005
2023-09-20,3.1948000940153385,6,0.16617955879762739,0.12622082160106535,1005
2023-09-21,3.171285054230017,5,0.3,0.12597370733036367,1005
2023-09-22,2.992372001364999,11,0.15755622762718746,0.12411786252106187,1005
2023-09-23,3.229803959105688,17,0.18799088670988973,0.12052044379341056,1005
2023-09-24,3.2398842982604052,17,0.22819525860952428,0.11545365774675892,1005
2023-09-25,3.19838448557351,15,0.11468628017765738,0.10959039582624891,1005
2023-09-26,3.197233135553747,11,0.18147576189607867,0.1038246419662869,1005
2023-09-27,3.156325866166352,10,0.14110820830520013,0.0990053818514207,1005
2023-09-28,3.33033866784198,11,0.2502587973241401,0.09569528531494004,1005
2023-09-29,3.1859414881964785,6,0.20450722404415428,0.09405670677916038,1005
2023-09-30,3.175683637454694,13,0.244624616610441,0.09389846062802118,1005
2023-10-01,3.2261626498805356,13,0.22114894784207959,0.09482813962877536,1005
2023-10-02,3.3184879905718985,8,0.15831893228237098,0.09642719730784562,1005
2023-10-03,3.1420146136406744,17,0.3,0.09836135443246169,1005
2023-10-04,3.3108521246247498,7,0.1823812386783091,0.10041005611739953,1005
2023-10-05,3.1929360912353273,16,0.26683857799899174,0.10244125411539859,1005
2023-10-06,3.226127644485266,6,0.23162568668488318,0.104385323353196,1005
2023-10-07,3.0667412617302694,16,0.17019109009697977,0.10624210604017922,1005
2023-10-08,3.1272753130374915,16,0.2977623688655861,0.10810696608370102,1005
2023-10-09,3.168150307983239,6,0.17081631335311204,0.11015866253758033,1005
2023-10-10,3.1166231919943446,5,0.20022728080102895,0.11257864700182599,1005
2023-10-11,3.238085412481744,6,0.09733400265052378,0.11539521560297467,1005
2023-10-12,3.329016624500753,18,0.16295325839782168,0.11837591071944624,1005
2023-10-13,3.2782580119553835,7,0.21789766694804702,0.12103268151839955,1005
2023-10-14,3.1904755873921156,11,0.12949471739609886,0.12279825456824794,1005
2023-10-15,3.1921453209536943,17,0.3,0.12326431003425295,1005
2023-10-16,3.3555156074451653,7,0.1545208731312356,0.12236536638164752,1005
2023-10-17,3.3002229725129966,11,0.08834001324367366,0.12038529592174409,1005
2023-10-18,3.2449100972767138,11,0.23297958124496926,0.11781176604686187,1005
2023-10-19,3.0958681003963537,7,0.21747842445053903,0.11512898586751574,1005
2023-10-20,3.2876872078996686,3,0.3,0.11266759954312693,1005
2023-10-21,3.048866957896008,13,0.10359334903941667,0.11057903752571639,1005
2023-10-22,3.208811270323059,13,0.20792772776840712,0.10889375541943673,1005
2023-10-23,3.23444206511676,5,0.0987833651360032,0.10762144655616203,1005
2023-10-24,3.24579885112368,13,0.1023533724383135,0.10682486257711238,1005
2023-10-25,3.1435663692341973,11,0.3,0.10665960338320479,1005
2023-10-26,3.206523550490575,8,0.1677319067706069,0.10741132023792832,1005
2023-10-27,3.264914324841202,6,0.16854503217879183,0.10947561894004608,1005
2023-10-28,3.281700561692069,18,0.3,0.11327401959712691,1005
2023-10-29,3.451202276812444,13,0.19380462370730242,0.11907578193819288,1005
2023-10-30,3.3652091904142765,8,0.19442119987009224,0.12682918794158696,1005
2023-10-31,3.300719014801643,8,0.11023108629232375,0.13607545847497818,1005
2023-11-01,3.109918542684533,6,0.2960496230136362,0.14602705187396697,1005
2023-11-02,3.302300176735958,11,0.1907830111217644,0.15576456506343683,1005
2023-11-03,3.1407958721291767,11,0.05,0.16444966599495864,1005
2023-11-04,3.121598427690625,17,0.15018461702072405,0.1714917675110916,1005
2023-11-05,3.1741185500979503,13,0.14771187397856014,0.17665270292145407,1005
2023-11-06,3.1955315406928966,12,0.2620059158626604,0.18006727249262192,1005
2023-11-07,3.072481540700475,11,0.18682865875206878,0.1821836218470269,1005
2023-11-08,3.103209014428721,8,0.13753414106877404,0.18360414914814185,1005
2023-11-09,3.1694942921111813,5,0.0669851950605027,0.1848755381616668,1005
2023-11-10,3.142337221438485,8,0.22568963180335794,0.18631835424917056,1005
2023-11-11,3.2972705755343608,17,0.20830599072844,0.1879841890447418,1005
2023-11-12,3.0200450001417036,17,0.05,0.1897246802838572,1005
2023-11-13,3.1361756354548573,11,0.3,0.19131309716989814,1005
2023-11-14,3.1790435148676304,8,0.3,0.19255150055875114,1005
2023-11-15,3.105635793740205,10,0.0984498211601465,0.19334818342449808,1005
2023-11-16,3.2160778565719035,24,0.09084646862984352,0.19379471799674927,1005
2023-11-17,3.15076532237652,7,0.3,0.19416987403050087,1005
2023-11-18,3.313208990686618,17,0.3,0.19484719777124448,1005
2023-11-19,3.178987518554062,11,0.22869437248181046,0.19606536163044339,1005
2023-11-20,3.087531092356739,15,0.15433889520299449,0.19772849547958155,1005
2023-11-21,3.233673482510297,11,0.3,0.1993629101241836,1005
2023-11-22,3.243867111099007,16,0.05,0.20030080183350177,1005
2023-11-23,3.2822430852657605,7,0.17064401663283735,0.19995586992622943,1005
2023-11-24,3.214876399652759,10,0.2430506209866318,0.19804068519031903,1005
2023-11-25,3.2620628046487385,16,0.16457886222973364,0.19467775507297108,1005
2023-11-26,3.1753032694995214,16,0.1400445434433717,0.19040167998445687,1005
2023-11-27,3.302426902785018,8,0.3,0.18610669349822773,1005
2023-11-28,3.245639547403965,10,0.3,0.18287750744241735,1005
2023-11-29,3.0748187235240523,6,0.0910025140010081,0.18167361619800812,1005
2023-11-30,3.1167343892199004,12,0.1470207510725886,0.1828966484521582,1005
2023-12-01,3.1010759408755524,10,0.28752288263535414,0.18612403751968692,1005
2023-12-02,3.1684938991430043,8,0.23174107687763723,0.19018785155299012,1005
2023-12-03,3.077821593936712,25,0.165416603441721,0.19366935571071406,1005
2023-12-04,3.17780056634145,15,0.13645430289869898,0.19553302511557377,1005
2023-12-05,3.1953061783529906,7,0.3,0.1955350861335851,1005
2023-12-06,3.1402175169664375,8,0.2724630762888054,0.1941908258026684,1005
2023-12-07,3.1235926450857896,10,0.2217589153543042,0.19236889015497954,1005
2023-12-08,3.358043752297285,5,0.14791583093773605,0.19076749652761707,1005
2023-12-09,3.103067265178203,19,0.23182360317581027,0.18961891212426812,1005
2023-12-10,3.1870943075306344,20,0.29212831233744346,0.1887112553336192,1005
2023-12-11,3.1781492154855897,5,0.05,0.18767565570519373,1005
2023-12-12,3.081980617313431,2,0.21498604913889596,0.1863314637013591,1005
2023-12-13,3.195811632889796,6,0.06870470184389572,0.18488038416503147,1005
2023-12-14,3.246140532681653,7,0.13413483414440583,0.1838505640303232,1005
2023-12-15,3.0880020645102206,11,0.21659407431224426,0.18378509159211306,1005
2023-12-16,3.3364105491570646,24,0.14436898202024614,0.1848636658690354,1005
2023-12-17,3.2267326185533873,16,0.1247748233200002,0.186679777551281,1005
2023-12-18,3.171718863988221,13,0.19337722835518592,0.18832436754882004,1005
2023-12-19,3.223128879311713,15,0.17847110198043906,0.18879554298021586,1005
2023-12-20,3.129027314416763,11,0.25250329633399304,0.18749823031339835,1005
2023-12-21,3.1021192112727887,10,0.2047195221650711,0.1845994169676638,1005
2023-12-22,3.13349279883643,12,0.26251428074546956,0.18098105964680578,1005
2023-12-23,3.171271222700685,19,0.07710238546614583,0.17782021849247823,1005
2023-12-24,3.0104593196954856,17,0.18397565329769322,0.176019472236132,1005
2023-12-25,3.189572346270551,8,0.21839772631045112,0.17584617816165035,1005
2023-12-26,3.318385430168246,10,0.1554023455315287,0.17690140873486693,1005
2023-12-27,3.1444312341252587,8,0.18104723220391727,0.17843785105955018,1005
2023-12-28,3.2310758404008153,13,0.1483120600859297,0.17977158572991608,1005
2023-12-29,3.04124817330011,11,0.22764909647989898,0.18057783018882295,1005
2023-12-30,3.2899453378884367,11,0.09875394664465423,0.18095450709711555,1005
2023-12-31,3.3289696353352274,21,0.1790769789153183,0.18123334752700457,1005
2024-01-01,3.127390308642074,15,0.19518921813678092,0.18168644865836564,1005
2024-01-02,3.299098362674597,17,0.14640356311627117,0.18228405250952356,1005
2024-01-03,3.2054935421362916,8,0.05244324902010154,0.18264862220646114,1005
2024-01-04,3.2406295898746738,13,0.2859656976919337,0.18226260041500514,1005
2024-01-05,3.2151174836959995,7,0.16206275954016433,0.18077178220640605,1005
2024-01-06,3.220601309747516,8,0.13305489271704313,0.17825582828802786,1005
2024-01-07,3.1623593518196307,10,0.15969842136298468,0.17530474520641987,1005
2024-01-08,3.1555709628008115,12,0.3,0.1728580586683916,1005
2024-01-09,3.122717321331133,11,0.25185004368211145,0.17186323595999523,1005
2024-01-10,3.067779564289362,11,0.1923032593781899,0.17287626781249196,1005
2024-01-11,3.2550604511465786,11,0.2073808133627883,0.17578449297871862,1005
2024-01-12,3.0907760073456316,12,0.10995244326560885,0.17984961362139004,1005
2024-01-13,3.3093047661311266,16,0.27611730481409036,0.18402035083827845,1005
2024-01-14,3.35598687846836,14,0.1398314502609599,0.18738655325476677,1005
2024-01-15,3.1742207557433044,11,0.3,0.18949076765404166,1005
2024-01-16,3.2015792553721063,5,0.21614891742498965,0.19040562645395243,1005
2024-01-17,3.308546950146825,8,0.24982335051169932,0.19060504604653183,1005
2024-01-18,3.0773416750948592,12,0.27050582295489356,0.1907271357626708,1005
2024-01-19,3.221231912462243,6,0.3,0.19130883766662796,1005
2024-01-20,3.143979918950884,16,0.10441005314217018,0.1925226233487214,1005
2024-01-21,3.2366892983538245,16,0.2184640770276432,0.19402054974864288,1005
2024-01-22,3.3326626745290326,12,0.22583901246141427,0.1950381919637029,1005
2024-01-23,3.226464458461683,8,0.24142695354456023,0.19478022368876535,1005
2024-01-24,3.297936338634931,14,0.14642397274182165,0.19289092137676214,1005
2024-01-25,3.2297394019622345,3,0.3,0.189691020702696,1005
2024-01-26,3.159997663348486,11,0.3,0.18604596787378683,1005
2024-01-27,3.2184405266279548,15,0.07483483254733533,0.18293717109063595,1005
2024-01-28,3.1735734853804485,16,0.12815358988028877,0.1810105077908622,1005
2024-01-29,3.2798148801141105,8,0.2505152604611576,0.18037875078152701,1005
2024-01-30,3.2012980523299497,8,0.11664201394960635,0.18071983744019493,1005
2024-01-31,3.2471201177108737,10,0.1458414568296631,0.18151692536331746,1005
2024-02-01,3.2826486489907367,14,0.09783436555053569,0.18230209458512647,1005
2024-02-02,3.2990747094219723,11,0.13702284317887092,0.18280064905940926,1005
2024-02-03,3.2233871842530344,19,0.28910239677820976,0.18299446769761823,1005
2024-02-04,3.085401336595597,17,0.2549190289801494,0.1831272821579199,1005
2024-02-05,3.100104819381157,8,0.1156428023040092,0.18360267706762642,1005
2024-02-06,3.1539184907264994,12,0.2770405547773369,0.184833071773544,1005
2024-02-07,3.2238732767153855,16,0.29825429799534736,0.187051295782239,1005
2024-02-08,3.205508988979127,3,0.2295103764961441,0.1902088739477085,1005
2024-02-09,3.315980086463195,14,0.08624221109421792,0.1939707508032267,1005
2024-02-10,3.220389231949775,12,0.18805156448300603,0.19780479235704843,1005
2024-02-11,3.134174862125284,22,0.09425078117146031,0.20107335801755202,1005
2024-02-12,3.1810593651556136,6,0.24545675869990052,0.20315763612821258,1005
2024-02-13,3.1701064956961202,5,0.2737821348868699,0.2036048648809256,1005
2024-02-14,3.207305652164267,7,0.23050991534430407,0.20231978747825988,1005
2024-02-15,3.2537360524405754,10,0.17130930096781272,0.1996729026473231,1005
2024-02-16,3.187540329663575,6,0.3,0.19644297685158635,1005
2024-02-17,3.14865267328804,15,0.07866481633527654,0.19357366518310426,1005
2024-02-18,3.2506670523129007,12,0.15658004220289523,0.19184328110772214,1005
2024-02-19,3.192556638519869,3,0.11512907246881489,0.19161132599577924,1005
2024-02-20,3.0842381824409997,6,0.16382334445237026,0.19269664941163583,1005
2024-02-21,3.1009934271575315,15,0.27612538073886217,0.19445008891732848,1005
2024-02-22,2.9975782118088516,8,0.09049802086052722,0.19595586383801233,1005
2024-02-23,3.3119215245616846,6,0.3,0.19633482709845312,1005
2024-02-24,3.276475036630961,15,0.24741530377037899,0.19505314055580125,1005
2024-02-25,3.219689870225891,20,0.1679142253172205,0.19211690573101292,1005
2024-02-26,3.239503187487296,7,0.2650019869995183,0.1880311243365529,1005
2024-02-27,3.208232559493804,15,0.17857069377914717,0.1835838896963023,1005
2024-02-28,3.3172793664934836,10,0.2500732601836762,0.17955296781195107,1005
2024-02-29,3.136511302303678,5,0.09602641231929655,0.17649361756481186,1005
2024-03-01,3.162858673636085,14,0.2637671586562016,0.17468420808815746,1005
2024-03-02,3.4104872669805144,7,0.15328072724146488,0.17414897027241416,1005
2024-03-03,3.208737645686667,17,0.22075450571383654,0.17472731521756607,1005
2024-03-04,3.3287172691289806,6,0.09539855567371927,0.17612244269672522,1005
2024-03-05,3.189019387535902,8,0.10309827206266671,0.17796205771303933,1005
2024-03-06,3.2587501808067616,12,0.05,0.17982377359229884,1005
2024-03-07,3.413145613692106,8,0.3,0.1812882625309186,1005
2024-03-08,3.0294381291134083,10,0.21886740334643848,0.1819906319986659,1005
2024-03-09,3.1947563791675373,17,0.19845549765047724,0.18176791412752855,1005
2024-03-10,3.2054880029910913,15,0.1813361857849958,0.18079391800464403,1005
2024-03-11,3.121294614703277,7,0.1447449635999797,0.17961783176282234,1005
2024-03-12,3.1385376482964307,7,0.22359628800498796,0.1789876245406118,1005
2024-03-13,3.121792052686358,11,0.248323961008083,0.1795095258769172,1005
2024-03-14,3.1475240559857176,12,0.16196197957813485,0.18130159551551683,1005
2024-03-15,3.1976707531042714,10,0.2259359361656692,0.18385557799868432,1005
2024-03-16,3.172765133248828,17,0.2711130588349906,0.18619715294173056,1005
2024-03-17,3.2870423944852054,19,0.19845506904214116,0.18730101300749116,1005
2024-03-18,3.2392620305660906,6,0.17980469448762434,0.18656022871972905,1005
2024-03-19,3.1415922559920713,11,0.24172553525341545,0.1840671699390114,1005
2024-03-20,3.1345234675019378,11,0.15389818875512107,0.1805514117803774,1005
2024-03-21,3.2072178836566287,8,0.11458322900909457,0.17699926535987434,1005
2024-03-22,3.1175696397718404,7,0.3,0.17418568831056883,1005
2024-03-23,3.1191806445598314,14,0.08084670693561646,0.17239878060847635,1005
2024-03-24,3.1249123426958585,12,0.21386460149423708,0.17150211787360548,1005
2024-03-25,3.2276346730300274,14,0.3,0.17119949415595753,1005
2024-03-26,3.2161406982202405,15,0.3,0.1712584408534628,1005
2024-03-27,3.138261934179277,7,0.3,0.17156148645129066,1005
2024-03-28,3.2275897070589865,14,0.12513386482460007,0.1720677462890136,1005
2024-03-29,3.1903874915939294,7,0.06830460658334869,0.17277263430295073,1005
2024-03-30,3.3056221141541284,14,0.3,0.17371056539368815,1005
2024-03-31,3.4159608547868974,12,0.13972298797716218,0.17493443119782856,1005
2024-04-01,3.20543909654309,8,0.22809321173718441,0.17643233455509497,1005
2024-04-02,3.0695839680721257,16,0.05,0.178083894730857,1005
2024-04-03,3.1690356458721674,11,0.1026906578899696,0.17971832424029277,1005
2024-04-04,3.251841158397536,3,0.28305060511532604,0.18126432348645433,1005
2024-04-05,3.0866695184682036,16,0.21150668253485166,0.18281665914053533,1005
2024-04-06,3.3591792766295705,17,0.11816011701042582,0.18458097623290778,1005
2024-04-07,3.1147704425686884,11,0.2669816313486317,0.18673318873761652,1005
2024-04-08,3.1903963658590313,7,0.05,0.18930026690537893,1005
2024-04-09,3.143835502805303,10,0.09105237294750086,0.19215481659115657,1005
2024-04-10,3.27130556149554,7,0.20199128358023472,0.19509013381980256,1005
2024-04-11,3.214717789293315,10,0.22229031878564817,0.1978970338884184,1005
2024-04-12,3.244719268061286,6,0.09064926392903906,0.2003774418771567,1005
2024-04-13,3.2575084099747915,17,0.1392594904910882,0.20230430746195968,1005
2024-04-14,3.2968447122981073,12,0.08943798533308982,0.20342482285926217,1005
2024-04-15,3.1094838519861794,11,0.20893432082000735,0.20357206945067696,1005
2024-04-16,3.222887787989407,5,0.13057358984356435,0.20282041483415264,1005
2024-04-17,3.0957481488817833,16,0.16169343285310545,0.20152531529425577,1005
2024-04-18,3.2005845511817888,16,0.2183282301237079,0.2001288222688265,1005
2024-04-19,3.255154067611214,10,0.15027403275037624,0.1988290174524216,1005
2024-04-20,3.3304377342476794,15,0.16967694097470862,0.19737890770027988,1005
2024-04-21,3.231099370927852,6,0.22302793939560087,0.19523003047613194,1005
2024-04-22,3.157191711067994,8,0.3,0.19196833018330564,1005
2024-04-23,3.1586732475370103,7,0.20739621374783473,0.187744262545175,1005
2024-04-24,3.269379312053514,12,0.23649278094728282,0.18332307031919284,1005
2024-04-25,3.277611741374488,3,0.17048197550216573,0.1797443148090134,1005
2024-04-26,3.2347717729114147,6,0.18878318962784993,0.1778408373903504,1005
2024-04-27,3.1982652692656273,15,0.18998002077265605,0.17794919935098652,1005
2024-04-28,3.2198212215342217,14,0.3,0.1799245640826591,1005
2024-04-29,3.192257882603463,8,0.2432162113297293,0.18332630369404898,1005
2024-04-30,3.2052447816526843,7,0.24441959544817018,0.18754288298080804,1005
2024-05-01,3.282963118492089,12,0.17500917038316152,0.19181298905336835,1005
2024-05-02,3.185613061867063,11,0.15541694968216177,0.1952512276409638,1005
2024-05-03,3.109294218045387,7,0.1710080578122291,0.19702268308418,1005
2024-05-04,3.2209211761599024,19,0.10087187304440853,0.19660011269970012,1005
2024-05-05,3.302044419530137,20,0.20112352856341897,0.19398583225656774,1005
2024-05-06,3.3278045995550825,16,0.17416402792614488,0.18973175684368623,1005
2024-05-07,3.1139394591714735,5,0.3,0.18474508256482514,1005
2024-05-08,3.193269319248735,1,0.15529483363676236,0.17997465031824889,1005
2024-05-09,3.1595854769783633,3,0.15584490020543232,0.17613148089741193,1005
2024-05-10,3.1768530347156094,11,0.2282691808708591,0.17351317812304892,1005
2024-05-11,3.4046269055239557,12,0.12067174028198062,0.1720402425154586,1005
2024-05-12,3.215608048383321,10,0.25965242411827133,0.171408762080573,1005
2024-05-13,3.3535617993095403,12,0.17093327492726967,0.17129811952480675,1005
2024-05-14,3.2461851654459606,14,0.3,0.1715433855154995,1005
2024-05-15,3.240996409083502,11,0.29656289515404016,0.17216597458201854,1005
2024-05-16,3.261833079509161,10,0.24939836051154846,0.17328381417548203,1005
2024-05-17,3.1760281124062275,9,0.15220295724739716,0.17496059324000007,1005
2024-05-18,3.2605499257070827,15,0.19663706502119876,0.17707941875718025,1005
2024-05-19,3.1812210135903167,11,0.3,0.17932474190256614,1005
2024-05-20,3.171797560495296,9,0.1749875852849757,0.18124082652488366,1005
2024-05-21,3.077694987419272,3,0.2501653877560329,0.18236651908306162,1005
2024-05-22,3.3002806743760877,6,0.20579049382387388,0.1824115224966225,1005
2024-05-23,3.1848005036783316,14,0.1124933726894253,0.18141289190307625,1005
2024-05-24,3.162305733047148,9,0.12690114019634813,0.17982079117284505,1005
2024-05-25,3.1799967287786965,15,0.1874917439214916,0.17843341093713108,1005
2024-05-26,3.2281620944805884,11,0.20881094950925336,0.17813331740666682,1005
2024-05-27,3.2902844754365117,9,0.23420842404821995,0.17954542294226927,1005
2024-05-28,3.0294843850409383,16,0.18111915652791719,0.18275752268288878,1005
2024-05-29,3.2738163342483886,6,0.12870847699955368,0.18721550937979545,1005
2024-05-30,3.23759854621317,14,0.12480201923533751,0.19186345987737927,1005
2024-05-31,3.0973246389998987,6,0.19861237067781504,0.19544132155116883,1005
2024-06-01,3.1975777853913403,11,0.13039328680997164,0.19689228592870267,1005
2024-06-02,3.196531316602509,12,0.18242307791683846,0.1957130349328002,1005
2024-06-03,3.123326280006585,6,0.3,0.1921651817408766,1005
2024-06-04,3.1628048832199727,11,0.20263208137603536,0.18722072082672547,1005
2024-06-05,3.2227980939638536,12,0.26792229150587143,0.18221076001054898,1005
2024-06-06,3.231510638119577,11,0.2492633544070115,0.17835932117126285,1005
2024-06-07,3.170872722466138,7,0.28267478093897963,0.17640043437454,1005
2024-06-08,3.1970658610101803,12,0.0761633785881245,0.17643970526723493,1005
2024-06-09,3.2096892094976766,7,0.143099763160079,0.17811419178731525,1005
2024-06-10,3.1802522454010176,14,0.12418296153756715,0.1808494819865732,1005
2024-06-11,3.1037064627290873,6,0.16089603572638042,0.1840751698092798,1005
2024-06-12,3.283688406844273,12,0.3,0.18731700614921365,1005
2024-06-13,3.354327693306558,10,0.2232380242487669,0.1901559696649592,1005
2024-06-14,3.213913753331964,7,0.16892668222697554,0.1921742731040128,1005
2024-06-15,3.1659226430250325,14,0.3,0.1929420697464159,1005
2024-06-16,3.200049974297992,20,0.17756928633121696,0.19214179316723612,1005
2024-06-17,3.086005417136786,11,0.3,0.1897603995705425,1005
2024-06-18,3.1670085313009544,9,0.13645795224647167,0.18624406172347835,1005
2024-06-19,3.162552592417384,6,0.12173809468302545,0.1824377340523991,1005
2024-06-20,3.139297515218521,11,0.2944996365052682,0.17927469543757354,1005
2024-06-21,3.2875748948180523,10,0.1021240507400304,0.17738002948811674,1005
2024-06-22,3.27402884613613,14,0.3,0.17680867507123044,1005
2024-06-23,3.301649504503397,7,0.18199905061522767,0.17714696161304272,1005
2024-06-24,3.2236911020905223,9,0.19801919772759966,0.17783007349746618,1005
2024-06-25,3.2249475335872955,11,0.2537193659834982,0.17849739998825204,1005
2024-06-26,3.208691284545902,6,0.2553250790925179,0.17909128842892788,1005
2024-06-27,3.2021608636697674,19,0.2153295219921432,0.17972953831274344,1005
2024-06-28,3.2182069408885505,11,0.3,0.18045810131146475,1005
2024-06-29,3.1179457932090835,12,0.19655779776133214,0.1811120931009516,1005
2024-06-30,3.143100358113354,14,0.14458887279645483,0.18134465934509397,1005
2024-07-01,3.3497316078936015,9,0.25633973143599376,0.18079695637417556,1005
2024-07-02,3.112758922792605,9,0.09903134696598558,0.17929788115590878,1005
2024-07-03,3.2525208141607775,16,0.3,0.17698132493719787,1005
2024-07-04,3.3196144457239147,12,0.1900410748385613,0.17421914220100201,1005
2024-07-05,3.280286642342843,18,0.1273545682676212,0.17142239707441526,1005
2024-07-06,3.0754347686829306,12,0.15296407152962466,0.16882726226375233,1005
2024-07-07,3.2999736255110173,15,0.15326004232281853,0.16646130494048406,1005
2024-07-08,3.140660414847807,10,0.3,0.16434909176587792,1005
2024-07-09,3.220895998381841,5,0.16174816480293322,0.16277503352482525,1005
2024-07-10,3.2640309145891133,10,0.19354063306636957,0.1623732190222329,1005
2024-07-11,3.3527862296456514,12,0.3,0.1638633073419767,1005
2024-07-12,3.0390926403248146,6,0.280804707517712,0.16760088267700501,1005
2024-07-13,3.1617929420373776,20,0.294702085097941,0.17322862205488973,1005
2024-07-14,3.1688759587851334,14,0.13539605282868303,0.17971217930856348,1005
2024-07-15,3.25541273948863,7,0.11308058215384893,0.18577910513747772,1005
2024-07-16,3.2830454250515504,10,0.265723978092692,0.19049314651665825,1005
2024-07-17,3.0500948065814906,9,0.06320143074516708,0.1936364469502949,1005
2024-07-18,3.343620741625365,11,0.2079650368039086,0.1956334875826735,1005
2024-07-19,3.2237964476986813,7,0.21722768121337038,0.197112643154346,1005
2024-07-20,3.2687484418884662,19,0.13116174449939486,0.19837494689438673,1005
2024-07-21,3.3739074681450782,18,0.09877641982970094,0.19914677087501037,1005
2024-07-22,3.283296554512103,14,0.15169843568634403,0.19877124723479245,1005
2024-07-23,3.3324886692772986,5,0.12381661370489669,0.1967091689622662,1005
2024-07-24,3.162738149414854,10,0.17439251333807992,0.19302998034238125,1005
2024-07-25,3.262702607027475,10,0.15774844558205167,0.18856189150175345,1005
2024-07-26,3.1762106030645962,14,0.06668177225078639,0.18462590716820726,1005
2024-07-27,3.1434318212248344,23,0.12836835872163846,0.1824760004225147,1005
2024-07-28,3.211937390484381,15,0.1666345490927757,0.18274448287026343,1005
2024-07-29,3.3491170725978168,3,0.2310720904878403,0.1851727404913101,1005
2024-07-30,3.046441678360826,9,0.11839619795822896,0.1887589278977856,1005
2024-07-31,3.1813227819225154,14,0.26987302933770396,0.19222749450359172,1005
2024-08-01,3.125708191290944,5,0.16810703047768408,0.19457409410483748,1005
2024-08-02,3.3015139573993046,10,0.15554007668270367,0.19540850914708197,1005
2024-08-03,3.220754121464061,16,0.3,0.1949733900832582,1005
2024-08-04,3.1898926471642928,10,0.09979638181282631,0.1938949396649397,1005
2024-08-05,3.153540738816977,7,0.19817144344399482,0.19282846613456908,1005
2024-08-06,3.1748949333757714,9,0.19320697836643697,0.1921600511960595,1005
2024-08-07,3.274334375041158,10,0.2255391781828146,0.19185712363788632,1005
2024-08-08,3.1176689010550542,7,0.22762305590678034,0.19150429128497773,1005
2024-08-09,3.2733295781422678,11,0.17472190693653647,0.19048187300137648,1005
2024-08-10,3.0417565111129146,19,0.1781531801856082,0.1882294204192511,1005
2024-08-11,3.1208035703142456,18,0.16154346153749902,0.18450719702311608,1005
2024-08-12,3.025295535321364,10,0.21399716460296522,0.1794981591891041,1005
2024-08-13,3.160498646052325,10,0.25426696404162946,0.1737607691863545,1005
2024-08-14,3.2509816536136973,6,0.3,0.16806674067121063,1005
2024-08-15,3.3259300484871273,9,0.21689836635913437,0.16323618206813165,1005
2024-08-16,3.2828346531791697,11,0.16642269178098704,0.15999884611082266,1005
2024-08-17,3.311928905200813,18,0.3,0.15884494677309322,1005
2024-08-18,3.2322051312635693,21,0.2702860635756293,0.15990993536610587,1005
2024-08-19,3.025222148036278,18,0.09606384050463396,0.16293934190983766,1005
2024-08-20,3.1347479304635444,10,0.10983429370222701,0.16735209637898432,1005
2024-08-21,3.2742220838657374,10,0.2092652041867728,0.1724157241945689,1005
2024-08-22,3.233407050296111,9,0.06292996826449358,0.1774022612485944,1005
2024-08-23,3.149207121734853,9,0.10592837051114415,0.18167018513791036,1005
2024-08-24,3.1619883345760096,11,0.1470859394935466,0.18469584800959393,1005
2024-08-25,3.3728008098498767,14,0.27339021546214837,0.18612068029461992,1005
2024-08-26,3.1509336352028146,6,0.232881967451542,0.18584199242439886,1005
2024-08-27,3.272990675046702,11,0.16814018631299968,0.18411293063624462,1005
2024-08-28,3.2697444521414365,14,0.1032503553756668,0.18153657539164608,1005
2024-08-29,3.2758934354335696,18,0.2778687617357911,0.1789269202286516,1005
2024-08-30,3.207234247125476,10,0.18484665501827804,0.17708399592062563,1005
2024-08-31,3.1482941727767613,9,0.25803401679625365,0.17658234481300605,1005
2024-09-01,3.18931713640678,29,0.2687157155765014,0.17766092224074348,1005
2024-09-02,3.1877376781796136,3,0.3,0.18024514511334985,1005
2024-09-03,3.3044664422561896,6,0.3,0.18405422629566268,1005
2024-09-04,3.1966638631838853,9,0.1931703028615565,0.18871891069229493,1005
2024-09-05,3.1821225623871445,9,0.11436413599090092,0.1938512318209063,1005
2024-09-06,3.1782931721800805,10,0.3,0.19910358092479047,1005
2024-09-07,3.1560310074897586,9,0.18071771905580142,0.2041930403290562,1005
2024-09-08,3.1222001624382614,12,0.2747047311750733,0.20892234801738113,1005
2024-09-09,3.020174862639868,12,0.12201286897421776,0.21311479844539052,1005
2024-09-10,3.0766260017849603,10,0.3,0.21649252074516157,1005
2024-09-11,3.0977110583246854,19,0.18826715661200902,0.21855138219971998,1005
2024-09-12,3.214064175940942,11,0.17103096734192866,0.21857331034879388,1005
2024-09-13,3.1112428778622485,14,0.14638544065881418,0.21585251193665767,1005
2024-09-14,3.2650276522225514,10,0.19763600226572772,0.21008839222898418,1005
2024-09-15,3.069667709321804,20,0.15754307814462243,0.20171258764442004,1005
2024-09-16,3.112795163615666,11,0.18667121850900678,0.19194359037829556,1005
2024-09-17,3.1278807889651197,2,0.23507394033384946,0.18250230497885142,1005
2024-09-18,3.176458334008692,14,0.08649455667822636,0.17508916824154958,1005
2024-09-19,3.1307060048711657,10,0.12329944885794915,0.17088170196519462,1005
2024-09-20,3.178391304012096,15,0.2761979682756006,0.1702301171252974,1005
2024-09-21,3.135292954990194,18,0.2192110046886795,0.17262406868320754,1005
2024-09-22,3.20069102319707,19,0.14255559016052657,0.17688572094613594,1005
2024-09-23,3.169797014523382,7,0.152496029387129,0.18151323800577263,1005
2024-09-24,3.203040544230178,5,0.2551288089315407,0.18507945703386594,1005
2024-09-25,3.1883483108719606,10,0.3,0.18663969898700178,1005
2024-09-26,3.1560550199189654,9,0.25134738622498815,0.18599538455638848,1005
2024-09-27,3.228862720709268,10,0.10867632317681052,0.1837385271815116,1005
2024-09-28,3.286062440520254,10,0.3,0.1810049569185787,1005
2024-09-29,3.294888973634926,14,0.2085562323622281,0.17901199601006135,1005
2024-09-30,3.128506622995994,9,0.29015678923996435,0.17855477012887852,1005
2024-10-01,3.231073197557705,6,0.29416224224550663,0.17971205547021712,1005
2024-10-02,3.200041579806342,9,0.3,0.1818917760884429,1005
2024-10-03,3.3247288976685656,5,0.17333838696894588,0.18418519996023228,1005
2024-10-04,3.2011380331666746,6,0.22641046424435224,0.18583902904801347,1005
2024-10-05,3.2523010431675403,16,0.21491081711747984,0.18657086186344674,1005
2024-10-06,3.0075557349200515,25,0.17165346791325578,0.18661234631227694,1005
2024-10-07,3.226217638162436,7,0.17733583207166542,0.18649790270773403,1005
2024-10-08,3.3088630882628403,6,0.20745490235653197,0.18677122022062703,1005
2024-10-09,3.1496605144189807,12,0.3,0.1877495867399049,1005
2024-10-10,3.1421225542763684,10,0.21098952566529394,0.18941338021526027,1005
2024-10-11,3.164790694797047,14,0.14077621282043698,0.1914428407159538,1005
2024-10-12,3.0857704358965807,14,0.1274195651183229,0.1933089823590079,1005
2024-10-13,3.2493947653107322,22,0.11815298136132596,0.1944250074675698,1005
2024-10-14,3.125582222107471,11,0.14332836532038334,0.19431689333864643,1005
2024-10-15,3.1421135959252133,5,0.05,0.19281272402777244,1005
2024-10-16,3.057137142625144,5,0.24176176887826603,0.19015931849882114,1005
2024-10-17,3.145902434909576,18,0.15916895056717478,0.18699797881929345,1005
2024-10-18,3.3517519789404444,7,0.3,0.18414525772884618,1005
2024-10-19,3.124476717656181,16,0.25626959437538566,0.18229508586445287,1005
2024-10-20,3.1673229808849506,15,0.3,0.18175630172575172,1005
2024-10-21,3.074029887879946,10,0.13964153750862315,0.1824539233920839,1005
2024-10-22,3.274040136194896,7,0.13058391441890047,0.18405300796787416,1005
2024-10-23,3.163449368983575,11,0.15918059403291876,0.1862037344287696,1005
2024-10-24,3.1902649294318595,14,0.15966678738848442,0.1887434820343876,1005
2024-10-25,3.1215462957951567,6,0.14118514198458781,0.1918482037230207,1005
2024-10-26,3.1591545227265887,22,0.13802358025500333,0.1961245634352451,1005
2024-10-27,3.143294955556234,16,0.20136417653168495,0.20259054755617728,1005
2024-10-28,3.176689298589002,15,0.2288299297333907,0.2124009189480924,1005
2024-10-29,3.0669243850775185,10,0.10683579586435595,0.2263262718305816,1005
2024-10-30,3.2761997619331544,6,0.23663389045785038,0.2441812499724842,1005
2024-10-31,3.20294685180553,16,0.1742141461513458,0.2645048393367406,1005
2024-11-01,3.0899548065896654,7,0.2539144799966226,0.2847783951657099,1005
2024-11-02,3.1264108343151635,18,0.15921540836539635,0.3021419159583676,1005
2024-11-03,3.2561829004082834,14,0.1688807419475316,0.31432251700181146,1005
2024-11-04,3.2847029197103725,14,0.1658732555532039,0.32039015583417424,1005
2024-11-05,3.2709255866944704,6,0.19486921491840808,0.3210418852428975,1005
2024-11-06,3.15680619459153,12,0.2628909895795195,0.3182875166394029,1005
2024-11-07,3.1998273207445784,10,0.20344580036615037,0.3146766942433247,1005
2024-11-08,3.1205743964244066,9,0.3,0.3123678453300484,1005
2024-11-09,3.2579301205177953,19,0.26561650334587267,0.3124082528732561,1005
2024-11-10,3.258189499463473,7,0.21199750002417514,0.3144887631954995,1005
2024-11-11,3.120006872005045,9,0.14631109117303945,0.317244238781305,1005
2024-11-12,3.1218873308889306,7,0.05429489215706371,0.31889020064500573,1005
2024-11-13,3.0766033917014557,9,0.3,0.3179398061725659,1005
2024-11-14,3.0894335814509777,11,0.2843380559084489,0.31377398841038345,1005
2024-11-15,3.116908844067577,5,0.3,0.30685386720730634,1005
2024-11-16,3.238200453673305,10,0.11588143354897469,0.29866881447946747,1005
2024-11-17,3.150961534637845,24,0.3,0.29130172902327756,1005
2024-11-18,3.2056049635075508,11,0.1999382490308927,0.28675498274148503,1005
2024-11-19,3.1780132363196767,9,0.3,0.2862159977060148,1005
2024-11-20,3.2948955394847514,14,0.17796660452233878,0.2895781803064097,1005
2024-11-21,3.1872338113016854,11,0.09812095808787043,0.29551550917241876,1005
2024-11-22,3.179735681041884,7,0.21491730197506026,0.3021402223067337,1005
2024-11-23,3.31265430460722,14,0.10799017448112662,0.3078938619214293,1005
2024-11-24,3.2771959608543533,25,0.20668689646796695,0.31214264832877664,1005
2024-11-25,3.3504881969411486,10,0.3,0.3152110494479766,1005
2024-11-26,3.098546009606718,14,0.17944355460152098,0.3177940658503176,1005
2024-11-27,3.1789388877224405,5,0.11848547423166135,0.32027546124149975,1005
2024-11-28,3.1748726864460743,7,0.17046106768321417,0.3223339983774231,1005
2024-11-29,3.0769772752964784,14,0.26126241009447265,0.3231009700394968,1005
2024-11-30,3.0833635310085845,10,0.150505748370369,0.3216923389859634,1005
2024-12-01,3.2273900788499357,16,0.08737687008118666,0.3177871286053272,1005
2024-12-02,3.2080785057131744,11,0.2530011189289861,0.311799269018743,1005
2024-12-03,2.97390283388082,7,0.19833720187557552,0.3045937273918887,1005
2024-12-04,3.2530879795507057,7,0.2982743279805846,0.296975324291608,1005
2024-12-05,3.2385556169737324,11,0.19205705033442058,0.28933359131095926,1005
2024-12-06,3.260114460898032,7,0.3,0.28170828823789423,1005
2024-12-07,3.161495191382333,10,0.24563929455470532,0.274201242304945,1005
2024-12-08,3.1584598665710706,14,0.18519657650253452,0.26733870430709994,1005
2024-12-09,3.2035868676768424,7,0.2562874328913317,0.2620505155810241,1005
2024-12-10,3.2206617677994775,10,0.16321869240633569,0.2592517219060736,1005
2024-12-11,3.227673296655968,14,0.14367944204410243,0.2592424361288237,1005
2024-12-12,3.2300947905331596,10,0.11060071393539093,0.26144493615672526,1005
2024-12-13,3.159256950301343,11,0.18572248186577234,0.26466514788511075,1005
2024-12-14,3.3644534864575633,11,0.09343797824065447,0.2677062061314024,1005
2024-12-15,3.078293140277573,19,0.053965981322063386,0.26992000690271817,1005
2024-12-16,3.2223513403852926,11,0.15437980392177092,0.2712746241370011,1005
2024-12-17,3.2073556282650397,12,0.12041527414304866,0.27202006149344843,1005
2024-12-18,3.2942579667221414,10,0.0838957525176385,0.2722984634804582,1005
2024-12-19,3.1435691690823915,7,0.2628744786790859,0.27210504149725356,1005
2024-12-20,3.277115415505211,6,0.18688437266103133,0.2715659083475344,1005
2024-12-21,3.2272754243821917,12,0.2074376103402794,0.2711984961980987,1005
2024-12-22,3.272710155229763,12,0.2966511957069584,0.271740589612939,1005
2024-12-23,3.213188740127708,7,0.21332137430927822,0.2736334296243771,1005
2024-12-24,3.246093237666055,12,0.23131380343464625,0.27654436636410235,1005
2024-12-25,3.179663384202987,10,0.20279331919139046,0.2794457049394094,1005
2024-12-26,3.1486045211099842,7,0.2815469786394014,0.28127887650415284,1005
2024-12-27,3.177381360916687,10,0.22564141538089547,0.28177064215686143,1005
2024-12-28,3.219227859464953,10,0.13919307426198033,0.2817669725826356,1005
2024-12-29,3.160792102702567,7,0.14682525058869136,0.2828386235048487,1005
2024-12-30,3.2615906379429194,5,0.2715710885700362,0.28639994352108594,1005
2024-12-31,3.2617257757612026,14,0.10189138581359872,0.2928507497500766,1005
2025-01-01,3.3633217260834227,10,0.27140193112665306,0.301327240322362,1005
2025-01-02,3.2586462300553545,12,0.10861139254217027,0.31009983079259795,1005
2025-01-03,3.1106880483494757,11,0.2969763489457532,0.31735392127033346,1005
2025-01-04,3.094706720436833,16,0.23474652097688764,0.32188576624006837,1005
2025-01-05,3.118766161161763,14,0.2771423110732895,0.3234152585594009,1005
2025-01-06,3.0026922209351996,14,0.210453972039985,0.3224176814919246,1005
2025-01-07,3.1827680768032867,7,0.2514225333650998,0.3196646956058099,1005
2025-01-08,3.170571445395202,10,0.14539762598409875,0.31580001004824254,1005
2025-01-09,3.2673153634797507,11,0.20002024109565722,0.3111107549751056,1005
2025-01-10,3.3272142135661493,16,0.2468448008596298,0.30568462240878025,1005
2025-01-11,3.2216881684251066,14,0.3,0.29969718804950884,1005
2025-01-12,3.2260505919064975,18,0.3,0.2936908932082236,1005
2025-01-13,3.3356442046066483,10,0.3,0.28856549427197054,1005
2025-01-14,3.137972985314322,15,0.3,0.2852522927627701,1005
2025-01-15,3.1322362463309563,10,0.24961315912262755,0.284232335396486,1005
2025-01-16,3.1618159497429557,14,0.3,0.28512681242307275,1005
2025-01-17,3.280850272617159,14,0.3,0.28669230003460583,1005
2025-01-18,3.297399438023918,11,0.15871137119867293,0.2872520745099522,1005
2025-01-19,3.214770580976016,12,0.22468683813511425,0.28537218099049144,1005
2025-01-20,3.214889069227282,14,0.24344832551144596,0.28050498898296017,1005
2025-01-21,3.1505893503511953,10,0.3,0.27327189262936225,1005
2025-01-22,3.226445200639077,11,0.18418902354164532,0.2652833991389838,1005
2025-01-23,3.1064586921714774,11,0.29292106085319713,0.2585417169878975,1005
2025-01-24,3.171668168546875,6,0.3,0.25469291022306967,1005
2025-01-25,3.2688214314413657,15,0.1477664706525986,0.25446508572693083,1005
2025-01-26,3.2638050282814333,10,0.3,0.2574977740840111,1005
2025-01-27,3.1766411181960548,7,0.17824611316303077,0.2626703957613826,1005
2025-01-28,3.0875731302441802,9,0.157071341342399,0.2686499239643517,1005
2025-01-29,3.232565610492675,6,0.17793428786096904,0.27435335257274895,1005
2025-01-30,3.2706411415736243,11,0.08632945064911124,0.27911768241211865,1005
2025-01-31,3.217338068992262,10,0.3,0.2826324771636972,1005
2025-02-01,3.213889051671942,15,0.3,0.2848347998522754,1005
2025-02-02,3.1882898421128263,14,0.17094000999407008,0.28581586212061316,1005
2025-02-03,3.3239925923801112,10,0.09049619095654057,0.2857944813347786,1005
2025-02-04,3.095951444952706,7,0.240499598196495,0.2850574621272217,1005
2025-02-05,3.19642764688637,10,0.3,0.2839842092360017,1005
2025-02-06,3.1999365153555077,19,0.3,0.28310699589069976,1005
2025-02-07,3.2281123759005084,11,0.09701218060912035,0.2831561874572285,1005
2025-02-08,3.166785377302546,10,0.3,0.28483077421369446,1005
2025-02-09,3.151322633650309,12,0.29271363099342945,0.2883216473119025,1005
2025-02-10,3.1360331507838146,6,0.06349326625394479,0.2928936981020006,1005
2025-02-11,3.1213032603217417,2,0.16770714486459454,0.29690087784818775,1005
2025-02-12,3.321458489372248,10,0.19464951537167702,0.2984101294707157,1005
2025-02-13,3.061026895139467,12,0.3,0.29610511009267537,1005
2025-02-14,3.2719870849182606,7,0.1931142938645637,0.2899450271039509,1005
2025-02-15,3.318405706494239,22,0.3,0.28122819945925603,1005
2025-02-16,3.224740882730704,22,0.21023288401798423,0.272044993315689,1005
2025-02-17,3.2616693200308946,3,0.09627655800770334,0.2644789202097222,1005
2025-02-18,3.160596515252372,5,0.2634908573804392,0.2599543161210358,1005
2025-02-19,3.220274392147233,7,0.2837933961986077,0.25891428422036306,1005
2025-02-20,3.111006735094805,12,0.1587754385826721,0.26085130809728513,1005
2025-02-21,3.24972827968684,9,0.1327676206477998,0.2645627626319226,1005
2025-02-22,3.0768066502543303,25,0.18033732454162246,0.26854901821877375,1005
2025-02-23,3.2146488717973627,12,0.07246451982722003,0.27149098191492643,1005
2025-02-24,3.2375061683754534,12,0.19883683101882152,0.2727065857716635,1005
2025-02-25,3.264891842534464,9,0.3,0.2723768485390681,1005
2025-02-26,3.2688185583756844,10,0.1346888111482845,0.2714111404848449,1005
2025-02-27,3.1040117875975257,23,0.12306604015469687,0.2710477907287113,1005
2025-02-28,3.323669888506189,14,0.11770381479032634,0.2723538947301221,1005
2025-03-01,3.1829430172686153,20,0.18189356065241843,0.2758869929691822,1005
2025-03-02,3.253799185713483,11,0.3,0.28160624413999696,1005
2025-03-03,3.283782058486545,12,0.3,0.28902112147573744,1005
2025-03-04,3.158186710229325,18,0.05,0.297437633560677,1005
2025-03-05,3.2759032061241204,5,0.214344755965281,0.3062549293344497,1005
2025-03-06,3.181531455008821,12,0.3,0.31508122091234925,1005
2025-03-07,3.207209290716167,11,0.16083187125581552,0.32368047250567333,1005
2025-03-08,3.197788776907596,18,0.3,0.33180385794838496,1005
2025-03-09,3.1534402239676775,14,0.09315801002966065,0.3390113040282884,1005
2025-03-10,3.4222701689986623,18,0.14174570968262615,0.3447018469482345,1005
2025-03-11,3.1439267333255687,5,0.18591879827509217,0.3482810696938201,1005
2025-03-12,3.2557023522988633,12,0.19969655264369404,0.34942865596232975,1005
2025-03-13,3.0670386833636005,9,0.2630113111948472,0.34825265355483515,1005
2025-03-14,3.376060806642673,12,0.21113029386297424,0.34527529948620417,1005
2025-03-15,3.149988530330383,15,0.19821962724154557,0.34122673207040705,1005
2025-03-16,3.1954410965827225,23,0.196927862028401,0.33681216753742127,1005
2025-03-17,3.2132776135714134,7,0.15917218321324308,0.3325257434724343,1005
2025-03-18,3.1135948769492443,11,0.10292458044712692,0.32865001972945196,1005
2025-03-19,3.1670359120098848,10,0.3,0.32535840760274315,1005
2025-03-20,3.2079957882735473,10,0.17837222697056823,0.3228102009368005,1005
2025-03-21,3.298269778896496,9,0.27830251153018565,0.3211596390863536,1005
2025-03-22,3.126893519714218,15,0.1593563229165425,0.32046635886193825,1005
2025-03-23,3.258228030884738,18,0.21689612522261417,0.3205984265774682,1005
2025-03-24,3.190209604788043,5,0.21273683922871744,0.32115103644313825,1005
2025-03-25,3.3812789061762993,12,0.3,0.32147799817339395,1005
2025-03-26,3.2309665523082036,9,0.3,0.32081330960361076,1005
2025-03-27,3.424439367904395,15,0.10680113382609703,0.3185059659765606,1005
2025-03-28,3.2063141853872987,5,0.13409703476682477,0.31423185153778066,1005
2025-03-29,3.0636797744124062,14,0.16391032041311365,0.3080675094754308,1005
2025-03-30,3.150566332873158,23,0.1571305685597572,0.30039727250173476,1005
2025-03-31,3.2613428139586973,12,0.2544465175262733,0.29183267610497454,1005
2025-04-01,3.200044559968928,10,0.3,0.2831592799143977,1005
2025-04-02,3.1694269376625552,3,0.14073756232177778,0.27534158725374946,1005
2025-04-03,3.1675467454819515,16,0.1746169845697217,0.2694302546951653,1005
2025-04-04,3.0860564414338914,12,0.11582879304907469,0.26623041509156953,1005
2025-04-05,3.164598256192842,6,0.18102249964873474,0.2659926049697871,1005
2025-04-06,3.1644602920848213,23,0.15485117332338388,0.268287348005789,1005
2025-04-07,3.095442175508415,12,0.27687672819339426,0.2722586403573253,1005
2025-04-08,3.1427688174517883,12,0.13815402607207575,0.27699151601810545,1005
2025-04-09,3.2790065669414665,12,0.3,0.28183568155383787,1005
2025-04-10,3.1466519303032494,7,0.3,0.28646614076068044,1005
2025-04-11,3.2517113319133464,7,0.16528722615189206,0.29081023673601214,1005
2025-04-12,3.1867181976674885,16,0.23901884747605695,0.29491922395126535,1005
2025-04-13,3.1760644011473627,14,0.07994924064281596,0.2988653585467172,1005
2025-04-14,3.2588151425422804,9,0.1591193276960846,0.30263543460651765,1005
2025-04-15,3.1851520761396896,7,0.1217167737589771,0.30605639809183505,1005
2025-04-16,3.003090774217478,12,0.16437120110311823,0.30887093496177287,1005
2025-04-17,3.249123565722329,7,0.2918710863113385,0.31091270362797424,1005
2025-04-18,3.1969664793419588,9,0.11936395752885563,0.3122974406343498,1005
2025-04-19,3.2973017763471195,14,0.2607077694933518,0.3134279976102192,1005
2025-04-20,3.252175187316366,12,0.3,0.31474847528182176,1005
2025-04-21,3.17825066743874,3,0.19133292663650361,0.3163809452826829,1005
2025-04-22,3.1740179245676434,6,0.3,0.31786825415071784,1005
2025-04-23,3.2185367020756033,14,0.22359643964913647,0.3182306786974695,1005
2025-04-24,3.2319696204833726,10,0.1288492972562477,0.3163397606107508,1005
2025-04-25,3.139762037242137,14,0.23398970632046903,0.3114553350602328,1005
2025-04-26,3.259411359429271,16,0.15165260630628843,0.30367446443996776,1005
2025-04-27,3.1715827346791325,14,0.14085546791921624,0.2940085828632284,1005
2025-04-28,3.0560695297073233,11,0.1535999566708305,0.2840727222874896,1005
2025-04-29,3.1867134040576266,6,0.1151665730321435,0.2755063650216934,1005
2025-04-30,3.142589832834752,7,0.27351308323715084,0.26942388060286004,1005
2025-05-01,3.1012096613555253,5,0.11184986531078063,0.26620939337287286,1005
2025-05-02,3.2180239379000595,9,0.2631868308657591,0.26566604695924867,1005
2025-05-03,3.241688572595866,18,0.11198686390124094,0.2673820841273809,1005
2025-05-04,3.2290057281894478,19,0.3,0.27095144680703986,1005
2025-05-05,3.249600131217096,7,0.11451500540404251,0.2759896238202717,1005
2025-05-06,3.1800264876752684,12,0.27034062317229673,0.2819608403732118,1005
2025-05-07,3.078022407847161,15,0.16079724410851434,0.2880910496828164,1005
2025-05-08,3.287422715212541,15,0.057998890929448176,0.29347047875272686,1005
2025-05-09,3.132233162357617,10,0.13890964293031915,0.29733549238320434,1005
2025-05-10,3.315476369923261,20,0.08956033645959155,0.2993049765851005,1005
2025-05-11,3.2597186670670135,14,0.11246572158762988,0.299433011902903,1005
2025-05-12,3.2075415825426496,6,0.22795543295728857,0.2981196575110289,1005
2025-05-13,3.066344257273722,14,0.2287448219440202,0.29600274133348775,1005
2025-05-14,3.2102205413801865,10,0.1591909633234372,0.2939394065847661,1005
2025-05-15,3.2913504451833036,6,0.22651000288356718,0.2930043686440257,1005
2025-05-16,3.087662848845225,18,0.16539457644730152,0.2943056570912066,1005
2025-05-17,3.2170416570124925,10,0.12364325988254443,0.2985858256830507,1005
2025-05-18,3.28762636619133,18,0.3,0.30575661487353867,1005
2025-05-19,3.2343567522109398,9,0.11470921559720891,0.3146622084352675,1005
2025-05-20,3.1831432265812873,10,0.22773929143458188,0.32329955058730875,1005
2025-05-21,3.1990490202128745,9,0.24135322337951068,0.32941204941143853,1005
2025-05-22,3.250625681642785,11,0.3,0.3312320017108278,1005
2025-05-23,3.1720098135532946,11,0.1516094513896489,0.3280284693463804,1005
2025-05-24,3.336852194275988,14,0.1952022215081516,0.32035616977436165,1005
2025-05-25,3.130700866110201,16,0.28446292273262125,0.30996301204744664,1005
2025-05-26,3.178634779601348,12,0.10837872571756735,0.29939025779139783,1005
2025-05-27,3.261837021466653,12,0.24495099607317836,0.2913559022883306,1005
2025-05-28,3.274264015590433,5,0.09850614479138634,0.2879679730727214,1005
2025-05-29,3.249586478034532,14,0.15907522169257943,0.29002242514845156,1005
2025-05-30,3.174919492763991,7,0.15876619421667715,0.2966544851981181,1005
2025-05-31,3.138598231592402,12,0.3,0.3055787293431976,1005
2025-06-01,3.2127122097031986,14,0.2040396158849852,0.3138044321443472,1005
2025-06-02,3.253622869132002,5,0.14667286745261657,0.31862492450217766,1005
2025-06-03,3.2382931440314717,24,0.3,0.3184283658131123,1005
2025-06-04,3.263740135852515,9,0.16936433278075497,0.31314893309363434,1005
2025-06-05,3.3968105286591452,11,0.2073829381617633,0.3042451957794132,1005
2025-06-06,3.219781392692949,11,0.20860486463614722,0.2942244753196609,1005
2025-06-07,3.214831339513387,16,0.3,0.2858556324232076,1005
2025-06-08,3.2173225720993854,11,0.2071862603748057,0.28125814215680894,1005
2025-06-09,3.2301640549189585,10,0.21049806309225533,0.2812349706581283,1005
2025-06-10,3.2033391985679507,6,0.223361384507998,0.2851496488240134,1005
2025-06-11,3.1467014113980047,9,0.2401248925279819,0.29137987902035134,1005
2025-06-12,3.2094688788393655,11,0.3,0.2980767831841541,1005
2025-06-13,3.2515337790926733,9,0.20224583894446874,0.3038220026970137,1005
2025-06-14,3.2207649345692664,11,0.23528191428996836,0.30784831572363125,1005
2025-06-15,3.1884315485249117,12,0.20372785998211546,0.30987973328039287,1005
2025-06-16,3.267110364502649,11,0.2739989212414584,0.30984064163644787,1005
2025-06-17,3.111199688308295,19,0.2571028908853572,0.30768957149097803,1005
2025-06-18,3.1954343993367624,6,0.1525190073004058,0.3034839985035582,1005
2025-06-19,3.165857595577922,5,0.15420560479740578,0.2975226447769394,1005
2025-06-20,3.2415294459084913,12,0.10875060424966736,0.29041493160226517,1005
2025-06-21,3.0010090267292284,19,0.20732402423169288,0.2829984778842135,1005
2025-06-22,3.174160574778715,25,0.3,0.2761611315447191,1005
2025-06-23,3.340032578016322,15,0.09469671502337848,0.27067449573612634,1005
2025-06-24,3.2009788590961707,7,0.2665575712694879,0.26709644818714007,1005
2025-06-25,3.161795850928402,15,0.10380338176024553,0.26570324978542537,1005
2025-06-26,3.2706193961965337,12,0.3,0.2664968907982612,1005
2025-06-27,3.1988832304085557,10,0.2577739736847,0.2692024044203114,1005
2025-06-28,3.10811007853791,19,0.17613091579730658,0.27333962511270793,1005
2025-06-29,3.1367360230713452,14,0.08589786453109738,0.2782907068436976,1005
2025-06-30,3.155526352801817,5,0.20512406124571383,0.2833226344062895,1005
2025-07-01,3.1952714655036982,10,0.3,0.28765447672782507,1005
2025-07-02,3.0984852383999772,6,0.1901832743082412,0.290574548107874,1005
2025-07-03,3.2636038184786824,18,0.18782896624836928,0.2916593591904928,1005
2025-07-04,3.1588567277386908,10,0.23230925829436877,0.2909414654197581,1005
2025-07-05,3.196918697249452,25,0.1132391329290227,0.288958330579991,1005
2025-07-06,3.29233578415286,10,0.22761631106472202,0.28664413846112274,1005
2025-07-07,3.2286848459229835,5,0.15688214536722858,0.28513865071813205,1005
2025-07-08,3.2077218526839966,15,0.23730000494054018,0.28544815766073495,1005
2025-07-09,3.1434823305034203,15,0.23306303940961304,0.28809467307268966,1005
2025-07-10,3.1251216992114275,14,0.1787387080360892,0.29280078665541065,1005
2025-07-11,3.065589359625331,14,0.22302852292119263,0.29849023520053275,1005
2025-07-12,3.02575767817695,12,0.22816708665181515,0.3036934360303945,1005
2025-07-13,3.0120979327359367,18,0.3,0.3071577129980662,1005
2025-07-14,3.2466585971854856,18,0.05320492167911847,0.3083052883080749,1005
2025-07-15,3.0080961198936635,12,0.25693225824515437,0.30726522142765633,1005
2025-07-16,3.121062460215926,10,0.21961965374252584,0.30457947622536397,1005
2025-07-17,3.1547135944759495,11,0.05,0.30092891992742393,1005
2025-07-18,3.2355023640458813,10,0.3,0.29708192790158655,1005
2025-07-19,3.1293755163009362,22,0.23378160188732522,0.2939807418541662,1005
2025-07-20,3.2012628540409898,9,0.20578308979979093,0.2926923857136699,1005
2025-07-21,3.1438917438238385,5,0.15217800523384828,0.29400078572214816,1005
2025-07-22,3.2861298888854806,5,0.07308213136148312,0.2978797669955761,1005
2025-07-23,3.2234922404440516,11,0.16702914255557716,0.30324688694298657,1005
2025-07-24,3.1697206671721605,10,0.21188854669038681,0.3083717637863762,1005
2025-07-25,3.1336015149322147,6,0.12779272858773674,0.31178150601263127,1005
2025-07-26,3.2959639062820494,15,0.2587506365624739,0.3130791369244428,1005
2025-07-27,3.116649790722447,23,0.23511652513716347,0.31313554411372996,1005
2025-07-28,3.1649589513079084,12,0.19753689615236078,0.31339764520085556,1005
2025-07-29,3.23052269512292,22,0.1085667874248133,0.31482107584527097,1005
2025-07-30,3.226147016730959,15,0.19298147972513002,0.3171143573839645,1005
2025-07-31,3.2932835863476106,16,0.10086642329138913,0.3188234225696144,1005
2025-08-01,3.257906218338225,12,0.17534019698060951,0.3181452432941666,1005
2025-08-02,3.1719648876939717,19,0.19698677826716057,0.31396286152441955,1005
2025-08-03,3.1483261826795927,14,0.1205558154952683,0.3064144722447475,1005
2025-08-04,3.1525178274774746,6,0.1181709033626944,0.2968070757147748,1005
2025-08-05,3.1614865126255633,19,0.1727026305756593,0.2870391001463478,1005
2025-08-06,3.288817020308789,11,0.155852470103208,0.27892300651948,1005
2025-08-07,3.2472661750169403,5,0.14340624387289472,0.27369327477110617,1005
2025-08-08,3.1570542059709625,7,0.22369598625847945,0.2717936322878311,1005
2025-08-09,3.190990926754889,12,0.06871398547509379,0.27286436369021005,1005
2025-08-10,3.224635789338628,12,0.19995321287248902,0.27591830190061234,1005
2025-08-11,3.159265047724628,6,0.22739040678303393,0.27966063716229034,1005
2025-08-12,3.0565426332873304,9,0.17744038256944678,0.2829155508906752,1005
2025-08-13,3.1642121635270324,5,0.22631901510806857,0.2849929114763595,1005
2025-08-14,3.2367868821259873,9,0.05,0.2858022282090021,1005
2025-08-15,3.4029982399139183,11,0.3,0.2857668641046734,1005
2025-08-16,3.244676735537906,14,0.23450263346550462,0.2856040801945811,1005
2025-08-17,3.201122446416993,11,0.16225540494769683,0.28604112214998634,1005
2025-08-18,3.205142611729533,11,0.3,0.28758663040860083,1005
2025-08-19,3.2508350531434993,10,0.15799848638097186,0.29036096130640093,1005
2025-08-20,3.1664873855639564,14,0.19297317611166373,0.29410812343864223,1005
2025-08-21,3.214808652045269,12,0.20559757779003487,0.2983312151460076,1005
2025-08-22,3.3220539142787153,10,0.28831825684050777,0.30256195390327545,1005
2025-08-23,3.1753012796921496,11,0.3,0.30649756272653406,1005
2025-08-24,3.2136500482212895,11,0.2898928736141808,0.3099658582957606,1005
2025-08-25,3.1674100365072766,18,0.11522086152942448,0.3127679841255828,1005
2025-08-26,3.2256609414732837,12,0.11886972214248218,0.31451559309315,1005
2025-08-27,3.2257946104574966,15,0.22953284740424174,0.3146780823793632,1005
2025-08-28,3.217093969923695,11,0.295518941177094,0.3128208728251388,1005
2025-08-29,3.294027967226575,10,0.2141641489361493,0.3089262311883979,1005
2025-08-30,3.1680245049231566,24,0.13292264436594234,0.3035508602312097,1005
2025-08-31,3.2211416294635535,25,0.24428655162024074,0.2977038666642712,1005
2025-09-01,3.2531703598557136,7,0.3,0.292414186038361,1005
2025-09-02,3.314145436496177,3,0.24503513465611693,0.2883031385398783,1005
2025-09-03,3.238992695494965,10,0.2786749130069166,0.2854445953861367,1005
2025-09-04,3.2238359378406063,15,0.19424012612866498,0.28355383568654074,1005
2025-09-05,3.2395128071707915,9,0.2856151902430252,0.2823348022224247,1005
2025-09-06,3.1933701261781655,15,0.14775845116673025,0.2816087816446341,1005
2025-09-07,3.156027932050739,24,0.14852996197737053,0.28116871264245874,1005
2025-09-08,3.091959550962175,14,0.14541655150359079,0.28060356962730193,1005
2025-09-09,3.2370937616047764,15,0.05339585164551569,0.27932743039863894,1005
2025-09-10,3.124452987904677,14,0.15875533586797236,0.27689474324198315,1005
2025-09-11,3.2345310892928993,9,0.3,0.2733578222895245,1005
2025-09-12,3.28516993097094,7,0.08535661175563765,0.26928477932003414,1005
2025-09-13,3.182199086489314,16,0.24299080225207323,0.2654908449062956,1005
2025-09-14,3.4077120087917026,14,0.2669313514691391,0.26265514518571004,1005
2025-09-15,3.107470540218032,10,0.3,0.2611863722345611,1005
2025-09-16,3.0799063158081164,10,0.2121084249585144,0.26129342594605565,1005
2025-09-17,3.172092910688485,9,0.2196753039810265,0.26308512281879515,1005
2025-09-18,3.2792438398156762,9,0.15331586082744408,0.26653583576599765,1005
2025-09-19,3.2157970317307134,18,0.11169694326110921,0.271381016389242,1005
2025-09-20,3.246771113631212,2,0.05353946477890099,0.2771894715032053,1005
2025-09-21,3.1748013470555967,14,0.14001870228602,0.28357321018157733,1005
2025-09-22,3.279873891479902,9,0.17128451492363178,0.2903882753482113,1005
2025-09-23,3.1504760817059148,5,0.21962616223221307,0.29765402497904325,1005
2025-09-24,3.2497276740425964,7,0.2267910218434177,0.3052453855887747,1005
2025-09-25,3.0879261592176688,10,0.08041791254022683,0.31265959410162153,1005
2025-09-26,3.2736980218319736,12,0.12180470796931413,0.31912412939114926,1005
2025-09-27,3.3111674109067,18,0.1890541605768934,0.32394880779134205,1005
2025-09-28,3.343193556639854,16,0.1053782012731934,0.32683098284588946,1005
2025-09-29,3.194343401104081,9,0.27425625113934754,0.3278677309447825,1005
2025-09-30,3.2836486138105276,10,0.10794304647726223,0.32724684482241584,1005
2025-10-01,3.1691653188086653,7,0.3,0.3249769383696741,1005
2025-10-02,3.162431107166416,10,0.158242639758049,0.3208942257770411,1005
2025-10-03,3.249341441397202,3,0.3,0.31506369999053796,1005
2025-10-04,3.2523130695616063,19,0.21618302169959083,0.30824783035923975,1005
2025-10-05,3.2066961060754475,10,0.14325318240665386,0.30201466906852625,1005
2025-10-06,3.1918708656284664,10,0.2301654272891049,0.2981816663827703,1005
2025-10-07,3.1459681368757892,14,0.1254091051677247,0.29791942979173314,1005
2025-10-08,3.201849866735206,11,0.3,0.30109381465670215,1005
2025-10-09,3.066604286860021,11,0.10748700545962155,0.3063552995834249,1005
2025-10-10,3.2441495093794344,10,0.3,0.31196533466674103,1005
2025-10-11,3.2277516352593283,18,0.2885358925982689,0.31674807109051817,1005
2025-10-12,3.2141758747125473,15,0.09343423188476269,0.320540038843262,1005
2025-10-13,3.3224907632689202,9,0.3,0.3238690822745919,1005
2025-10-14,3.438909771479625,9,0.2686351035090833,0.32721989390701967,1005
2025-10-15,3.215130347995494,5,0.23054620759804414,0.33045118216658076,1005
2025-10-16,3.205370831541059,11,0.19825216180449404,0.33269057186808104,1005
2025-10-17,3.2362440973668227,15,0.14579508842020264,0.3327304535591018,1005
2025-10-18,3.164712374036312,22,0.09340718547929187,0.32965086246392405,1005
2025-10-19,3.141403395294061,12,0.2476897287455266,0.32335888173558214,1005
2025-10-20,3.0160615916990534,9,0.16330379730215583,0.3148309544329821,1005
2025-10-21,3.1918456769091494,5,0.297096204395858,0.3059139912020975,1005
2025-10-22,3.21197233465993,19,0.14956603122313739,0.2987338870299545,1005
2025-10-23,3.258521777784017,10,0.1763940322013422,0.29493194410762635,1005
2025-10-24,3.184660387734607,15,0.3,0.295061437797488,1005
2025-10-25,3.1102743142784983,19,0.10295347735187939,0.29845652877343565,1005
2025-10-26,3.3796799888873923,23,0.08880852734006067,0.3035482973145004,1005
2025-10-27,3.1745428464436034,15,0.07805874426452843,0.3085178014737505,1005
2025-10-28,3.152163242523522,5,0.19708916865113307,0.31187132846215704,1005
2025-10-29,3.2825516000622326,15,0.3,0.3128296940757329,1005
2025-10-30,3.127795360156538,15,0.142478504197601,0.3113906581990918,1005
2025-10-31,3.224984344238505,16,0.1228738440929095,0.3081606651611777,1005
2025-11-01,3.2083413177624887,11,0.24525552445951204,0.3040271032029055,1005
2025-11-02,3.1241196428690046,12,0.22574993511425642,0.2998393682106977,1005
2025-11-03,3.256861386708703,9,0.07874847561592802,0.2961824393032857,1005
2025-11-04,3.2329696091061346,11,0.3,0.29329848041116124,1005
2025-11-05,3.155422276911836,11,0.2490598722634475,0.2911157254611101,1005
2025-11-06,3.1140371383579466,9,0.3,0.2893302732289854,1005
2025-11-07,3.1689034457657557,14,0.12074195833136521,0.28757090538932467,1005
2025-11-08,3.1896720973148556,14,0.23340622007436937,0.28560371618202524,1005
2025-11-09,3.2095767258351993,15,0.16379751769303608,0.2835183650391624,1005
2025-11-10,3.1587074936230595,7,0.2155547137446339,0.28180482135823437,1005
2025-11-11,3.1617408404585414,23,0.26231347121320825,0.2811796214464032,1005
2025-11-12,3.3085996325322182,11,0.12544359665429566,0.2823041022294057,1005
2025-11-13,3.099001531915421,11,0.1810277996005529,0.28552543901217187,1005
2025-11-14,3.131716133674391,6,0.1262675744807411,0.2907663412481865,1005
2025-11-15,3.2163689266815356,19,0.16956738125154755,0.2975274167910135,1005
2025-11-16,3.3278519457287534,11,0.11357875231666152,0.30493731990833556,1005
2025-11-17,3.3089548537773346,14,0.07563186906529819,0.31182338721021885,1005
2025-11-18,3.1324357357316592,11,0.05,0.3168944504769775,1005
2025-11-19,3.1908414898918003,7,0.2732285213112083,0.3190575225921793,1005
2025-11-20,3.345957987958766,12,0.20269636361753204,0.3178056185608927,1005
2025-11-21,3.0904743949061233,3,0.24039032932352467,0.31339204530949016,1005
2025-11-22,3.203606627684245,18,0.2495818386712018,0.30671092586332593,1005
2025-11-23,3.170902697603079,11,0.2638906254292578,0.2988825286550211,1005
2025-11-24,3.1129330129323813,14,0.2889507341813512,0.29089765767716946,1005
2025-11-25,3.182598778652119,14,0.18638416968392177,0.28351541796785124,1005
2025-11-26,3.0405630260626464,9,0.16576609965955164,0.2773596609484243,1005
2025-11-27,3.259843525258942,12,0.3,0.27305868479518325,1005
2025-11-28,3.2041240087155884,11,0.20403580233585758,0.2711704692176129,1005
2025-11-29,3.304817947996845,10,0.19904449886639933,0.27195009224793376,1005
2025-11-30,3.0794926541773755,16,0.11593619214799775,0.2751660424797979,1005
2025-12-01,3.307093899510068,11,0.3,0.2801047994420694,1005
2025-12-02,3.3983623881894567,10,0.0561660466867338,0.28576916353829035,1005
2025-12-03,3.137628419808523,7,0.07702412948256161,0.29120481240953366,1005
2025-12-04,3.145914833899062,7,0.2824751149101022,0.29573500246939666,1005
2025-12-05,3.291016033019745,10,0.13540583124882047,0.29905669103087074,1005
2025-12-06,3.1321626629639963,12,0.1559933475511626,0.3011716318396206,1005
2025-12-07,3.1815356576905143,24,0.12720790533526197,0.3021876271801339,1005
2025-12-08,3.104051072724258,9,0.2734832728575237,0.302153785948997,1005
2025-12-09,3.239777657014851,6,0.17628131157171556,0.30101804591916126,1005
2025-12-10,3.2326599659807465,3,0.14091538624399189,0.29879464930962424,1005
2025-12-11,3.274721975527752,10,0.27361752714073173,0.29579850433451316,1005
2025-12-12,3.276880336349667,7,0.15033221296161678,0.29279461689962394,1005
2025-12-13,3.1727513365820372,11,0.16767200597939613,0.2909267655498527,1005
2025-12-14,3.1691877745813946,15,0.3,0.2913928854013094,1005
2025-12-15,3.1537497979493216,11,0.1628408830738005,0.29494956259412336,1005
2025-12-16,3.356201280515162,9,0.25549788812172963,0.30145999980735705,1005
2025-12-17,3.1930152697466374,11,0.12144249692304292,0.3097585726642891,1005
2025-12-18,3.2377514614210425,14,0.20911539664032902,0.31794272453838696,1005
2025-12-19,3.313698177849947,9,0.09606692614937246,0.3239991469600439,1005
2025-12-20,3.1864378274212477,20,0.07485667961572745,0.32649937591584527,1005
2025-12-21,3.1101579436764366,11,0.26406406977115415,0.3250782147766886,1005
2025-12-22,3.144399627633664,6,0.15865598497983271,0.32051846410556095,1005
2025-12-23,3.2446855866509887,10,0.2959043370657249,0.31448864629825946,1005
2025-12-24,3.2391655983544356,10,0.1891227274229317,0.3089604458454206,1005
2025-12-25,3.2494409056884717,7,0.21686468246282722,0.3055625732133581,1005
2025-12-26,3.342935690140277,18,0.2798183517838137,0.3050851872476775,1005
2025-12-27,3.166531321928296,22,0.22099561188946282,0.3073978505919848,1005
2025-12-28,3.212497937931136,10,0.16090743187163564,0.31171295171766666,1005
2025-12-29,3.150697241680262,3,0.22852732146834642,0.3170068428937538,1005
2025-12-30,3.225727625383086,15,0.1583322269372753,0.3223012303518571,1005
2025-12-31,3.2658405679583202,15,0.22199938296713537,0.3266664662233414,1005
2026-01-01,3.2259391614442516,11,0.2441436714522239,0.3291777384659225,1005
2026-01-02,3.2581777044067795,10,0.3,0.3289825529782907,1005
2026-01-03,3.3156930167396297,22,0.1307866744340739,0.3255687232181461,1005
2026-01-04,3.175550673938372,12,0.20696435865815702,0.31901514277595544,1005
2026-01-05,3.130211053434594,14,0.08487743521022928,0.3100674496541795,1005
2026-01-06,3.2613137487483312,2,0.13560457047143906,0.2999590599712335,1005
2026-01-07,3.252647731075893,15,0.3,0.29003626428824,1005
2026-01-08,3.2487312104156514,11,0.15805146515549545,0.281384256933483,1005
2026-01-09,3.2018438584627322,11,0.3,0.27461617306563224,1005
2026-01-10,3.0963189711934165,15,0.25399900033466843,0.2698706368253696,1005
2026-01-11,3.1997256874923394,20,0.18163539539066662,0.26695783312501714,1005
2026-01-12,3.1952958290548317,10,0.17339126467786847,0.2655286799015889,1005
2026-01-13,3.243195596463865,12,0.28638667390623646,0.2651774306233635,1005
2026-01-14,3.2470694485362537,11,0.2752534867837181,0.26551786670315514,1005
2026-01-15,3.166160033040848,9,0.2827663257435468,0.26627414007910677,1005
2026-01-16,3.1487742929537323,10,0.13963575363321146,0.267419904810262,1005
2026-01-17,3.1108807443768067,18,0.11640470143972863,0.2692258710604129,1005
2026-01-18,3.258542245240956,20,0.15723411621764088,0.27209758103548654,1005
2026-01-19,3.1384254488680887,12,0.09659145130031145,0.27629637930169226,1005
2026-01-20,3.270614484684251,12,0.17958225092534585,0.28166678634178854,1005
2026-01-21,3.166796968930861,5,0.15496424571971587,0.2875652900770169,1005
2026-01-22,3.27520709636633,18,0.3,0.2930748830285625,1005
2026-01-23,3.1703845184265322,7,0.169327525316411,0.2973715507362381,1005
2026-01-24,3.159581391266945,19,0.2150794572550603,0.30008513390388125,1005
2026-01-25,3.221076359945878,18,0.20705596733368584,0.3015266603085996,1005
2026-01-26,3.0826142599540285,16,0.2978612520740766,0.30260806371158555,1005
2026-01-27,3.2086215401557303,9,0.12396288546910827,0.3045361567684426,1005
2026-01-28,3.1123611136357336,9,0.29143453494925237,0.30830410179479256,1005
2026-01-29,3.24040037717846,11,0.1169252635659699,0.3142465043933015,1005
2026-01-30,3.020501774311442,9,0.1587734934233928,0.3218070410638092,1005
2026-01-31,3.1514872520979984,18,0.14861482059806874,0.3296746235492817,1005
2026-02-01,3.2789840891345814,15,0.15286646848945237,0.33619143845856947,1005
2026-02-02,3.1075783801543952,16,0.1434403600475449,0.3398542862126992,1005
2026-02-03,3.3672356709375775,5,0.15977297542397995,0.3397053466272183,1005
2026-02-04,3.1864713891571887,15,0.16987932536761996,0.3355273389861425,1005
2026-02-05,3.122220276458451,16,0.1071857523531757,0.3278656906011756,1005
2026-02-06,3.2167531617531107,7,0.12437665334778897,0.31791332622568413,1005
2026-02-07,3.3708882474519486,19,0.3,0.30722743717441153,1005
2026-02-08,3.210464849408619,12,0.2436216611879133,0.2973082649532749,1005
2026-02-09,3.0590056245980515,16,0.11074649912566069,0.28919077769333723,1005
2026-02-10,3.225928376138259,9,0.17404719089695952,0.2831689036840451,1005
2026-02-11,3.1979552764273786,7,0.16695434604541437,0.2788746218131369,1005
2026-02-12,3.145485957731794,3,0.1831690273557078,0.27563407268155093,1005
2026-02-13,3.33770527298043,5,0.3,0.2728743713482117,1005
2026-02-14,3.2244802632237204,18,0.3,0.270407188552943,1005
2026-02-15,3.306467187174201,14,0.2886309222787511,0.26836192104062695,1005
2026-02-16,3.1173458538688195,10,0.3,0.266895329922462,1005
2026-02-17,3.1058788599358054,11,0.21820705160937487,0.2659219979974493,1005
2026-02-18,3.1600962521547244,11,0.1929050752997053,0.26505815104719793,1005
2026-02-19,3.2847272102185165,10,0.11616780105737703,0.26388764254382463,1005
2026-02-20,3.1881622791897906,10,0.15515928440825436,0.2623557548616613,1005
2026-02-21,3.215954197261968,14,0.252920354683701,0.26096720002467466,1005
2026-02-22,3.1495514987253146,15,0.1380179706067818,0.26066200545701435,1005
2026-02-23,3.274157742066226,11,0.16435724591172296,0.2623503133258929,1005
2026-02-24,3.1599488701237965,11,0.2955609265145316,0.26642194353088317,1005
2026-02-25,3.0031273587923173,10,0.1431508583470108,0.2724437769663614,1005
2026-02-26,3.123354301008339,11,0.18164000039372702,0.27926175309449053,1005
2026-02-27,3.20266358471678,5,0.13556870624786638,0.28536439631645427,1005
2026-02-28,3.0983720626446813,7,0.21954264798175646,0.28943015265135497,1005
2026-03-01,3.1619466732924173,22,0.22876670341836994,0.2908120300081697,1005
2026-03-02,3.1494416049590854,9,0.08784390297172616,0.28976707541002933,1005
2026-03-03,3.174124042695857,14,0.14114843406027572,0.28735613493078976,1005
2026-03-04,3.2599988709068994,7,0.23926247719767268,0.28503711908791374,1005
2026-03-05,3.221906933022656,11,0.23467673959210997,0.2841428666515149,1005
2026-03-06,3.1486328472291505,9,0.08613039491457541,0.28543912889657586,1005
2026-03-07,3.231943521129548,22,0.11691294553339286,0.2889758524658735,1005
2026-03-08,3.153880034212937,10,0.2221062286419202,0.29418641248158484,1005
2026-03-09,3.320289641899568,11,0.10535132353952568,0.3001848410304645,1005
2026-03-10,3.1718464409429603,9,0.29695684589296356,0.3060410380528267,1005
2026-03-11,3.1924640672748095,12,0.10559224110428374,0.3109744785231517,1005
2026-03-12,3.237701749836524,10,0.20398588826968078,0.31442175338410583,1005
2026-03-13,3.2948162336307574,11,0.13992808917830127,0.3160548800212234,1005
2026-03-14,3.182479148254439,23,0.13923892681148622,0.31579076175381415,1005
2026-03-15,3.3013812565250347,7,0.15002722709101513,0.3137857690349054,1005
2026-03-16,3.1945793438498957,16,0.2553988777143258,0.3103748484801256,1005
2026-03-17,3.1148684857904363,11,0.1786658117735714,0.3059986960454912,1005
2026-03-18,3.1524227901680155,9,0.3,0.30114341175663056,1005
2026-03-19,3.127392351573163,9,0.2069309811922698,0.2962654832451327,1005
2026-03-20,3.323537593410789,11,0.25369833162022065,0.2917307381561359,1005
2026-03-21,3.1935019270374467,18,0.16465252932639932,0.2877764516152672,1005
2026-03-22,3.1965468510019805,16,0.10557690544551321,0.2845618552435563,1005
2026-03-23,3.053565587861256,10,0.20602767934301086,0.282267653525336,1005
2026-03-24,3.254026903151749,12,0.10629151362992384,0.28115554484857674,1005
2026-03-25,3.1753744241382993,2,0.092012229604066,0.28150501467326156,1005
2026-03-26,3.1156723542094023,7,0.2127733399807241,0.283466590056916,1005
2026-03-27,3.4601024303693606,12,0.08965703537121154,0.2869668299151247,1005
2026-03-28,3.2635785652832543,15,0.10602540584999101,0.29173268719360074,1005
2026-03-29,3.249369041786495,14,0.05619657904724059,0.2974234424245184,1005
2026-03-30,2.9677488476347973,6,0.0867077449235237,0.3036929443164735,1005
2026-03-31,3.152695153128396,12,0.09080002261450534,0.31020340772106114,1005
2026-04-01,3.1471015914393514,11,0.1351787694015924,0.31657036809889766,1005
2026-04-02,3.1958098308759992,10,0.21682686018881855,0.3223838257330446,1005
2026-04-03,3.254211694258992,12,0.20521608653265266,0.3272417003103927,1005
2026-04-04,3.3116133331693343,18,0.3,0.3307977845516883,1005
2026-04-05,3.07845339088165,12,0.20331999631678957,0.33277500369106816,1005
2026-04-06,3.1179066382890053,12,0.1741261183296597,0.3330627465832837,1005
2026-04-07,3.2027673261108087,2,0.16515784354886665,0.331799957179866,1005
2026-04-08,3.0609876493989177,10,0.11513904095064399,0.32937525002841134,1005
2026-04-09,3.1672227353268085,11,0.23596313057237533,0.3262563215969471,1005
2026-04-10,3.359484900789097,7,0.12361494976388403,0.3226950530905247,1005
2026-04-11,2.9807133950477795,14,0.07796567896200078,0.31858105315373836,1005
2026-04-12,3.1960677088914458,14,0.2346150953131674,0.3135640960640435,1005
2026-04-13,3.1339119094325745,15,0.20349397460053564,0.3074142867326474,1005
2026-04-14,3.2087759747372986,14,0.12570913717910215,0.3003571960610838,1005
2026-04-15,3.284206857297795,14,0.24736975239579648,0.293111362052183,1005
2026-04-16,3.0962750638567935,6,0.25228023530963417,0.2866370927344553,1005
2026-04-17,3.2026388922496456,14,0.24160214930757226,0.28173095555020605,1005
2026-04-18,2.971721518792134,16,0.115249739175115,0.27882478892608153,1005
2026-04-19,3.2680721801518344,12,0.1235662789752461,0.2779969352614869,1005
2026-04-20,3.2514641068029677,7,0.3,0.2791674931381847,1005
2026-04-21,3.1622201997584845,11,0.11332499572073654,0.2822150942134019,1005
2026-04-22,3.249770442925668,10,0.1250128097383987,0.2868978942895655,1005
2026-04-23,3.1648035841096065,15,0.2222206942311074,0.2926408556541201,1005
2026-04-24,3.1900141689633945,7,0.15347832069621142,0.298471080325845,1005
2026-04-25,3.2529548053586135,20,0.05,0.3031843455816291,1005
2026-04-26,3.1279868382638893,14,0.0939623702711787,0.3057758969383156,1005
2026-04-27,3.283265191497837,9,0.26293113084879055,0.3058271646993165,1005
2026-04-28,3.252551742928565,7,0.3,0.3036558117687915,1005
2026-04-29,3.0861273093714243,7,0.13069198209292482,0.3001330857469662,1005
2026-04-30,3.2700683292751327,3,0.19040750200214865,0.2963285925118482,1005
2026-05-01,3.214291063335064,12,0.29832261548629585,0.2931010193850598,1005
2026-05-02,3.0583643950934514,15,0.18504045278031728,0.2908025772294267,1005
2026-05-03,3.14793861149881,10,0.17932025993764333,0.2891910854580715,1005
2026-05-04,3.1835756145908554,14,0.12463429108043254,0.28761746785692854,1005
2026-05-05,3.245892852940502,18,0.22640190198429264,0.2854494875381726,1005
2026-05-06,3.2078322707499236,7,0.13272758168922108,0.28251072077535744,1005
2026-05-07,3.1925340221566927,7,0.24274599356318008,0.2793167129199927,1005
2026-05-08,3.2892769099893924,12,0.18406205251768018,0.27691622262474097,1005
2026-05-09,3.1745230697730498,12,0.07436954866253058,0.27641912695828147,1005
2026-05-10,3.249977817690478,16,0.17342349177977373,0.27852126246887965,1005
2026-05-11,3.0413877390721313,10,0.18225758098302214,0.2831867627070673,1005
2026-05-12,3.282594567874425,15,0.2997753945061144,0.2896686952227957,1005
2026-05-13,3.0767545165477053,7,0.1290413527589588,0.296754418138676,1005
2026-05-14,3.1834204650928437,9,0.17108023464187574,0.30322951139712473,1005
2026-05-15,3.2512227336370074,7,0.1775370155671998,0.308311680120548,1005
2026-05-16,3.2280726073677086,19,0.22548205837057583,0.3118966040838243,1005
2026-05-17,3.204754927583629,23,0.3,0.3144523254806054,1005
2026-05-18,3.1904572513147644,14,0.22946070106648203,0.31661319922842357,1005
2026-05-19,3.2815736049587327,5,0.16876135414539928,0.31872409371001514,1005
2026-05-20,3.374591977535847,19,0.14276703885039294,0.32066451643259797,1005
2026-05-21,3.181385156629707,7,0.21239321208799197,0.3220253022914621,1005
2026-05-22,3.2990618032620183,10,0.11800609906732595,0.32254357609844614,1005
2026-05-23,3.2193305527044567,16,0.15397679678904508,0.3224571402366866,1005
2026-05-24,3.1811847343588653,11,0.2367505619848965,0.3225088264515746,1005
2026-05-25,3.191897934638092,12,0.3,0.3235505956352888,1005
2026-05-26,3.279042013788783,16,0.24335894594566312,0.32599054173902076,1005
2026-05-27,3.2618381434387276,10,0.3,0.3294306304506762,1005
2026-05-28,3.1767841117653886,12,0.19617383423455528,0.3326780682280597,1005
2026-05-29,3.37626108628858,5,0.2153042450822202,0.33417711163616004,1005
2026-05-30,3.1944672911132166,18,0.22478449253331492,0.3326332728861592,1005
2026-05-31,3.130477680116549,10,0.2555281297700582,0.32753918716732033,1005
2026-06-01,3.2212217026694936,15,0.3,0.3193997556725956,1005
2026-06-02,3.07184735479998,12,0.1543905640648257,0.30958770578250056,1005
2026-06-03,3.21434843825157,10,0.3,0.29991281754346694,1005
2026-06-04,3.1651636812931945,6,0.288677519866834,0.29204849724593235,1005
2026-06-05,3.396450731711649,7,0.19613492253060885,0.2870945342199048,1005
2026-06-06,3.1437148844930087,14,0.18716794437630302,0.2853949666109235,1005
2026-06-07,3.1825898567648885,11,0.15635941912464627,0.2866254589746977,1005
2026-06-08,3.2554952236402235,11,0.12267178828380809,0.29006123070786943,1005
2026-06-09,3.2427338741571647,9,0.1512412637375773,0.29488240852821446,1005
2026-06-10,3.348907945414745,15,0.05299099847614261,0.30033487776074314,1005
2026-06-11,3.183535862733928,10,0.13187813919691835,0.3058061418517153,1005
2026-06-12,3.1370062072802876,5,0.2700625493966504,0.3108735965892965,1005
2026-06-13,3.1358421272271904,10,0.11151958453720474,0.31535960486177206,1005
2026-06-14,3.13238353104467,6,0.08606773484760558,0.3193447370479133,1005
2026-06-15,3.4501526873016366,14,0.3,0.32307845809101354,1005
2026-06-16,3.2446771730443396,14,0.3,0.3267598102499735,1005
2026-06-17,3.2093863635756725,6,0.2282824781580809,0.3304035062252691,1005
2026-06-18,3.2876905656505686,7,0.10214692634077485,0.33385550008136494,1005
2026-06-19,3.1424299085520326,5,0.1711939541798869,0.3369122666149096,1005
2026-06-20,3.2530013756800567,22,0.29004546997364317,0.3394040367875246,1005
2026-06-21,3.2260952980746405,22,0.24675946306710922,0.34110787473914417,1005
2026-06-22,3.189628174108998,2,0.23011844998319303,0.34163502755697295,1005
2026-06-23,3.4320846512233363,9,0.3,0.34043712560683465,1005
2026-06-24,3.2540860391363906,7,0.1423788385072335,0.33707076978889694,1005
2026-06-25,3.176737500943034,5,0.3,0.33158300291505877,1005
2026-06-26,3.115724024680061,5,0.16490068043890876,0.32473678659781324,1005
2026-06-27,3.0611569632895526,12,0.27114204578003337,0.31782640573516796,1005
2026-06-28,3.203812666696455,12,0.20822379799404253,0.3121470577656744,1005
2026-06-29,3.2451961718176965,14,0.3,0.3084231782174588,1005
2026-06-30,3.1713750173682858,6,0.2560107495209462,0.3065552799150858,1005
2026-07-01,3.228728039682169,15,0.19585753648100587,0.30590056019365464,1005
